0,WFAgent6,MALE_YOUNG,136,140.29924840141857,1591,0.0
0,WFAgent7,OLD_HIGH_INCOME,71,69.54937368490145,0,0.0
0,WFAgent8,FEMALE_YOUNG,129,138.17691725708536,140,138.16040272253136
0,WFAgent9,MALE_YOUNG_HIGH_INCOME,30,30.379891688393343,499,0.0
0,SIAgent0,MALE_OLD_LOW_INCOME,104,101.27765302836207,1867,0.0
0,WFAgent11,YOUNG_LOW_INCOME,221,238.87299342620696,229,238.02537091682916
0,WFAgent0,YOUNG_LOW_INCOME,221,218.0960642977102,0,0.0
0,WFAgent10,FEMALE_YOUNG_HIGH_INCOME,15,13.752720385838378,0,0.0
0,WFAgent1,OLD_HIGH_INCOME,71,71.50692239322771,427,0.0
0,WFAgent2,MALE_YOUNG_LOW_INCOME,106,103.56830832044997,0,0.0
0,WFAgent3,MALE_YOUNG_LOW_INCOME,106,110.96859793315207,112,110.52832217802508
0,WFAgent4,YOUNG_LOW_INCOME,221,229.71007411624072,1760,0.0
0,WFAgent5,FEMALE_YOUNG_HIGH_INCOME,15,16.05046261395298,277,0.0
1,WFAgent6,MALE_YOUNG,136,140.17580238867802,1890,0.0
1,WFAgent7,FEMALE_OLD_LOW_INCOME,139,154.79310276408614,156,154.05058793433352
1,WFAgent8,FEMALE_YOUNG_HIGH_INCOME,15,18.80433237551355,252,0.0
1,WFAgent9,FEMALE_YOUNG_LOW_INCOME,115,113.23901188364883,0,0.0
1,SIAgent0,OLD_LOW_INCOME,243,239.96341582078875,705,239.96341582078875
1,WFAgent11,MALE_YOUNG_HIGH_INCOME,30,31.309870735301143,544,0.0
1,WFAgent0,MALE_OLD,151,146.99301368923147,0,0.0
1,WFAgent10,YOUNG_HIGH_INCOME,45,46.57948764883147,0,0.0
1,WFAgent1,MALE_YOUNG,136,138.93367188306277,0,0.0
1,WFAgent2,FEMALE_YOUNG,129,134.7608048007416,1887,0.0
1,WFAgent3,OLD_LOW_INCOME,243,252.15754770026737,1548,246.87594220245757
1,WFAgent4,MALE_HIGH_INCOME,77,93.00839088867016,842,0.0
1,WFAgent5,FEMALE_OLD_HIGH_INCOME,24,27.45475413503739,418,0.0
2,WFAgent6,YOUNG_LOW_INCOME,221,233.0618707861733,1840,0.0
2,WFAgent7,FEMALE_HIGH_INCOME,39,39.27723349309222,301,0.0
2,WFAgent8,MALE_LOW_INCOME,210,198.34745336252297,1755,0.0
2,WFAgent9,MALE_YOUNG_LOW_INCOME,106,88.59111680587529,0,0.0
2,SIAgent0,FEMALE_OLD_LOW_INCOME,139,150.1025616460586,2383,0.0
2,WFAgent11,FEMALE_OLD_HIGH_INCOME,24,25.409703240614558,29,25.123852414522236
2,WFAgent0,YOUNG_LOW_INCOME,221,215.73014190604766,0,0.0
2,WFAgent10,FEMALE_LOW_INCOME,253,296.65926680741927,303,295.7748099435859
2,WFAgent1,MALE_HIGH_INCOME,77,70.40894168967235,542,0.0
2,WFAgent2,FEMALE_YOUNG,129,136.0167957168867,1657,0.0
2,WFAgent3,OLD_HIGH_INCOME,71,87.29475634247177,86,86.61133539502396
2,WFAgent4,MALE_OLD_HIGH_INCOME,47,50.25613348083532,833,0.0
2,WFAgent5,FEMALE_HIGH_INCOME,39,33.787249798840264,0,0.0
3,WFAgent6,YOUNG_LOW_INCOME,221,226.4610026682197,0,0.0
3,WFAgent7,OLD_HIGH_INCOME,71,80.1179800098417,88,79.27578903697915
3,WFAgent8,FEMALE_YOUNG,129,119.70342250808804,1987,0.0
3,WFAgent9,FEMALE_OLD_LOW_INCOME,139,153.75155849354832,2412,0.0
3,SIAgent0,OLD_HIGH_INCOME,71,63.9611479730172,81,63.06028673396068
3,WFAgent11,MALE_YOUNG,136,144.93646397412286,531,0.0
3,WFAgent0,MALE_LOW_INCOME,210,227.72560337337504,1788,0.0
3,WFAgent10,FEMALE_OLD_HIGH_INCOME,24,21.649579503566642,24,21.62066973735793
3,WFAgent1,FEMALE_OLD_HIGH_INCOME,24,24.856959755808134,27,24.323253454527674
3,WFAgent2,MALE_HIGH_INCOME,77,68.77533328549261,0,0.0
3,WFAgent3,MALE_HIGH_INCOME,77,70.29214269359322,640,36.935310801319815
3,WFAgent4,MALE_YOUNG_LOW_INCOME,106,125.95976958038528,1841,0.0
3,WFAgent5,YOUNG_HIGH_INCOME,45,41.034339998373625,260,0.0
4,WFAgent6,OLD_LOW_INCOME,243,229.26774474989477,1637,0.0
4,WFAgent7,FEMALE_OLD,162,173.9379812430968,195,173.56939265650968
4,WFAgent8,FEMALE_OLD,162,152.99414958032708,165,0.0
4,WFAgent9,FEMALE_OLD_HIGH_INCOME,24,20.77732005700159,0,0.0
4,SIAgent0,FEMALE_HIGH_INCOME,39,44.615802893799504,82,44.38719154490973
4,WFAgent11,OLD_HIGH_INCOME,71,63.19706091595996,784,0.0
4,WFAgent0,FEMALE_LOW_INCOME,253,295.79627283358803,1925,0.0
4,WFAgent10,FEMALE_YOUNG_LOW_INCOME,115,107.78344222663046,0,0.0
4,WFAgent1,OLD_LOW_INCOME,243,222.14247161035553,0,0.0
4,WFAgent2,MALE_OLD_LOW_INCOME,104,105.8358033602729,115,105.12915323123809
4,WFAgent3,YOUNG_HIGH_INCOME,45,44.66597738590237,244,0.0
4,WFAgent4,MALE_YOUNG,136,133.59981435249324,1905,0.0
4,WFAgent5,MALE_YOUNG,136,126.63085556124119,0,0.0
5,WFAgent6,FEMALE_YOUNG_HIGH_INCOME,15,13.926721008063474,35,0.0
5,WFAgent7,FEMALE_LOW_INCOME,253,254.51089300916803,2034,0.0
5,WFAgent8,FEMALE_HIGH_INCOME,39,33.26062559303477,218,0.0
5,WFAgent9,OLD_LOW_INCOME,243,236.33977223399984,1812,0.0
5,SIAgent0,FEMALE_YOUNG_HIGH_INCOME,15,15.895630594195207,16,15.34547252905464
5,WFAgent11,FEMALE_OLD,162,151.75586405434842,2395,0.0
5,WFAgent0,FEMALE_HIGH_INCOME,39,37.4045892895707,43,36.671971807705
5,WFAgent10,FEMALE_HIGH_INCOME,39,36.342117250987286,44,35.62035031901291
5,WFAgent1,FEMALE_YOUNG,129,134.99666467452394,144,134.1862790805686
5,WFAgent2,MALE_OLD_HIGH_INCOME,47,49.18704235816564,827,0.0
5,WFAgent3,FEMALE_HIGH_INCOME,39,31.57258323730689,0,0.0
5,WFAgent4,OLD_HIGH_INCOME,71,80.7059250618778,84,80.56373077753683
5,WFAgent5,FEMALE_OLD_HIGH_INCOME,24,24.93182962712314,29,24.732260056359184
6,WFAgent6,FEMALE_OLD_LOW_INCOME,139,133.41801393131152,0,0.0
6,WFAgent7,MALE_LOW_INCOME,210,171.1661311838036,0,0.0
6,WFAgent8,FEMALE_OLD_HIGH_INCOME,24,23.813353908702062,153,0.0
6,WFAgent9,MALE_YOUNG_HIGH_INCOME,30,28.049111852736054,505,0.0
6,SIAgent0,MALE_YOUNG_LOW_INCOME,106,106.50841083841792,1794,0.0
6,WFAgent11,FEMALE_OLD_HIGH_INCOME,24,21.827338895872842,0,0.0
6,WFAgent0,FEMALE_OLD_HIGH_INCOME,24,24.057697681713428,26,23.646283803862254
6,WFAgent10,FEMALE_LOW_INCOME,253,273.06138290107447,1918,0.0
6,WFAgent1,FEMALE_OLD_HIGH_INCOME,24,26.66749756801662,26,26.06250582185621
6,WFAgent2,OLD_HIGH_INCOME,71,78.83166953672118,787,0.0
6,WFAgent3,FEMALE_OLD_LOW_INCOME,139,142.49738715695702,2473,0.0
6,WFAgent4,FEMALE_OLD,162,172.05616612739652,173,171.65459275856082
6,WFAgent5,YOUNG_LOW_INCOME,221,226.63162144237288,0,0.0
7,WFAgent6,FEMALE_YOUNG_LOW_INCOME,115,127.51154284510818,137,126.86823679505002
7,WFAgent7,OLD_HIGH_INCOME,71,73.08189608310654,73,72.96078314620674
7,WFAgent8,MALE_YOUNG_LOW_INCOME,106,97.20380795406342,1861,0.0
7,WFAgent9,FEMALE_YOUNG_LOW_INCOME,115,106.49523526591778,115,105.81322597860218
7,SIAgent0,FEMALE_LOW_INCOME,253,232.78909715292517,1117,232.68267778810184
7,WFAgent11,OLD_HIGH_INCOME,71,72.25004665469748,348,0.0
7,WFAgent0,FEMALE_YOUNG,129,97.93039304805066,0,0.0
7,WFAgent10,MALE_HIGH_INCOME,77,82.47162700139724,510,0.0
7,WFAgent1,YOUNG_HIGH_INCOME,45,49.61407567455938,259,0.0
7,WFAgent2,FEMALE_YOUNG_LOW_INCOME,115,122.91498589772861,133,122.37529613177468
7,WFAgent3,FEMALE_OLD_LOW_INCOME,139,123.86500474385343,1488,0.0
7,WFAgent4,OLD_HIGH_INCOME,71,70.96185758055714,0,0.0
7,WFAgent5,FEMALE_YOUNG_LOW_INCOME,115,89.31070730957794,1332,0.0
8,WFAgent6,FEMALE_OLD_LOW_INCOME,139,149.18896248527358,2400,0.0
8,WFAgent7,FEMALE_HIGH_INCOME,39,35.74587139459528,0,0.0
8,WFAgent8,MALE_OLD_LOW_INCOME,104,98.30862019626798,104,97.37427821242503
8,WFAgent9,FEMALE_YOUNG,129,129.6652826524859,1992,0.0
8,SIAgent0,MALE_LOW_INCOME,210,196.6211386981663,242,196.62113869816542
8,WFAgent11,FEMALE_OLD_HIGH_INCOME,24,20.537923296409584,382,0.0
8,WFAgent0,MALE_YOUNG_LOW_INCOME,106,87.01801023993357,0,0.0
8,WFAgent10,MALE_YOUNG_LOW_INCOME,106,108.00293405299396,115,107.67348071566224
8,WFAgent1,MALE_YOUNG,136,119.2873436722002,529,0.0
8,WFAgent2,OLD_HIGH_INCOME,71,60.23224379446249,0,0.0
8,WFAgent3,FEMALE_OLD_HIGH_INCOME,24,26.42891980217399,31,26.298585318708984
8,WFAgent4,MALE_LOW_INCOME,210,204.05969152490232,1613,72.09441752266096
8,WFAgent5,FEMALE_YOUNG_HIGH_INCOME,15,13.824695498264598,247,0.0
9,WFAgent6,MALE_YOUNG_LOW_INCOME,106,98.44054337992414,0,0.0
9,WFAgent7,FEMALE_LOW_INCOME,253,283.6339169108206,0,0.0
9,WFAgent8,MALE_OLD_HIGH_INCOME,47,46.90622667561803,795,0.0
9,WFAgent9,MALE_HIGH_INCOME,77,79.91713648813078,80,79.52933801036545
9,SIAgent0,MALE_YOUNG,136,134.74813315423074,2017,45.57657444922513
9,WFAgent11,MALE_YOUNG_HIGH_INCOME,30,29.823501753887058,30,29.723852901668536
9,WFAgent0,MALE_HIGH_INCOME,77,79.71987427416234,80,79.26360773778279
9,WFAgent10,FEMALE_YOUNG,129,117.8320512414727,0,0.0
9,WFAgent1,FEMALE_OLD_LOW_INCOME,139,171.0530881726952,2408,0.0
9,WFAgent2,MALE_OLD_HIGH_INCOME,47,42.86172154932821,0,0.0
9,WFAgent3,MALE_HIGH_INCOME,77,86.215590766483,83,86.14444582486837
9,WFAgent4,MALE_HIGH_INCOME,77,85.96774207399405,83,85.93181252929178
9,WFAgent5,YOUNG_LOW_INCOME,221,207.24121022153165,1986,0.0
10,WFAgent6,MALE_OLD,151,164.18628038445868,1626,0.0
10,WFAgent7,FEMALE_LOW_INCOME,253,211.48494836616314,1968,0.0
10,WFAgent8,YOUNG_LOW_INCOME,221,233.5524970338917,1815,0.0
10,WFAgent9,FEMALE_LOW_INCOME,253,260.44131363692856,2411,0.0
10,SIAgent0,MALE_YOUNG_HIGH_INCOME,30,35.45298287560829,525,0.0
10,WFAgent11,MALE_OLD_HIGH_INCOME,47,49.90757722476962,856,0.0
10,WFAgent0,FEMALE_OLD_LOW_INCOME,139,113.89602655197173,0,0.0
10,WFAgent10,MALE_YOUNG_HIGH_INCOME,30,26.408833662808544,0,0.0
10,WFAgent1,OLD_HIGH_INCOME,71,83.45569253680937,387,0.0
10,WFAgent2,MALE_OLD,151,175.33293393645616,170,175.1429157445986
10,WFAgent3,OLD_LOW_INCOME,243,250.35134427021987,0,0.0
10,WFAgent4,FEMALE_YOUNG,129,120.41694088416266,242,0.0
10,WFAgent5,FEMALE_OLD,162,133.7422707419443,0,0.0
11,WFAgent6,MALE_OLD_HIGH_INCOME,47,44.72370632770519,0,0.0
11,WFAgent7,MALE_OLD_LOW_INCOME,104,106.81147802738046,1799,0.0
11,WFAgent8,FEMALE_YOUNG,129,147.90156110294274,235,0.0
11,WFAgent9,FEMALE_OLD,162,166.13717360210532,411,0.0
11,SIAgent0,MALE_OLD_HIGH_INCOME,47,46.97690162025576,822,0.0
11,WFAgent11,FEMALE_LOW_INCOME,253,253.28525480983623,287,252.51140118696873
11,WFAgent0,MALE_HIGH_INCOME,77,88.91016619048267,507,0.0
11,WFAgent10,FEMALE_LOW_INCOME,253,222.59715853763976,0,0.0
11,WFAgent1,FEMALE_YOUNG_LOW_INCOME,115,130.76863402483337,133,130.25611326932886
11,WFAgent2,MALE_LOW_INCOME,210,197.71953680026127,1902,0.0
11,WFAgent3,FEMALE_OLD,162,159.7047933346497,0,0.0
11,WFAgent4,YOUNG_HIGH_INCOME,45,44.312859815006654,0,0.0
11,WFAgent5,FEMALE_LOW_INCOME,253,247.78042599353606,1560,0.0
12,WFAgent6,MALE_HIGH_INCOME,77,80.30943023849028,0,0.0
12,WFAgent7,FEMALE_HIGH_INCOME,39,43.63656379230742,264,0.0
12,WFAgent8,FEMALE_YOUNG_LOW_INCOME,115,119.61506010563038,2014,0.0
12,WFAgent9,YOUNG_LOW_INCOME,221,228.23896083210184,0,0.0
12,SIAgent0,MALE_LOW_INCOME,210,188.1080391588957,3459,0.0
12,WFAgent11,FEMALE_OLD,162,152.7066784176164,0,0.0
12,WFAgent0,FEMALE_LOW_INCOME,253,287.6649136920786,2387,0.0
12,WFAgent10,MALE_HIGH_INCOME,77,86.10876237925703,723,0.0
12,WFAgent1,OLD_HIGH_INCOME,71,80.30374602938187,76,79.2664506250034
12,WFAgent2,MALE_YOUNG,136,124.85707523246282,0,0.0
12,WFAgent3,MALE_YOUNG,136,144.4187882300813,527,0.0
12,WFAgent4,MALE_YOUNG_LOW_INCOME,106,110.87463348721545,123,110.17756579306769
12,WFAgent5,OLD_HIGH_INCOME,71,80.43960394468895,427,0.0
13,WFAgent6,FEMALE_HIGH_INCOME,39,38.29434012602074,380,21.349568117672156
13,WFAgent7,MALE_OLD,151,136.7943233086699,0,0.0
13,WFAgent8,FEMALE_HIGH_INCOME,39,40.753443369332004,268,0.0
13,WFAgent9,MALE_OLD_LOW_INCOME,104,106.87918990590296,1782,0.0
13,SIAgent0,FEMALE_OLD,162,138.34520140251558,162,138.34520140251539
13,WFAgent11,FEMALE_LOW_INCOME,253,248.367234566585,1749,0.0
13,WFAgent0,OLD_HIGH_INCOME,71,71.29369202162951,630,0.0
13,WFAgent10,FEMALE_YOUNG_LOW_INCOME,115,100.34168070462236,0,0.0
13,WFAgent1,FEMALE_YOUNG,129,148.95878767037465,168,148.62993991016077
13,WFAgent2,MALE_LOW_INCOME,210,212.16560836452047,1907,0.0
13,WFAgent3,MALE_OLD,151,157.07870750764656,173,156.72462206887388
13,WFAgent4,OLD_LOW_INCOME,243,233.7198786550594,2268,157.98680407077399
13,WFAgent5,FEMALE_YOUNG,129,114.12656100244445,0,0.0
14,WFAgent6,FEMALE_OLD,162,160.83090373564863,2411,0.0
14,WFAgent7,FEMALE_HIGH_INCOME,39,38.99781716830034,49,38.801318264751785
14,WFAgent8,FEMALE_HIGH_INCOME,39,30.365567927440303,385,0.0
14,WFAgent9,MALE_YOUNG_HIGH_INCOME,30,28.10036143686386,518,0.0
14,SIAgent0,FEMALE_YOUNG_LOW_INCOME,115,101.63564290157942,1985,0.0
14,WFAgent11,MALE_OLD,151,127.18655890916801,0,0.0
14,WFAgent0,MALE_OLD,151,166.33741446614803,809,0.0
14,WFAgent10,MALE_OLD,151,170.91277891642642,202,170.1436086069665
14,WFAgent1,FEMALE_YOUNG,129,119.33264352807052,153,119.12645879226613
14,WFAgent2,FEMALE_YOUNG_HIGH_INCOME,15,11.877954570842382,41,0.0
14,WFAgent3,MALE_YOUNG_HIGH_INCOME,30,27.787292558321727,0,0.0
14,WFAgent4,OLD_LOW_INCOME,243,264.01032240250413,1587,0.0
14,WFAgent5,YOUNG_LOW_INCOME,221,230.42571010191392,1860,0.0
15,WFAgent6,FEMALE_OLD_HIGH_INCOME,24,25.42756556023375,30,25.346360807903952
15,WFAgent7,FEMALE_OLD_HIGH_INCOME,24,20.27708864632317,0,0.0
15,WFAgent8,FEMALE_OLD_LOW_INCOME,139,154.03733873687204,168,153.9990299037043
15,WFAgent9,FEMALE_OLD,162,172.28423968921277,2164,0.0
15,SIAgent0,YOUNG_HIGH_INCOME,45,41.8514712119496,783,0.0
15,WFAgent11,FEMALE_OLD,162,148.49906455000075,0,0.0
15,WFAgent0,OLD_HIGH_INCOME,71,64.97373915897522,390,0.0
15,WFAgent10,FEMALE_YOUNG_HIGH_INCOME,15,13.893766088803275,0,0.0
15,WFAgent1,MALE_OLD_HIGH_INCOME,47,42.93493750650796,0,0.0
15,WFAgent2,MALE_LOW_INCOME,210,212.2819788863526,1889,0.0
15,WFAgent3,YOUNG_LOW_INCOME,221,191.82972463775127,1797,0.0
15,WFAgent4,FEMALE_YOUNG,129,122.51357918693296,1964,0.0
15,WFAgent5,OLD_HIGH_INCOME,71,72.28715462017743,815,0.0
16,WFAgent6,OLD_HIGH_INCOME,71,70.17485451765846,755,42.740459926536914
16,WFAgent7,MALE_YOUNG_HIGH_INCOME,30,27.650464005449482,0,0.0
16,WFAgent8,FEMALE_HIGH_INCOME,39,41.05428785018281,0,0.0
16,WFAgent9,FEMALE_YOUNG_HIGH_INCOME,15,16.408080084329516,271,0.0
16,SIAgent0,MALE_OLD,151,126.5452833119035,150,125.70723507805
16,WFAgent11,OLD_LOW_INCOME,243,241.6305957586517,1721,82.1287269176592
16,WFAgent0,FEMALE_OLD,162,149.7026668776431,393,0.0
16,WFAgent10,YOUNG_LOW_INCOME,221,239.45221107255753,2007,0.0
16,WFAgent1,FEMALE_OLD_LOW_INCOME,139,140.4629579579733,152,140.46176151482584
16,WFAgent2,MALE_HIGH_INCOME,77,85.87047968850581,459,0.0
16,WFAgent3,FEMALE_OLD_LOW_INCOME,139,128.92907418981287,2193,0.0
16,WFAgent4,MALE_YOUNG,136,131.81904802169373,1864,0.0
16,WFAgent5,MALE_YOUNG_HIGH_INCOME,30,34.840757889807136,35,33.9240197114653
17,WFAgent6,FEMALE_OLD_HIGH_INCOME,24,20.123043776579536,388,0.0
17,WFAgent7,FEMALE_YOUNG_HIGH_INCOME,15,13.919258909664492,0,0.0
17,WFAgent8,OLD_HIGH_INCOME,71,64.3763705634792,843,0.0
17,WFAgent9,FEMALE_OLD_LOW_INCOME,139,124.30804655587224,0,0.0
17,SIAgent0,FEMALE_OLD_LOW_INCOME,139,158.7181622600257,2448,0.0
17,WFAgent11,FEMALE_YOUNG_LOW_INCOME,115,116.4162594717943,1917,0.0
17,WFAgent0,FEMALE_YOUNG_HIGH_INCOME,15,15.312846300884292,256,0.0
17,WFAgent10,YOUNG_LOW_INCOME,221,214.98780275235106,0,0.0
17,WFAgent1,YOUNG_LOW_INCOME,221,235.37760187433295,1847,0.0
17,WFAgent2,FEMALE_YOUNG_LOW_INCOME,115,102.7471629239861,0,0.0
17,WFAgent3,MALE_OLD_HIGH_INCOME,47,34.222799670547104,0,0.0
17,WFAgent4,MALE_OLD_LOW_INCOME,104,89.41455108160673,0,0.0
17,WFAgent5,OLD_LOW_INCOME,243,256.65912015993575,1779,0.0
18,WFAgent6,FEMALE_YOUNG_HIGH_INCOME,15,12.292934643853279,16,11.629198879334043
18,WFAgent7,OLD_HIGH_INCOME,71,68.0172742435948,93,67.5947184861291
18,WFAgent8,FEMALE_HIGH_INCOME,39,28.346172268376733,0,0.0
18,WFAgent9,OLD_HIGH_INCOME,71,94.30478266262014,101,93.65880071764252
18,SIAgent0,YOUNG_HIGH_INCOME,45,46.63180860126221,49,46.626167214869234
18,WFAgent11,FEMALE_YOUNG,129,115.21443256019867,1968,0.0
18,WFAgent0,MALE_HIGH_INCOME,77,93.62301663975293,97,92.92500847364344
18,WFAgent10,FEMALE_HIGH_INCOME,39,39.9875750998943,49,39.754305759758374
18,WFAgent1,MALE_HIGH_INCOME,77,60.78048891407617,0,0.0
18,WFAgent2,YOUNG_HIGH_INCOME,45,36.509056309982164,193,0.0
18,WFAgent3,OLD_HIGH_INCOME,71,65.83935495992682,202,0.0
18,WFAgent4,MALE_OLD_HIGH_INCOME,47,47.723934493774735,692,0.0
18,WFAgent5,YOUNG_HIGH_INCOME,45,50.89688189913265,524,31.087872400841462
19,WFAgent6,FEMALE_OLD_HIGH_INCOME,24,24.770328648782133,26,24.71471439894285
19,WFAgent7,FEMALE_YOUNG,129,146.48632199526185,145,146.43545264117046
19,WFAgent8,FEMALE_YOUNG,129,137.09977608641336,1870,0.0
19,WFAgent9,FEMALE_HIGH_INCOME,39,37.512735618625975,258,0.0
19,SIAgent0,OLD_HIGH_INCOME,71,67.49018162788238,1171,0.0
19,WFAgent11,MALE_OLD_LOW_INCOME,104,114.1937834710981,1757,0.0
19,WFAgent0,YOUNG_HIGH_INCOME,45,45.55390865366293,479,0.0
19,WFAgent10,MALE_LOW_INCOME,210,194.74626854663697,1874,0.0
19,WFAgent1,MALE_YOUNG_HIGH_INCOME,30,31.406338112816684,38,31.21081993953196
19,WFAgent2,FEMALE_YOUNG_LOW_INCOME,115,116.13846243954887,0,0.0
19,WFAgent3,MALE_YOUNG_HIGH_INCOME,30,24.640121004893658,0,0.0
19,WFAgent4,FEMALE_YOUNG_HIGH_INCOME,15,13.327459383105937,0,0.0
19,WFAgent5,FEMALE_OLD_LOW_INCOME,139,132.7222310968592,2382,0.0
20,WFAgent6,MALE_LOW_INCOME,210,208.81295715559776,1878,0.0
20,WFAgent7,MALE_LOW_INCOME,210,202.40837775869878,0,0.0
20,WFAgent8,FEMALE_YOUNG_HIGH_INCOME,15,15.248048188324224,279,0.0
20,WFAgent9,MALE_OLD_HIGH_INCOME,47,43.33554113906909,460,0.0
20,SIAgent0,OLD_LOW_INCOME,243,228.27618040895192,320,227.63089115751325
20,WFAgent11,FEMALE_OLD_LOW_INCOME,139,127.88100678003285,2186,0.0
20,WFAgent0,MALE_OLD,151,158.0559293184596,171,157.66760712299583
20,WFAgent10,FEMALE_LOW_INCOME,253,223.21943977849236,1879,0.0
20,WFAgent1,MALE_OLD,151,146.26195291316154,162,145.65348956522993
20,WFAgent2,MALE_OLD_LOW_INCOME,104,102.38676631162555,108,101.45608018175663
20,WFAgent3,YOUNG_HIGH_INCOME,45,39.664979599926966,0,0.0
20,WFAgent4,MALE_HIGH_INCOME,77,82.5686224862054,536,0.0
20,WFAgent5,MALE_OLD,151,135.76343780462787,1600,0.0
21,WFAgent6,FEMALE_OLD_LOW_INCOME,139,127.25172853032112,2246,0.0
21,WFAgent7,MALE_OLD,151,132.06260046968328,1758,0.0
21,WFAgent8,FEMALE_YOUNG,129,137.96164441823933,244,0.0
21,WFAgent9,FEMALE_YOUNG_LOW_INCOME,115,122.17560346234174,124,122.00770426366508
21,SIAgent0,YOUNG_LOW_INCOME,221,217.44921485701616,3767,135.78276764827248
21,WFAgent11,YOUNG_HIGH_INCOME,45,39.95026301846039,0,0.0
21,WFAgent0,MALE_YOUNG,136,131.31525453580397,0,0.0
21,WFAgent10,FEMALE_OLD_LOW_INCOME,139,146.72073734593965,163,146.08060379884657
21,WFAgent1,MALE_YOUNG,136,138.15256870228905,440,0.0
21,WFAgent2,FEMALE_HIGH_INCOME,39,45.75190372749269,410,0.0
21,WFAgent3,YOUNG_HIGH_INCOME,45,50.20410151441618,51,49.243220450926444
21,WFAgent4,YOUNG_LOW_INCOME,221,216.00666077323547,0,0.0
21,WFAgent5,FEMALE_OLD,162,145.18440377554091,0,0.0
22,WFAgent6,FEMALE_YOUNG,129,129.26487224759524,0,0.0
22,WFAgent7,FEMALE_OLD,162,161.15504751977346,378,0.0
22,WFAgent8,FEMALE_YOUNG_HIGH_INCOME,15,15.037823787658388,227,0.0
22,WFAgent9,FEMALE_YOUNG_LOW_INCOME,115,98.83108026372939,1940,0.0
22,SIAgent0,MALE_LOW_INCOME,210,153.4177806996392,3042,153.41778069963868
22,WFAgent11,OLD_LOW_INCOME,243,262.2096304371242,358,261.54078804986034
22,WFAgent0,FEMALE_OLD_LOW_INCOME,139,139.29686288490151,2250,0.0
22,WFAgent10,FEMALE_OLD,162,134.85624027302742,0,0.0
22,WFAgent1,MALE_OLD,151,151.8999677418611,207,151.22609811821528
22,WFAgent2,FEMALE_OLD_LOW_INCOME,139,147.74328532889828,148,147.22806810448412
22,WFAgent3,FEMALE_OLD_HIGH_INCOME,24,27.050723980184486,27,26.859174586628914
22,WFAgent4,FEMALE_HIGH_INCOME,39,41.39629796794971,49,40.78985045295278
22,WFAgent5,MALE_OLD_HIGH_INCOME,47,41.3887193255793,840,0.0
23,WFAgent6,FEMALE_HIGH_INCOME,39,32.476987833938296,0,0.0
23,WFAgent7,MALE_OLD_HIGH_INCOME,47,45.77253343618846,691,0.0
23,WFAgent8,FEMALE_YOUNG_LOW_INCOME,115,130.82962779604887,2037,0.0
23,WFAgent9,FEMALE_YOUNG_LOW_INCOME,115,115.31798122016346,0,0.0
23,SIAgent0,YOUNG_HIGH_INCOME,45,46.63301063406612,190,45.800880278630984
23,WFAgent11,MALE_HIGH_INCOME,77,63.68933517241504,396,0.0
23,WFAgent0,FEMALE_YOUNG_HIGH_INCOME,15,14.839968210818625,191,0.0
23,WFAgent10,FEMALE_OLD_HIGH_INCOME,24,20.546368056797505,329,0.0
23,WFAgent1,MALE_OLD_HIGH_INCOME,47,48.39154475658064,49,47.720300816451825
23,WFAgent2,OLD_HIGH_INCOME,71,72.6444144451535,87,72.38833675536463
23,WFAgent3,FEMALE_HIGH_INCOME,39,39.77347034349395,46,39.38053877552857
23,WFAgent4,MALE_OLD,151,125.63952701218466,1719,0.0
23,WFAgent5,FEMALE_OLD_HIGH_INCOME,24,23.596671923123747,28,23.316811778212124
24,WFAgent6,OLD_HIGH_INCOME,71,78.68480431678095,831,0.0
24,WFAgent7,FEMALE_HIGH_INCOME,39,42.11410268026983,47,41.85870957880654
24,WFAgent8,MALE_OLD_LOW_INCOME,104,85.67566748743961,1808,0.0
24,WFAgent9,MALE_HIGH_INCOME,77,80.68549207276327,0,0.0
24,SIAgent0,MALE_YOUNG_HIGH_INCOME,30,27.747309293648918,537,0.0
24,WFAgent11,FEMALE_YOUNG_LOW_INCOME,115,104.2470893046039,1931,0.0
24,WFAgent0,FEMALE_YOUNG,129,139.1879868984247,262,0.0
24,WFAgent10,FEMALE_OLD_HIGH_INCOME,24,25.07870193728947,284,0.0
24,WFAgent1,OLD_HIGH_INCOME,71,83.21986814737411,79,82.55072721024446
24,WFAgent2,MALE_YOUNG_LOW_INCOME,106,114.43433674669426,1832,0.0
24,WFAgent3,FEMALE_YOUNG_HIGH_INCOME,15,11.47045181491974,0,0.0
24,WFAgent4,FEMALE_HIGH_INCOME,39,34.733822841988385,0,0.0
24,WFAgent5,MALE_LOW_INCOME,210,191.57658629628745,0,0.0
25,WFAgent6,FEMALE_YOUNG_LOW_INCOME,115,114.92684260612258,1997,0.0
25,WFAgent7,FEMALE_OLD_HIGH_INCOME,24,26.12455022150233,30,25.829499288774873
25,WFAgent8,MALE_HIGH_INCOME,77,88.53770000050662,99,87.69995908689742
25,WFAgent9,FEMALE_LOW_INCOME,253,244.43141712081126,0,0.0
25,SIAgent0,MALE_OLD_LOW_INCOME,104,104.79570574176093,1768,0.0
25,WFAgent11,YOUNG_HIGH_INCOME,45,39.86361776677163,0,0.0
25,WFAgent0,MALE_YOUNG_HIGH_INCOME,30,29.573365494247067,422,0.0
25,WFAgent10,OLD_HIGH_INCOME,71,77.14155066392865,874,0.0
25,WFAgent1,FEMALE_HIGH_INCOME,39,42.96033765208229,39,42.37352782948195
25,WFAgent2,FEMALE_OLD_HIGH_INCOME,24,24.991314771666147,326,0.0
25,WFAgent3,FEMALE_YOUNG_HIGH_INCOME,15,16.389118226155915,258,0.0
25,WFAgent4,OLD_HIGH_INCOME,71,61.129814983433846,0,0.0
25,WFAgent5,MALE_LOW_INCOME,210,162.84586773568287,1792,0.0
26,WFAgent6,MALE_YOUNG,136,151.92198604448686,171,151.86697340618454
26,WFAgent7,FEMALE_YOUNG_HIGH_INCOME,15,15.712784860717186,221,0.0
26,WFAgent8,MALE_YOUNG_LOW_INCOME,106,88.73375611081563,0,0.0
26,WFAgent9,MALE_YOUNG_LOW_INCOME,106,113.4569180012453,135,113.00997240528383
26,SIAgent0,MALE_OLD_HIGH_INCOME,47,50.400457762140505,47,50.40045776214047
26,WFAgent11,MALE_YOUNG_LOW_INCOME,106,102.29834930209347,1712,0.0
26,WFAgent0,FEMALE_YOUNG_HIGH_INCOME,15,14.923858684756087,0,0.0
26,WFAgent10,FEMALE_OLD_HIGH_INCOME,24,24.54472886951728,403,0.0
26,WFAgent1,FEMALE_YOUNG_LOW_INCOME,115,104.21478706767891,2016,0.0
26,WFAgent2,MALE_OLD_HIGH_INCOME,47,52.97604913883019,711,52.54515809244432
26,WFAgent3,MALE_YOUNG_HIGH_INCOME,30,26.643328667751643,0,0.0
26,WFAgent4,FEMALE_LOW_INCOME,253,278.748736073466,2365,0.0
26,WFAgent5,MALE_YOUNG,136,133.10174341012015,390,0.0
27,WFAgent6,FEMALE_OLD,162,152.21871014372644,2329,0.0
27,WFAgent7,FEMALE_HIGH_INCOME,39,32.863780328669684,411,0.0
27,WFAgent8,YOUNG_LOW_INCOME,221,242.963980984721,0,0.0
27,WFAgent9,MALE_HIGH_INCOME,77,69.91454788566153,0,0.0
27,SIAgent0,MALE_YOUNG_HIGH_INCOME,30,27.830048938144806,426,24.11937574639218
27,WFAgent11,MALE_OLD_HIGH_INCOME,47,47.972959853426026,789,0.0
27,WFAgent0,YOUNG_LOW_INCOME,221,252.2208056651377,1825,0.0
27,WFAgent10,FEMALE_YOUNG_HIGH_INCOME,15,15.578466903052062,263,0.0
27,WFAgent1,MALE_OLD_HIGH_INCOME,47,48.75712858062615,53,48.123000492728046
27,WFAgent2,MALE_YOUNG_HIGH_INCOME,30,35.792998076334065,38,35.25139532165012
27,WFAgent3,MALE_OLD_LOW_INCOME,104,109.93969001503042,1865,0.0
27,WFAgent4,MALE_OLD_LOW_INCOME,104,102.30214306498188,0,0.0
27,WFAgent5,MALE_YOUNG_HIGH_INCOME,30,30.063298784764818,32,29.68538553402115
28,WFAgent6,MALE_OLD_LOW_INCOME,104,99.21534694823308,0,0.0
28,WFAgent7,OLD_LOW_INCOME,243,244.88244524496406,271,244.320136169396
28,WFAgent8,MALE_OLD,151,148.08291884703752,692,0.0
28,WFAgent9,FEMALE_OLD,162,152.24653338399477,1927,0.0
28,SIAgent0,OLD_HIGH_INCOME,71,76.94045629487995,222,76.03982569585543
28,WFAgent11,FEMALE_HIGH_INCOME,39,39.020436870241596,44,38.533972259275785
28,WFAgent0,MALE_OLD_LOW_INCOME,104,101.34110846683583,1716,0.0
28,WFAgent10,FEMALE_HIGH_INCOME,39,36.521041226126336,214,0.0
28,WFAgent1,FEMALE_OLD,162,146.0511515108557,0,0.0
28,WFAgent2,MALE_HIGH_INCOME,77,79.63944631161183,531,0.0
28,WFAgent3,OLD_HIGH_INCOME,71,75.43862366817724,350,0.0
28,WFAgent4,FEMALE_YOUNG,129,112.97460048742215,1995,0.0
28,WFAgent5,FEMALE_OLD_LOW_INCOME,139,157.60413403037145,167,156.94550046374806
29,WFAgent6,OLD_LOW_INCOME,243,256.0494260370011,0,0.0
29,WFAgent7,MALE_YOUNG_LOW_INCOME,106,115.40937778235978,1825,0.0
29,WFAgent8,MALE_HIGH_INCOME,77,86.34264153583416,89,85.48957752576389
29,WFAgent9,FEMALE_OLD_LOW_INCOME,139,134.39476145666418,2387,0.0
29,SIAgent0,FEMALE_YOUNG_HIGH_INCOME,15,15.317323853591311,15,14.558870771706857
29,WFAgent11,YOUNG_HIGH_INCOME,45,45.262568752387345,226,0.0
29,WFAgent0,MALE_LOW_INCOME,210,238.01806553724458,1797,0.0
29,WFAgent10,FEMALE_OLD_LOW_INCOME,139,126.83193833052584,0,0.0
29,WFAgent1,MALE_OLD_HIGH_INCOME,47,45.14618139001021,0,0.0
29,WFAgent2,YOUNG_HIGH_INCOME,45,43.676612315120586,557,0.0
29,WFAgent3,FEMALE_LOW_INCOME,253,273.65396483457164,1954,0.0
29,WFAgent4,YOUNG_LOW_INCOME,221,220.88722250321862,0,0.0
29,WFAgent5,MALE_HIGH_INCOME,77,75.23477253716182,735,0.0
30,WFAgent6,OLD_HIGH_INCOME,71,73.61938297970636,77,73.56538738181776
30,WFAgent7,FEMALE_YOUNG_HIGH_INCOME,15,16.540306016631643,0,0.0
30,WFAgent8,FEMALE_YOUNG_HIGH_INCOME,15,17.130248718762275,242,0.0
30,WFAgent9,MALE_OLD,151,140.40156796465175,0,0.0
30,SIAgent0,FEMALE_OLD,162,172.2721704701991,1345,172.06398820920765
30,WFAgent11,FEMALE_YOUNG,129,142.63510390151183,2013,0.0
30,WFAgent0,FEMALE_OLD,162,167.47072686010617,213,0.0
30,WFAgent10,MALE_OLD_HIGH_INCOME,47,47.22925890955789,50,46.49058541875882
30,WFAgent1,OLD_HIGH_INCOME,71,77.82601453864869,77,77.37559438374389
30,WFAgent2,MALE_YOUNG_LOW_INCOME,106,107.73968853059728,1868,0.0
30,WFAgent3,MALE_OLD_LOW_INCOME,104,117.45843268882498,1771,0.0
30,WFAgent4,MALE_OLD_HIGH_INCOME,47,44.903548142148495,613,0.0
30,WFAgent5,FEMALE_OLD,162,146.70718994679794,0,0.0
31,WFAgent6,FEMALE_OLD_HIGH_INCOME,24,21.784850761854898,0,0.0
31,WFAgent7,FEMALE_OLD_LOW_INCOME,139,135.40935510022786,0,0.0
31,WFAgent8,YOUNG_HIGH_INCOME,45,47.73717805191302,58,47.55794337370798
31,WFAgent9,FEMALE_YOUNG_HIGH_INCOME,15,12.299468113889994,0,0.0
31,SIAgent0,MALE_YOUNG,136,136.8688560598402,213,136.86885605984006
31,WFAgent11,MALE_YOUNG,136,131.83225028862458,0,0.0
31,WFAgent0,FEMALE_YOUNG_LOW_INCOME,115,119.67634101524453,1988,0.0
31,WFAgent10,YOUNG_LOW_INCOME,221,221.43321115008501,0,0.0
31,WFAgent1,MALE_LOW_INCOME,210,211.31266085994665,1821,0.0
31,WFAgent2,FEMALE_OLD_HIGH_INCOME,24,25.312275177834955,384,0.0
31,WFAgent3,YOUNG_LOW_INCOME,221,254.18419022458949,1658,134.8560787648424
31,WFAgent4,OLD_LOW_INCOME,243,257.4685857561937,2404,0.0
31,WFAgent5,FEMALE_YOUNG_HIGH_INCOME,15,14.937899781400668,201,0.0
32,WFAgent6,MALE_HIGH_INCOME,77,80.89901661562187,836,0.0
32,WFAgent7,MALE_LOW_INCOME,210,221.18436237282663,1828,0.0
32,WFAgent8,FEMALE_LOW_INCOME,253,269.32788808021746,2056,0.0
32,WFAgent9,MALE_OLD_LOW_INCOME,104,104.54005831807034,1749,0.0
32,SIAgent0,FEMALE_HIGH_INCOME,39,40.212774914176926,109,39.18167812150574
32,WFAgent11,MALE_YOUNG_HIGH_INCOME,30,30.066574671450574,478,0.0
32,WFAgent0,FEMALE_OLD,162,162.83596786779057,2374,0.0
32,WFAgent10,FEMALE_OLD_HIGH_INCOME,24,21.43292113685775,0,0.0
32,WFAgent1,MALE_YOUNG_LOW_INCOME,106,90.48816129111971,0,0.0
32,WFAgent2,MALE_OLD_LOW_INCOME,104,98.2468557427151,0,0.0
32,WFAgent3,OLD_HIGH_INCOME,71,77.2735514156263,356,55.67922680424505
32,WFAgent4,MALE_HIGH_INCOME,77,64.336907587189,0,0.0
32,WFAgent5,YOUNG_LOW_INCOME,221,219.13648823934997,0,0.0
33,WFAgent6,FEMALE_YOUNG_HIGH_INCOME,15,14.303781471383097,17,14.27239134333519
33,WFAgent7,YOUNG_LOW_INCOME,221,183.71322899538166,0,0.0
33,WFAgent8,OLD_HIGH_INCOME,71,67.38363767627715,0,0.0
33,WFAgent9,MALE_HIGH_INCOME,77,73.94800143362006,0,0.0
33,SIAgent0,FEMALE_YOUNG_HIGH_INCOME,15,12.59328647941341,228,0.0
33,WFAgent11,FEMALE_LOW_INCOME,253,293.23599820853997,2444,0.0
33,WFAgent0,FEMALE_LOW_INCOME,253,311.96108812715715,375,311.7305921867341
33,WFAgent10,MALE_LOW_INCOME,210,228.5761638607897,1876,0.0
33,WFAgent1,FEMALE_HIGH_INCOME,39,35.45800502690513,393,0.0
33,WFAgent2,MALE_HIGH_INCOME,77,80.2604073779714,518,0.0
33,WFAgent3,MALE_OLD_HIGH_INCOME,47,51.60441763347113,783,0.0
33,WFAgent4,YOUNG_LOW_INCOME,221,242.16596527299924,1541,0.0
33,WFAgent5,MALE_OLD,151,143.9790874458561,1825,0.0
34,WFAgent6,MALE_OLD_HIGH_INCOME,47,47.563756758984795,879,0.0
34,WFAgent7,MALE_HIGH_INCOME,77,77.3855443749155,516,0.0
34,WFAgent8,FEMALE_OLD_LOW_INCOME,139,133.81068407537003,140,133.21142877524989
34,WFAgent9,FEMALE_OLD,162,148.74854814086802,421,0.0
34,SIAgent0,FEMALE_LOW_INCOME,253,240.7320820009871,3686,119.89028589772494
34,WFAgent11,MALE_LOW_INCOME,210,185.28028657517393,0,0.0
34,WFAgent0,FEMALE_LOW_INCOME,253,284.5796348616788,299,284.5015514557105
34,WFAgent10,FEMALE_OLD,162,166.86774947464264,175,166.51428596906197
34,WFAgent1,MALE_OLD_LOW_INCOME,104,118.35972641238263,1817,0.0
34,WFAgent2,FEMALE_YOUNG_HIGH_INCOME,15,13.143488491381676,0,0.0
34,WFAgent3,FEMALE_YOUNG_HIGH_INCOME,15,13.69547688762343,206,0.0
34,WFAgent4,FEMALE_HIGH_INCOME,39,39.571892281447575,45,39.43046547414507
34,WFAgent5,YOUNG_LOW_INCOME,221,221.6216494951999,1816,0.0
35,WFAgent6,MALE_OLD_HIGH_INCOME,47,45.05307073703408,0,0.0
35,WFAgent7,FEMALE_YOUNG_LOW_INCOME,115,102.66973660761793,1935,0.0
35,WFAgent8,MALE_OLD_HIGH_INCOME,47,47.898953014277915,787,0.0
35,WFAgent9,MALE_YOUNG_HIGH_INCOME,30,29.075937415070076,32,28.349104898477897
35,SIAgent0,MALE_YOUNG_HIGH_INCOME,30,26.577285842323043,436,21.261828673858425
35,WFAgent11,FEMALE_OLD_HIGH_INCOME,24,23.76693836139573,0,0.0
35,WFAgent0,MALE_YOUNG_HIGH_INCOME,30,27.942897141364107,31,27.463195370400463
35,WFAgent10,FEMALE_OLD_LOW_INCOME,139,142.4997911686033,2424,0.0
35,WFAgent1,FEMALE_YOUNG,129,123.92426206403323,0,0.0
35,WFAgent2,FEMALE_YOUNG_LOW_INCOME,115,95.24321447631857,0,0.0
35,WFAgent3,FEMALE_OLD_HIGH_INCOME,24,24.815519732491218,443,0.0
35,WFAgent4,MALE_LOW_INCOME,210,184.35382194000985,1801,0.0
35,WFAgent5,YOUNG_HIGH_INCOME,45,45.9776835143141,259,0.0
36,WFAgent6,FEMALE_OLD_LOW_INCOME,139,157.73060990770108,2410,0.0
36,WFAgent7,MALE_YOUNG_LOW_INCOME,106,113.55446046802344,1788,0.0
36,WFAgent8,MALE_YOUNG_HIGH_INCOME,30,29.538317160254504,525,0.0
36,WFAgent9,MALE_OLD,151,148.57028890667843,1616,0.0
36,SIAgent0,FEMALE_OLD_HIGH_INCOME,24,24.172242775263953,28,23.6308915206161
36,WFAgent11,MALE_OLD_HIGH_INCOME,47,45.81309707029404,0,0.0
36,WFAgent0,FEMALE_HIGH_INCOME,39,32.91445604657244,0,0.0
36,WFAgent10,FEMALE_OLD_LOW_INCOME,139,145.59577304845868,0,0.0
36,WFAgent1,FEMALE_OLD_HIGH_INCOME,24,22.964971051129236,393,0.0
36,WFAgent2,MALE_HIGH_INCOME,77,78.22987523396245,843,0.0
36,WFAgent3,MALE_OLD,151,170.25825119515946,183,169.8589501426385
36,WFAgent4,MALE_LOW_INCOME,210,194.92010672106113,0,0.0
36,WFAgent5,FEMALE_YOUNG_HIGH_INCOME,15,13.651254813204371,232,0.0
37,WFAgent6,YOUNG_HIGH_INCOME,45,39.40091406549309,0,0.0
37,WFAgent7,FEMALE_OLD_HIGH_INCOME,24,22.59235995702789,407,0.0
37,WFAgent8,MALE_YOUNG_HIGH_INCOME,30,32.85662317893876,461,0.0
37,WFAgent9,YOUNG_LOW_INCOME,221,212.33412253209303,0,0.0
37,SIAgent0,FEMALE_YOUNG_HIGH_INCOME,15,16.72993682289203,19,16.6359414943193
37,WFAgent11,YOUNG_HIGH_INCOME,45,52.9684973873168,60,52.53455208732416
37,WFAgent0,FEMALE_YOUNG,129,154.90108424468153,1969,0.0
37,WFAgent10,FEMALE_OLD,162,173.4365788035425,2450,0.0
37,WFAgent1,FEMALE_LOW_INCOME,253,233.3940886557566,0,0.0
37,WFAgent2,FEMALE_OLD,162,151.87808778002665,0,0.0
37,WFAgent3,MALE_OLD,151,152.18559422052527,1806,0.0
37,WFAgent4,FEMALE_YOUNG,129,139.09511482822236,235,0.0
37,WFAgent5,MALE_YOUNG_LOW_INCOME,106,118.20678485232469,1843,0.0
38,WFAgent6,MALE_OLD_HIGH_INCOME,47,53.72848899686143,57,53.26551854739919
38,WFAgent7,MALE_HIGH_INCOME,77,83.16942258001127,596,0.0
38,WFAgent8,FEMALE_HIGH_INCOME,39,38.28082051563857,220,0.0
38,WFAgent9,FEMALE_HIGH_INCOME,39,36.80275035807648,0,0.0
38,SIAgent0,FEMALE_OLD,162,177.44116270534354,1197,177.4081299312409
38,WFAgent11,FEMALE_YOUNG_HIGH_INCOME,15,15.448497798633472,186,0.0
38,WFAgent0,MALE_HIGH_INCOME,77,71.0288068315741,0,0.0
38,WFAgent10,MALE_OLD,151,141.10690001153125,0,0.0
38,WFAgent1,OLD_HIGH_INCOME,71,70.89305268024354,744,0.0
38,WFAgent2,FEMALE_HIGH_INCOME,39,46.48128839337332,47,46.133296518846535
38,WFAgent3,FEMALE_OLD,162,171.84466130282718,1367,0.0
38,WFAgent4,MALE_OLD,151,164.80712292219727,1810,0.0
38,WFAgent5,YOUNG_LOW_INCOME,221,238.01423575955192,1865,0.0
39,WFAgent6,FEMALE_YOUNG_LOW_INCOME,115,92.49824972042154,2009,0.0
39,WFAgent7,MALE_YOUNG,136,152.44574669433283,1708,126.42213120714393
39,WFAgent8,FEMALE_OLD_LOW_INCOME,139,141.2121470124968,152,140.396879834264
39,WFAgent9,MALE_YOUNG_LOW_INCOME,106,92.43000015283843,0,0.0
39,SIAgent0,MALE_YOUNG,136,133.28224685404305,216,132.30223033305757
39,WFAgent11,FEMALE_OLD_HIGH_INCOME,24,19.766843938601703,363,0.0
39,WFAgent0,MALE_OLD,151,139.7987332819705,0,0.0
39,WFAgent10,FEMALE_HIGH_INCOME,39,39.968652535113605,262,0.0
39,WFAgent1,FEMALE_LOW_INCOME,253,233.6869118294003,0,0.0
39,WFAgent2,MALE_OLD_LOW_INCOME,104,102.1612026452146,1787,0.0
39,WFAgent3,FEMALE_OLD_LOW_INCOME,139,135.57027530677263,2252,0.0
39,WFAgent4,MALE_YOUNG_HIGH_INCOME,30,28.351760253282414,437,0.0
39,WFAgent5,MALE_OLD_HIGH_INCOME,47,41.532507817230616,814,0.0
40,WFAgent6,FEMALE_YOUNG_HIGH_INCOME,15,14.875335190583053,0,0.0
40,WFAgent7,MALE_YOUNG_HIGH_INCOME,30,31.837738129283487,477,0.0
40,WFAgent8,FEMALE_OLD_HIGH_INCOME,24,24.78241515450711,27,24.197909644722586
40,WFAgent9,OLD_LOW_INCOME,243,241.65079654500036,2194,0.0
40,SIAgent0,OLD_HIGH_INCOME,71,63.6315401768631,1236,23.30169076899212
40,WFAgent11,YOUNG_HIGH_INCOME,45,48.21778123439054,46,48.07779059713537
40,WFAgent0,OLD_LOW_INCOME,243,225.72064847226994,0,0.0
40,WFAgent10,MALE_OLD_LOW_INCOME,104,110.40895348635837,1835,0.0
40,WFAgent1,MALE_YOUNG,136,142.1430330697914,1793,0.0
40,WFAgent2,FEMALE_OLD,162,169.39915563771672,182,169.05826346482758
40,WFAgent3,FEMALE_HIGH_INCOME,39,41.571333473540754,267,0.0
40,WFAgent4,MALE_HIGH_INCOME,77,77.90189082208737,0,0.0
40,WFAgent5,MALE_LOW_INCOME,210,197.87317205178502,0,0.0
41,WFAgent6,MALE_YOUNG_HIGH_INCOME,30,28.169742451281675,330,0.0
41,WFAgent7,MALE_YOUNG_HIGH_INCOME,30,26.80086213844438,0,0.0
41,WFAgent8,FEMALE_OLD_LOW_INCOME,139,142.74612436337893,2474,0.0
41,WFAgent9,FEMALE_LOW_INCOME,253,239.3564385135566,0,0.0
41,SIAgent0,YOUNG_HIGH_INCOME,45,44.32777367792734,107,44.32777367792732
41,WFAgent11,FEMALE_YOUNG_LOW_INCOME,115,101.42794052245438,1657,0.0
41,WFAgent0,FEMALE_YOUNG_LOW_INCOME,115,90.00242367422452,0,0.0
41,WFAgent10,MALE_OLD,151,161.49472836799305,1845,0.0
41,WFAgent1,YOUNG_HIGH_INCOME,45,47.47556001938033,48,47.00785989177176
41,WFAgent2,FEMALE_LOW_INCOME,253,241.08403628863823,308,241.04996949270702
41,WFAgent3,FEMALE_YOUNG_HIGH_INCOME,15,16.263227796749245,16,15.760986196596384
41,WFAgent4,YOUNG_HIGH_INCOME,45,55.37071800471633,56,55.16345168808733
41,WFAgent5,YOUNG_LOW_INCOME,221,222.33250722573032,1823,0.0
42,WFAgent6,MALE_LOW_INCOME,210,197.84794399365106,1542,0.0
42,WFAgent7,MALE_YOUNG_LOW_INCOME,106,91.01205968754452,0,0.0
42,WFAgent8,MALE_HIGH_INCOME,77,83.9475637706711,390,0.0
42,WFAgent9,MALE_YOUNG,136,131.90129737470636,153,131.3664635112668
42,SIAgent0,FEMALE_OLD_LOW_INCOME,139,139.465808272133,138,138.46245713348478
42,WFAgent11,MALE_YOUNG_LOW_INCOME,106,116.91109985631103,122,116.44265610074825
42,WFAgent0,YOUNG_LOW_INCOME,221,241.44728257569201,1970,0.0
42,WFAgent10,MALE_OLD_LOW_INCOME,104,105.55585204943944,1829,0.0
42,WFAgent1,MALE_OLD_LOW_INCOME,104,94.98831554778023,0,0.0
42,WFAgent2,FEMALE_LOW_INCOME,253,279.89417462337616,2278,120.40213663781284
42,WFAgent3,MALE_YOUNG,136,129.80492811230923,0,0.0
42,WFAgent4,MALE_YOUNG,136,148.64515886468865,145,148.06998246129612
42,WFAgent5,MALE_HIGH_INCOME,77,78.63026654841244,803,0.0
43,WFAgent6,FEMALE_YOUNG,129,128.02691042247417,213,0.0
43,WFAgent7,MALE_YOUNG,136,140.20059550566364,1822,0.0
43,WFAgent8,FEMALE_HIGH_INCOME,39,36.109394492145675,0,0.0
43,WFAgent9,FEMALE_OLD,162,164.74632907785823,221,149.0992171237485
43,SIAgent0,FEMALE_OLD,162,150.9629573377952,2192,150.03108723077193
43,WFAgent11,OLD_HIGH_INCOME,71,63.647241124821676,0,0.0
43,WFAgent0,FEMALE_LOW_INCOME,253,242.4059066071389,1967,0.0
43,WFAgent10,OLD_LOW_INCOME,243,250.74697066139203,1512,0.0
43,WFAgent1,FEMALE_HIGH_INCOME,39,41.84253891030001,45,41.6646859524758
43,WFAgent2,OLD_LOW_INCOME,243,278.9457101788611,305,278.6178424049808
43,WFAgent3,OLD_HIGH_INCOME,71,85.87687503388179,820,0.0
43,WFAgent4,MALE_HIGH_INCOME,77,71.92035846822509,490,0.0
43,WFAgent5,MALE_OLD_LOW_INCOME,104,95.00411675448589,0,0.0
44,WFAgent6,MALE_YOUNG_LOW_INCOME,106,106.06295619903153,130,105.56186609510459
44,WFAgent7,FEMALE_YOUNG_HIGH_INCOME,15,14.886909383592037,18,14.597607233290212
44,WFAgent8,MALE_OLD,151,144.53727604004214,839,0.0
44,WFAgent9,OLD_HIGH_INCOME,71,70.31673287026803,182,14.597607233290212
44,SIAgent0,FEMALE_HIGH_INCOME,39,31.62814900546211,131,30.8171708258349
44,WFAgent11,YOUNG_HIGH_INCOME,45,45.84779970601192,514,0.0
44,WFAgent0,MALE_YOUNG_LOW_INCOME,106,94.99925243861304,1536,0.0
44,WFAgent10,FEMALE_OLD_LOW_INCOME,139,140.2175829940582,2414,0.0
44,WFAgent1,FEMALE_YOUNG,129,143.69648784536741,1965,0.0
44,WFAgent2,FEMALE_YOUNG_HIGH_INCOME,15,16.14266753040022,19,15.408585412917446
44,WFAgent3,MALE_LOW_INCOME,210,170.52301446132302,0,0.0
44,WFAgent4,MALE_YOUNG,136,140.48669604460608,156,139.81022057003435
44,WFAgent5,FEMALE_OLD,162,164.27855915014598,202,163.81759228470048
45,WFAgent6,OLD_LOW_INCOME,243,207.6606528109822,1782,0.0
45,WFAgent7,FEMALE_HIGH_INCOME,39,37.85288859585433,0,0.0
45,WFAgent8,MALE_OLD_HIGH_INCOME,47,49.14911163639332,53,48.37176275098934
45,WFAgent9,MALE_OLD_HIGH_INCOME,47,42.89571413766983,54,42.140105048466445
45,SIAgent0,MALE_HIGH_INCOME,77,60.0886683098503,1112,28.873775681356637
45,WFAgent11,FEMALE_OLD_HIGH_INCOME,24,25.807699345310724,381,0.0
45,WFAgent0,FEMALE_YOUNG_HIGH_INCOME,15,15.557092119611047,256,0.0
45,WFAgent10,FEMALE_YOUNG,129,133.18675463789955,1929,0.0
45,WFAgent1,FEMALE_LOW_INCOME,253,244.12330129505634,2268,0.0
45,WFAgent2,YOUNG_LOW_INCOME,221,206.94841065523292,1917,0.0
45,WFAgent3,FEMALE_OLD_LOW_INCOME,139,135.0073192010303,157,134.16758226882374
45,WFAgent4,FEMALE_YOUNG,129,125.05434681741473,0,0.0
45,WFAgent5,OLD_HIGH_INCOME,71,71.74995049701508,91,71.01388072982309
46,WFAgent6,FEMALE_OLD,162,159.27258783831564,315,0.0
46,WFAgent7,FEMALE_HIGH_INCOME,39,33.904986115319254,0,0.0
46,WFAgent8,FEMALE_OLD_LOW_INCOME,139,138.77011114213275,2024,0.0
46,WFAgent9,FEMALE_YOUNG_LOW_INCOME,115,113.06811266521203,1960,0.0
46,SIAgent0,MALE_HIGH_INCOME,77,79.28513127814031,232,78.94651083064764
46,WFAgent11,MALE_OLD_LOW_INCOME,104,88.86752019982869,1837,0.0
46,WFAgent0,MALE_OLD_HIGH_INCOME,47,44.69355725176776,624,0.0
46,WFAgent10,FEMALE_OLD,162,187.02814665773346,187,186.6907250617179
46,WFAgent1,MALE_YOUNG_HIGH_INCOME,30,28.520212826999636,469,0.0
46,WFAgent2,OLD_HIGH_INCOME,71,80.13422688614308,92,79.9809928874199
46,WFAgent3,MALE_YOUNG_HIGH_INCOME,30,26.02632225186186,0,0.0
46,WFAgent4,FEMALE_OLD_LOW_INCOME,139,152.0343044715205,154,151.4072748586451
46,WFAgent5,FEMALE_OLD_LOW_INCOME,139,130.79990561128463,0,0.0
47,WFAgent6,MALE_LOW_INCOME,210,178.93353713465456,0,0.0
47,WFAgent7,FEMALE_LOW_INCOME,253,264.751602496633,1956,0.0
47,WFAgent8,MALE_HIGH_INCOME,77,80.84223856852047,81,80.60235739401467
47,WFAgent9,MALE_LOW_INCOME,210,255.25542376177253,241,254.7664103505151
47,SIAgent0,MALE_YOUNG,136,143.76859671232444,144,143.61215850695262
47,WFAgent11,MALE_YOUNG,136,135.25734853935904,1481,0.0
47,WFAgent0,MALE_HIGH_INCOME,77,76.62199406591527,0,0.0
47,WFAgent10,MALE_LOW_INCOME,210,223.11018866835695,1778,0.0
47,WFAgent1,MALE_OLD_HIGH_INCOME,47,52.5974584772756,840,0.0
47,WFAgent2,MALE_HIGH_INCOME,77,79.92773515330168,341,0.0
47,WFAgent3,MALE_YOUNG,136,129.0895532031847,0,0.0
47,WFAgent4,OLD_HIGH_INCOME,71,74.95206544479063,390,0.0
47,WFAgent5,FEMALE_HIGH_INCOME,39,37.8064055778806,0,0.0
48,WFAgent6,MALE_OLD_LOW_INCOME,104,108.18135257647555,122,107.50237586523951
48,WFAgent7,MALE_YOUNG_LOW_INCOME,106,109.07933064743426,124,108.47595673081696
48,WFAgent8,MALE_OLD_LOW_INCOME,104,92.19624754714705,105,91.85464078012733
48,WFAgent9,MALE_LOW_INCOME,210,185.04507321065785,211,184.58408766292305
48,SIAgent0,MALE_LOW_INCOME,210,183.70928156025465,2993,177.58563884157994
48,WFAgent11,FEMALE_YOUNG,129,135.93366141823887,170,135.15963016948515
48,WFAgent0,MALE_OLD,151,134.4753548513081,776,0.0
48,WFAgent10,MALE_OLD_LOW_INCOME,104,78.4216209782461,0,0.0
48,WFAgent1,FEMALE_HIGH_INCOME,39,39.24914757962395,439,0.0
48,WFAgent2,FEMALE_OLD_LOW_INCOME,139,138.06446621230035,2379,0.0
48,WFAgent3,FEMALE_LOW_INCOME,253,201.1493319581167,0,0.0
48,WFAgent4,FEMALE_YOUNG,129,131.4831394216794,1905,0.0
48,WFAgent5,YOUNG_HIGH_INCOME,45,46.97680736082091,517,0.0
49,WFAgent6,FEMALE_OLD_LOW_INCOME,139,131.26157785059885,0,0.0
49,WFAgent7,OLD_HIGH_INCOME,71,62.475678176734924,390,0.0
49,WFAgent8,MALE_YOUNG_HIGH_INCOME,30,29.819924578570312,30,29.760454099668195
49,WFAgent9,FEMALE_OLD_LOW_INCOME,139,179.0740857688267,2417,0.0
49,SIAgent0,MALE_YOUNG_HIGH_INCOME,30,29.760454099668213,470,21.824333006423345
49,WFAgent11,MALE_YOUNG_LOW_INCOME,106,93.81579847846274,1832,0.0
49,WFAgent0,FEMALE_HIGH_INCOME,39,43.11884506817781,249,0.0
49,WFAgent10,OLD_LOW_INCOME,243,255.34433165830546,0,0.0
49,WFAgent1,OLD_LOW_INCOME,243,261.46048480759265,1831,0.0
49,WFAgent2,MALE_YOUNG_LOW_INCOME,106,87.86787486198237,0,0.0
49,WFAgent3,FEMALE_YOUNG,129,160.57565992211244,1983,0.0
49,WFAgent4,FEMALE_YOUNG,129,106.53688487169299,0,0.0
49,WFAgent5,MALE_YOUNG,136,116.90082233111491,0,0.0
50,WFAgent6,FEMALE_YOUNG,129,144.24632685195485,2005,0.0
50,WFAgent7,MALE_OLD_LOW_INCOME,104,90.6349576265078,1775,0.0
50,WFAgent8,MALE_YOUNG,136,143.04839653269042,0,0.0
50,WFAgent9,MALE_OLD,151,145.9107974922743,771,0.0
50,SIAgent0,MALE_YOUNG_LOW_INCOME,106,122.42352265018201,1811,0.0
50,WFAgent11,FEMALE_OLD,162,146.84701000812737,0,0.0
50,WFAgent0,MALE_YOUNG_HIGH_INCOME,30,28.316216163288892,526,0.0
50,WFAgent10,MALE_HIGH_INCOME,77,66.52281539309008,0,0.0
50,WFAgent1,FEMALE_HIGH_INCOME,39,35.09547850193829,430,0.0
50,WFAgent2,FEMALE_OLD_LOW_INCOME,139,139.78029544433844,2347,0.0
50,WFAgent3,FEMALE_YOUNG,129,131.091574443675,0,0.0
50,WFAgent4,MALE_OLD_HIGH_INCOME,47,53.39463575639205,61,52.69989271400637
50,WFAgent5,YOUNG_HIGH_INCOME,45,43.66545579993335,274,0.0
51,WFAgent6,OLD_LOW_INCOME,243,258.48439153463977,296,257.62711232730635
51,WFAgent7,MALE_LOW_INCOME,210,195.24941288643535,0,0.0
51,WFAgent8,FEMALE_HIGH_INCOME,39,39.856771754071076,376,0.0
51,WFAgent9,FEMALE_YOUNG_HIGH_INCOME,15,15.2780925897274,0,0.0
51,SIAgent0,FEMALE_HIGH_INCOME,39,40.8728556307456,40,40.40835951582944
51,WFAgent11,FEMALE_LOW_INCOME,253,220.20155209056807,0,0.0
51,WFAgent0,MALE_YOUNG,136,161.68124292278864,521,0.0
51,WFAgent10,MALE_LOW_INCOME,210,211.4687732054746,1814,0.0
51,WFAgent1,MALE_OLD_LOW_INCOME,104,108.77275087987273,1753,0.0
51,WFAgent2,OLD_LOW_INCOME,243,252.01391007891445,2123,0.0
51,WFAgent3,OLD_HIGH_INCOME,71,71.27526269801291,0,0.0
51,WFAgent4,FEMALE_YOUNG,129,146.9100278925377,2028,0.0
51,WFAgent5,FEMALE_YOUNG_HIGH_INCOME,15,15.397392357041209,226,0.0
52,WFAgent6,FEMALE_OLD_HIGH_INCOME,24,25.012245820348703,409,0.0
52,WFAgent7,FEMALE_YOUNG_HIGH_INCOME,15,15.36956152566907,214,0.0
52,WFAgent8,MALE_OLD_HIGH_INCOME,47,46.22587708079456,778,0.0
52,WFAgent9,YOUNG_HIGH_INCOME,45,46.60592000248145,536,0.0
52,SIAgent0,OLD_LOW_INCOME,243,224.15173931142158,650,224.15173931142036
52,WFAgent11,OLD_LOW_INCOME,243,270.4115351663045,2091,260.12670981819156
52,WFAgent0,MALE_LOW_INCOME,210,222.05796236204017,1861,0.0
52,WFAgent10,MALE_HIGH_INCOME,77,71.26946116514098,0,0.0
52,WFAgent1,FEMALE_HIGH_INCOME,39,44.19389252598684,49,43.98125456308676
52,WFAgent2,FEMALE_YOUNG,129,133.8308442017553,1992,0.0
52,WFAgent3,FEMALE_YOUNG,129,115.78738446200396,0,0.0
52,WFAgent4,MALE_YOUNG,136,122.93131887013696,0,0.0
52,WFAgent5,FEMALE_OLD_HIGH_INCOME,24,24.164316122804063,0,0.0
53,WFAgent6,MALE_HIGH_INCOME,77,73.30705428000125,536,0.0
53,WFAgent7,FEMALE_HIGH_INCOME,39,40.60438657720079,279,0.0
53,WFAgent8,MALE_OLD,151,146.03248371061756,1865,0.0
53,WFAgent9,OLD_HIGH_INCOME,71,75.63226137160753,78,75.43399820813362
53,SIAgent0,FEMALE_OLD_HIGH_INCOME,24,25.411277769990647,328,0.0
53,WFAgent11,OLD_HIGH_INCOME,71,71.7393151002401,697,0.0
53,WFAgent0,FEMALE_OLD_HIGH_INCOME,24,23.93151135261866,0,0.0
53,WFAgent10,FEMALE_OLD_HIGH_INCOME,24,28.177037937825244,26,27.69632106565909
53,WFAgent1,FEMALE_LOW_INCOME,253,219.5652660151851,1897,0.0
53,WFAgent2,FEMALE_YOUNG,129,124.75687812481146,0,0.0
53,WFAgent3,OLD_HIGH_INCOME,71,77.1799242773989,72,76.23383330997194
53,WFAgent4,YOUNG_LOW_INCOME,221,236.3054490122204,1825,0.0
53,WFAgent5,FEMALE_LOW_INCOME,253,200.18069808087523,0,0.0
54,WFAgent6,FEMALE_OLD,162,170.35938810526218,418,0.0
54,WFAgent7,FEMALE_OLD_LOW_INCOME,139,140.7352388308135,2375,0.0
54,WFAgent8,MALE_YOUNG_LOW_INCOME,106,105.0775600674453,1864,0.0
54,WFAgent9,FEMALE_LOW_INCOME,253,229.34725319178693,1964,0.0
54,SIAgent0,YOUNG_HIGH_INCOME,45,46.94445805300165,734,26.080254473889816
54,WFAgent11,MALE_HIGH_INCOME,77,70.90732988815387,0,0.0
54,WFAgent0,FEMALE_OLD_LOW_INCOME,139,123.71706362704221,0,0.0
54,WFAgent10,MALE_OLD_HIGH_INCOME,47,49.14202397027769,821,0.0
54,WFAgent1,MALE_YOUNG_HIGH_INCOME,30,26.666579094210604,0,0.0
54,WFAgent2,FEMALE_HIGH_INCOME,39,38.13190270244344,0,0.0
54,WFAgent3,FEMALE_OLD,162,146.20328075996503,0,0.0
54,WFAgent4,FEMALE_OLD_HIGH_INCOME,24,25.368084685542506,25,24.44352737336119
54,WFAgent5,YOUNG_HIGH_INCOME,45,52.2392407801415,50,52.16050894777959
55,WFAgent6,FEMALE_OLD_LOW_INCOME,139,160.53051139066017,2401,0.0
55,WFAgent7,FEMALE_HIGH_INCOME,39,39.35925061530464,410,0.0
55,WFAgent8,MALE_YOUNG_LOW_INCOME,106,105.76512455061355,117,105.34228742306523
55,WFAgent9,MALE_LOW_INCOME,210,210.59105966677814,1752,0.0
55,SIAgent0,FEMALE_YOUNG_HIGH_INCOME,15,14.891919958151616,278,0.0
55,WFAgent11,FEMALE_LOW_INCOME,253,274.7484543633506,1982,0.0
55,WFAgent0,MALE_LOW_INCOME,210,189.07590050293723,0,0.0
55,WFAgent10,OLD_HIGH_INCOME,71,70.1410526467599,0,0.0
55,WFAgent1,MALE_LOW_INCOME,210,192.13457752801114,1720,0.0
55,WFAgent2,MALE_OLD,151,175.129396215236,828,0.0
55,WFAgent3,MALE_YOUNG_HIGH_INCOME,30,34.43441889996909,512,0.0
55,WFAgent4,MALE_YOUNG_HIGH_INCOME,30,33.654448554770426,0,0.0
55,WFAgent5,FEMALE_HIGH_INCOME,39,38.23107360712421,0,0.0
56,WFAgent6,FEMALE_HIGH_INCOME,39,34.481149676091476,0,0.0
56,WFAgent7,MALE_HIGH_INCOME,77,74.08967941397296,0,0.0
56,WFAgent8,MALE_YOUNG,136,135.07892232422145,1841,0.0
56,WFAgent9,FEMALE_HIGH_INCOME,39,42.289852243681565,43,41.97976257729048
56,SIAgent0,FEMALE_YOUNG_HIGH_INCOME,15,13.377886479645815,14,12.486027381002765
56,WFAgent11,MALE_OLD_LOW_INCOME,104,99.23820131009491,0,0.0
56,WFAgent0,FEMALE_HIGH_INCOME,39,38.07466838405416,325,0.0
56,WFAgent10,FEMALE_OLD_LOW_INCOME,139,142.54572708163593,0,0.0
56,WFAgent1,FEMALE_HIGH_INCOME,39,41.75870263704729,47,41.55420601990511
56,WFAgent2,OLD_LOW_INCOME,243,254.7308561231617,2376,0.0
56,WFAgent3,FEMALE_YOUNG_HIGH_INCOME,15,13.8779017349368,251,8.918590986430546
56,WFAgent4,MALE_OLD,151,156.77601151107916,1799,0.0
56,WFAgent5,MALE_YOUNG_HIGH_INCOME,30,28.96473482914159,545,0.0
57,WFAgent6,FEMALE_LOW_INCOME,253,234.13665372981256,0,0.0
57,WFAgent7,FEMALE_LOW_INCOME,253,240.86957416364498,1409,0.0
57,WFAgent8,MALE_OLD_LOW_INCOME,104,105.41393872082557,1833,0.0
57,WFAgent9,MALE_OLD_HIGH_INCOME,47,48.91583816192262,50,48.46597572171979
57,SIAgent0,MALE_OLD_HIGH_INCOME,47,45.5580171784166,46,44.58869766398221
57,WFAgent11,FEMALE_OLD_LOW_INCOME,139,110.69347060643406,0,0.0
57,WFAgent0,OLD_LOW_INCOME,243,260.55453143970567,2408,0.0
57,WFAgent10,MALE_YOUNG_LOW_INCOME,106,110.4856978821144,0,0.0
57,WFAgent1,YOUNG_LOW_INCOME,221,252.64746759387208,265,252.29421799749306
57,WFAgent2,MALE_LOW_INCOME,210,234.42231670251604,1807,0.0
57,WFAgent3,MALE_OLD,151,153.98565519420592,729,55.251212322760566
57,WFAgent4,FEMALE_OLD,162,158.68103126033697,392,0.0
57,WFAgent5,FEMALE_LOW_INCOME,253,255.47195756522552,276,255.42180406888653
58,WFAgent6,OLD_LOW_INCOME,243,237.52540787280037,2116,0.0
58,WFAgent7,FEMALE_OLD_HIGH_INCOME,24,23.186127527735195,25,22.736047262647816
58,WFAgent8,FEMALE_YOUNG,129,126.94948583480378,1967,0.0
58,WFAgent9,MALE_OLD_HIGH_INCOME,47,52.51788432457552,811,0.0
58,SIAgent0,OLD_LOW_INCOME,243,261.5855263879615,509,261.0098225751977
58,WFAgent11,FEMALE_HIGH_INCOME,39,38.12697432120821,0,0.0
58,WFAgent0,YOUNG_LOW_INCOME,221,238.70999929382828,1879,0.0
58,WFAgent10,FEMALE_YOUNG_HIGH_INCOME,15,15.217166096074955,100,0.0
58,WFAgent1,MALE_OLD_LOW_INCOME,104,97.77024229342989,1558,0.0
58,WFAgent2,FEMALE_YOUNG,129,146.50402599663244,148,145.64747212054985
58,WFAgent3,FEMALE_OLD,162,147.32958626195781,0,0.0
58,WFAgent4,MALE_YOUNG,136,132.22232416662104,0,0.0
58,WFAgent5,FEMALE_OLD_HIGH_INCOME,24,22.51696348397409,351,0.0
59,WFAgent6,MALE_OLD,151,163.13558104417967,873,0.0
59,WFAgent7,OLD_LOW_INCOME,243,233.77471287906536,1624,0.0
59,WFAgent8,FEMALE_OLD_LOW_INCOME,139,134.57615529043676,2270,0.0
59,WFAgent9,FEMALE_OLD,162,164.16501151597495,407,0.0
59,SIAgent0,YOUNG_HIGH_INCOME,45,45.221747212201926,728,24.11826517984104
59,WFAgent11,MALE_OLD,151,118.18077194761604,0,0.0
59,WFAgent0,FEMALE_OLD_LOW_INCOME,139,125.13711373729537,0,0.0
59,WFAgent10,FEMALE_YOUNG,129,124.44842429678255,1944,0.0
59,WFAgent1,FEMALE_HIGH_INCOME,39,40.29874348869849,40,40.1971086330684
59,WFAgent2,OLD_HIGH_INCOME,71,63.40643180449837,0,0.0
59,WFAgent3,MALE_YOUNG_LOW_INCOME,106,89.46179931255928,1829,0.0
59,WFAgent4,MALE_OLD_LOW_INCOME,104,110.50029108869823,141,110.35423075903236
59,WFAgent5,FEMALE_OLD_LOW_INCOME,139,139.26459833149855,144,138.53316318759443
60,WFAgent6,FEMALE_HIGH_INCOME,39,35.99366230530973,113,0.0
60,WFAgent7,FEMALE_YOUNG_LOW_INCOME,115,110.37603970075773,2002,0.0
60,WFAgent8,FEMALE_HIGH_INCOME,39,33.103465149038996,0,0.0
60,WFAgent9,YOUNG_LOW_INCOME,221,216.7297543207867,0,0.0
60,SIAgent0,MALE_OLD_HIGH_INCOME,47,48.06777090896135,55,47.92981741367417
60,WFAgent11,FEMALE_HIGH_INCOME,39,34.36554953348471,435,0.0
60,WFAgent0,YOUNG_HIGH_INCOME,45,55.178521723015415,510,0.0
60,WFAgent10,MALE_HIGH_INCOME,77,67.10174437914384,0,0.0
60,WFAgent1,YOUNG_LOW_INCOME,221,218.8367277416386,1854,0.0
60,WFAgent2,OLD_HIGH_INCOME,71,65.13910987493325,718,0.0
60,WFAgent3,FEMALE_YOUNG,129,131.00295591751248,148,130.41285463989055
60,WFAgent4,FEMALE_OLD,162,126.85491725229991,0,0.0
60,WFAgent5,MALE_OLD,151,187.59267187160987,1789,0.0
61,WFAgent6,FEMALE_YOUNG,129,129.66053243564923,1885,0.0
61,WFAgent7,MALE_YOUNG_LOW_INCOME,106,95.55232449931357,0,0.0
61,WFAgent8,FEMALE_YOUNG_HIGH_INCOME,15,15.291333296005002,194,0.0
61,WFAgent9,FEMALE_OLD_LOW_INCOME,139,166.42164890698547,2495,0.0
61,SIAgent0,MALE_YOUNG,136,146.92604140927605,192,145.84570286950208
61,WFAgent11,FEMALE_YOUNG_LOW_INCOME,115,125.80992738997891,144,125.32719521592955
61,WFAgent0,FEMALE_OLD_LOW_INCOME,139,133.99571871534667,0,0.0
61,WFAgent10,YOUNG_HIGH_INCOME,45,49.09223055498276,48,48.24577951093921
61,WFAgent1,FEMALE_OLD,162,165.47734551997618,406,0.0
61,WFAgent2,MALE_YOUNG_LOW_INCOME,106,113.85454232143368,1425,0.0
61,WFAgent3,MALE_OLD,151,154.22655048332382,1739,0.0
61,WFAgent4,YOUNG_LOW_INCOME,221,249.44182772052056,253,248.99504436023605
61,WFAgent5,FEMALE_YOUNG,129,112.27227904760329,0,0.0
62,WFAgent6,YOUNG_HIGH_INCOME,45,49.72711803097123,548,0.0
62,WFAgent7,FEMALE_YOUNG_LOW_INCOME,115,121.17376022454904,117,120.79874236602228
62,WFAgent8,FEMALE_YOUNG,129,133.18835696766575,0,0.0
62,WFAgent9,MALE_YOUNG_LOW_INCOME,106,96.29593280879904,1804,0.0
62,SIAgent0,FEMALE_OLD_HIGH_INCOME,24,20.720411401289088,354,0.0
62,WFAgent11,FEMALE_OLD,162,142.12622198965087,2465,0.0
62,WFAgent0,FEMALE_OLD_HIGH_INCOME,24,26.956651255759905,31,26.763864726665062
62,WFAgent10,MALE_OLD_LOW_INCOME,104,105.03669555095561,1798,0.0
62,WFAgent1,MALE_OLD,151,160.6924763070441,818,0.0
62,WFAgent2,FEMALE_YOUNG,129,135.2409329885878,1790,0.0
62,WFAgent3,MALE_OLD_LOW_INCOME,104,91.30643763267953,0,0.0
62,WFAgent4,FEMALE_OLD_HIGH_INCOME,24,27.82504587417668,31,27.19699309678503
62,WFAgent5,MALE_OLD_HIGH_INCOME,47,47.31152734311222,0,0.0
63,WFAgent6,FEMALE_YOUNG,129,135.93212851775758,0,0.0
63,WFAgent7,FEMALE_YOUNG_HIGH_INCOME,15,12.74862090428372,277,0.0
63,WFAgent8,MALE_YOUNG_LOW_INCOME,106,108.54142351324785,1630,0.0
63,WFAgent9,MALE_LOW_INCOME,210,175.66174432778757,0,0.0
63,SIAgent0,FEMALE_YOUNG_LOW_INCOME,115,126.35470414506385,1945,0.0
63,WFAgent11,FEMALE_OLD,162,178.65573058525075,422,0.0
63,WFAgent0,MALE_YOUNG_HIGH_INCOME,30,22.863625092329066,519,0.0
63,WFAgent10,FEMALE_LOW_INCOME,253,275.0930450477857,2426,0.0
63,WFAgent1,OLD_HIGH_INCOME,71,75.09023668180927,0,0.0
63,WFAgent2,MALE_OLD,151,136.36436321618373,0,0.0
63,WFAgent3,FEMALE_OLD_LOW_INCOME,139,120.83891803869385,0,0.0
63,WFAgent4,MALE_YOUNG_LOW_INCOME,106,122.20999770213434,146,122.12673653265229
63,WFAgent5,MALE_OLD_HIGH_INCOME,47,45.44072091930368,817,0.0
64,WFAgent6,FEMALE_YOUNG_HIGH_INCOME,15,13.416591255516252,240,0.0
64,WFAgent7,FEMALE_YOUNG_LOW_INCOME,115,117.17345451986134,1988,0.0
64,WFAgent8,MALE_OLD_HIGH_INCOME,47,47.558628007642945,755,0.0
64,WFAgent9,FEMALE_OLD,162,186.68768834926976,2399,0.0
64,SIAgent0,MALE_OLD_LOW_INCOME,104,91.3534758571155,1699,79.93429137497593
64,WFAgent11,FEMALE_OLD,162,138.44465385819282,0,0.0
64,WFAgent0,FEMALE_YOUNG_HIGH_INCOME,15,10.928523387704331,0,0.0
64,WFAgent10,MALE_HIGH_INCOME,77,76.79823353418587,529,0.0
64,WFAgent1,MALE_OLD_HIGH_INCOME,47,51.31815775901337,51,50.866362470694476
64,WFAgent2,MALE_OLD_HIGH_INCOME,47,46.61963616123062,0,0.0
64,WFAgent3,MALE_OLD_LOW_INCOME,104,91.90989144329302,104,91.35347585711533
64,WFAgent4,MALE_YOUNG_LOW_INCOME,106,109.18829751289913,1797,0.0
64,WFAgent5,FEMALE_OLD_HIGH_INCOME,24,21.93221629067458,438,0.0
65,WFAgent6,MALE_HIGH_INCOME,77,79.5846781354954,84,78.83675628497564
65,WFAgent7,MALE_LOW_INCOME,210,187.69057624763656,0,0.0
65,WFAgent8,MALE_YOUNG,136,127.64046255662697,277,0.0
65,WFAgent9,MALE_OLD_LOW_INCOME,104,111.02476119391349,123,110.85412552767563
65,SIAgent0,FEMALE_OLD,162,155.57316412924027,2724,15.365250778196575
65,WFAgent11,YOUNG_HIGH_INCOME,45,36.59872209970685,0,0.0
65,WFAgent0,MALE_LOW_INCOME,210,208.80065763295946,1644,0.0
65,WFAgent10,YOUNG_HIGH_INCOME,45,48.21225842401723,261,0.0
65,WFAgent1,MALE_YOUNG,136,119.94063614676787,1840,0.0
65,WFAgent2,OLD_LOW_INCOME,243,219.00449189614,0,0.0
65,WFAgent3,FEMALE_OLD_HIGH_INCOME,24,25.272845089819096,26,24.96853251456944
65,WFAgent4,MALE_HIGH_INCOME,77,78.80021895767011,873,0.0
65,WFAgent5,MALE_YOUNG,136,138.9375783043398,157,138.46088143413638
66,WFAgent6,OLD_HIGH_INCOME,71,67.27396781780601,68,0.0
66,WFAgent7,MALE_HIGH_INCOME,77,74.27472194415293,94,73.55095278868463
66,WFAgent8,YOUNG_LOW_INCOME,221,237.54929462360963,303,237.08445420182284
66,WFAgent9,FEMALE_OLD,162,177.57994067044964,170,177.56570628708056
66,SIAgent0,FEMALE_OLD,162,171.4058973204921,1971,170.34783622592175
66,WFAgent11,YOUNG_LOW_INCOME,221,206.084114638821,2001,0.0
66,WFAgent0,MALE_HIGH_INCOME,77,73.60449655478084,418,0.0
66,WFAgent10,FEMALE_OLD,162,149.4436546159792,0,0.0
66,WFAgent1,MALE_YOUNG_LOW_INCOME,106,96.54446868239658,1262,0.0
66,WFAgent2,MALE_YOUNG_LOW_INCOME,106,114.46674110392853,122,113.76589133907767
66,WFAgent3,MALE_YOUNG_LOW_INCOME,106,139.59734560044603,129,138.65999550427924
66,WFAgent4,MALE_OLD_HIGH_INCOME,47,43.365498323986806,816,0.0
66,WFAgent5,MALE_YOUNG,136,106.41414446022468,0,0.0
67,WFAgent6,FEMALE_YOUNG,129,149.60175214196352,2008,0.0
67,WFAgent7,MALE_YOUNG,136,146.10417241624094,518,0.0
67,WFAgent8,YOUNG_LOW_INCOME,221,228.80170320673375,244,228.3765088882785
67,WFAgent9,MALE_YOUNG_HIGH_INCOME,30,30.175727149690367,0,0.0
67,SIAgent0,MALE_OLD_HIGH_INCOME,47,53.630269212152506,815,0.0
67,WFAgent11,MALE_LOW_INCOME,210,210.0466140302203,1606,0.0
67,WFAgent0,YOUNG_LOW_INCOME,221,227.42048326614713,0,0.0
67,WFAgent10,FEMALE_OLD_LOW_INCOME,139,99.94630688528073,0,0.0
67,WFAgent1,FEMALE_OLD_HIGH_INCOME,24,28.341900556187717,419,0.0
67,WFAgent2,FEMALE_OLD,162,183.90697614558394,2372,0.0
67,WFAgent3,FEMALE_HIGH_INCOME,39,42.18978429057166,0,0.0
67,WFAgent4,MALE_OLD,151,142.33453828091262,1765,0.0
67,WFAgent5,MALE_YOUNG_LOW_INCOME,106,99.21274566457947,0,0.0
68,WFAgent6,FEMALE_OLD_LOW_INCOME,139,129.69280187622485,2364,0.0
68,WFAgent7,MALE_YOUNG_LOW_INCOME,106,110.1233936092222,1847,0.0
68,WFAgent8,OLD_HIGH_INCOME,71,75.47070031042834,389,0.0
68,WFAgent9,FEMALE_YOUNG,129,103.09774138138303,0,0.0
68,SIAgent0,MALE_OLD_HIGH_INCOME,47,44.645802582653744,47,44.64580258265371
68,WFAgent11,FEMALE_YOUNG,129,129.32530968017898,143,128.49021543761233
68,WFAgent0,OLD_LOW_INCOME,243,231.4238577504981,0,0.0
68,WFAgent10,FEMALE_YOUNG,129,118.94572654848645,148,118.28268003445517
68,WFAgent1,YOUNG_HIGH_INCOME,45,45.37076119080007,538,0.0
68,WFAgent2,OLD_LOW_INCOME,243,271.85053149806174,1795,0.0
68,WFAgent3,MALE_HIGH_INCOME,77,79.31239410122484,720,48.44544535564551
68,WFAgent4,FEMALE_YOUNG,129,115.91075378637713,1748,0.0
68,WFAgent5,FEMALE_HIGH_INCOME,39,39.15891146437386,0,0.0
69,WFAgent6,MALE_OLD_HIGH_INCOME,47,41.30742805024548,801,0.0
69,WFAgent7,FEMALE_OLD_LOW_INCOME,139,172.12240154654668,180,171.95396162940864
69,WFAgent8,MALE_YOUNG_HIGH_INCOME,30,27.508745297703687,0,0.0
69,WFAgent9,MALE_YOUNG_HIGH_INCOME,30,27.55154388569527,464,0.0
69,SIAgent0,FEMALE_OLD,162,154.7585654664681,1804,154.75856546646793
69,WFAgent11,FEMALE_YOUNG_HIGH_INCOME,15,11.790493247812154,0,0.0
69,WFAgent0,MALE_OLD,151,133.1628057338791,0,0.0
69,WFAgent10,FEMALE_YOUNG_HIGH_INCOME,15,16.324688108739913,248,0.0
69,WFAgent1,MALE_LOW_INCOME,210,235.91966644536137,1895,0.0
69,WFAgent2,MALE_YOUNG,136,149.27795681636724,1850,0.0
69,WFAgent3,MALE_YOUNG_HIGH_INCOME,30,28.993323420644735,31,28.42570347429379
69,WFAgent4,FEMALE_OLD,162,164.4670322848498,241,143.29496802450745
69,WFAgent5,MALE_YOUNG_HIGH_INCOME,30,34.78340474242418,37,33.98023745902414
70,WFAgent6,YOUNG_LOW_INCOME,221,242.41860215210266,1834,0.0
70,WFAgent7,MALE_YOUNG_LOW_INCOME,106,84.47403087933382,0,0.0
70,WFAgent8,OLD_HIGH_INCOME,71,72.07176658849707,78,71.38444283562463
70,WFAgent9,OLD_LOW_INCOME,243,234.7009492720048,1785,0.0
70,SIAgent0,FEMALE_LOW_INCOME,253,250.4381561184583,4200,145.5114978237685
70,WFAgent11,FEMALE_HIGH_INCOME,39,34.207806250326485,0,0.0
70,WFAgent0,MALE_OLD,151,151.8250371549108,806,0.0
70,WFAgent10,MALE_HIGH_INCOME,77,58.615060703921884,0,0.0
70,WFAgent1,YOUNG_LOW_INCOME,221,204.18101527040318,0,0.0
70,WFAgent2,FEMALE_OLD_HIGH_INCOME,24,23.905861653897794,361,0.0
70,WFAgent3,FEMALE_OLD,162,148.25999665860502,0,0.0
70,WFAgent4,FEMALE_OLD,162,162.08128242134973,163,161.3494839814576
70,WFAgent5,MALE_YOUNG_HIGH_INCOME,30,28.370591230812693,494,0.0
71,WFAgent6,FEMALE_YOUNG_LOW_INCOME,115,116.66655645086102,122,116.38707521842613
71,WFAgent7,YOUNG_LOW_INCOME,221,176.95162515475806,1839,0.0
71,WFAgent8,FEMALE_OLD_LOW_INCOME,139,133.96627822336117,140,133.55893877524304
71,WFAgent9,OLD_LOW_INCOME,243,242.71891404613214,287,242.5427571069329
71,SIAgent0,FEMALE_LOW_INCOME,253,241.36008221526032,408,241.36008221525918
71,WFAgent11,MALE_LOW_INCOME,210,200.83804336628847,1265,0.0
71,WFAgent0,MALE_YOUNG,136,118.77182798712185,0,0.0
71,WFAgent10,MALE_YOUNG_HIGH_INCOME,30,32.509864152079295,493,0.0
71,WFAgent1,MALE_LOW_INCOME,210,177.47031007824427,0,0.0
71,WFAgent2,OLD_LOW_INCOME,243,233.3524458457368,2115,148.82281749241346
71,WFAgent3,OLD_LOW_INCOME,243,256.7283065194862,267,256.399600990994
71,WFAgent4,FEMALE_OLD,162,143.75642917490492,371,0.0
71,WFAgent5,MALE_YOUNG_HIGH_INCOME,30,33.25767625234636,38,33.18624605522522
72,WFAgent6,FEMALE_OLD_HIGH_INCOME,24,25.315347875790337,0,0.0
72,WFAgent7,MALE_LOW_INCOME,210,231.4344359427013,1764,0.0
72,WFAgent8,FEMALE_HIGH_INCOME,39,45.387892255610176,44,44.957362606620904
72,WFAgent9,FEMALE_HIGH_INCOME,39,44.365562144882304,44,44.09243188273059
72,SIAgent0,FEMALE_YOUNG,129,128.66824045440828,2111,24.9357055144202
72,WFAgent11,FEMALE_YOUNG_HIGH_INCOME,15,15.326373615893502,15,14.961423308652122
72,WFAgent0,FEMALE_OLD,162,197.30451571048957,2464,0.0
72,WFAgent10,MALE_LOW_INCOME,210,186.03637988210045,0,0.0
72,WFAgent1,MALE_YOUNG_LOW_INCOME,106,112.3301377890344,1783,0.0
72,WFAgent2,FEMALE_YOUNG_HIGH_INCOME,15,15.031510869112687,15,14.961423308652122
72,WFAgent3,FEMALE_HIGH_INCOME,39,46.990181726245865,414,0.0
72,WFAgent4,MALE_HIGH_INCOME,77,67.38939754997901,525,0.0
72,WFAgent5,FEMALE_OLD,162,185.34894784115934,0,0.0
73,WFAgent6,FEMALE_OLD_HIGH_INCOME,24,27.413834102781752,27,26.60828663435949
73,WFAgent7,MALE_HIGH_INCOME,77,75.63602784009879,0,0.0
73,WFAgent8,MALE_OLD_LOW_INCOME,104,90.39027123600563,0,0.0
73,WFAgent9,FEMALE_YOUNG_HIGH_INCOME,15,15.00862707563894,254,0.0
73,SIAgent0,OLD_LOW_INCOME,243,298.066876481029,801,297.2449304107127
73,WFAgent11,OLD_HIGH_INCOME,71,69.96993892738979,0,0.0
73,WFAgent0,YOUNG_LOW_INCOME,221,229.02405187486687,1814,0.0
73,WFAgent10,FEMALE_OLD_HIGH_INCOME,24,24.6133954025112,376,0.0
73,WFAgent1,FEMALE_OLD_LOW_INCOME,139,146.7222369286823,1895,0.0
73,WFAgent2,FEMALE_YOUNG,129,121.2046388941646,0,0.0
73,WFAgent3,MALE_OLD,151,151.81220125911892,1453,0.0
73,WFAgent4,FEMALE_LOW_INCOME,253,268.5094211516708,2003,0.0
73,WFAgent5,MALE_HIGH_INCOME,77,79.79579085181456,557,0.0
74,WFAgent6,FEMALE_HIGH_INCOME,39,39.64056619059192,228,10.278685012328832
74,WFAgent7,OLD_HIGH_INCOME,71,80.89612466979544,798,0.0
74,WFAgent8,MALE_YOUNG_LOW_INCOME,106,103.3733611515504,1504,0.0
74,WFAgent9,YOUNG_LOW_INCOME,221,251.03800444662528,269,250.30077312839643
74,SIAgent0,FEMALE_YOUNG,129,120.54094241731087,128,119.6065165070994
74,WFAgent11,OLD_HIGH_INCOME,71,67.17557634504115,400,0.0
74,WFAgent0,MALE_OLD,151,130.52085061801608,1796,0.0
74,WFAgent10,MALE_HIGH_INCOME,77,73.6106286775139,81,72.75660929279994
74,WFAgent1,OLD_HIGH_INCOME,71,59.379538511391864,0,0.0
74,WFAgent2,YOUNG_HIGH_INCOME,45,40.42033849599994,0,0.0
74,WFAgent3,MALE_HIGH_INCOME,77,73.2146052447171,428,0.0
74,WFAgent4,FEMALE_YOUNG_LOW_INCOME,115,125.60826303931223,1892,98.11472057222996
74,WFAgent5,YOUNG_LOW_INCOME,221,205.63743814637655,0,0.0
75,WFAgent6,MALE_LOW_INCOME,210,148.81739533917624,0,0.0
75,WFAgent7,FEMALE_LOW_INCOME,253,265.7491537632106,0,0.0
75,WFAgent8,FEMALE_HIGH_INCOME,39,33.8575423972942,398,0.0
75,WFAgent9,FEMALE_LOW_INCOME,253,279.7556707147223,1929,0.0
75,SIAgent0,MALE_LOW_INCOME,210,214.75630889958347,209,213.73365980958604
75,WFAgent11,MALE_OLD,151,151.20776680503843,0,0.0
75,WFAgent0,MALE_YOUNG,136,145.9053661186597,153,145.78948666944
75,WFAgent10,MALE_HIGH_INCOME,77,83.20631289201388,832,0.0
75,WFAgent1,MALE_HIGH_INCOME,77,84.61117764473954,97,84.52837312595688
75,WFAgent2,MALE_YOUNG_LOW_INCOME,106,106.43981353284833,1550,0.0
75,WFAgent3,MALE_YOUNG_HIGH_INCOME,30,30.717994175414045,419,0.0
75,WFAgent4,MALE_OLD_LOW_INCOME,104,118.74944331152864,1735,117.60464534977173
75,WFAgent5,YOUNG_HIGH_INCOME,45,39.21419371822748,0,0.0
76,WFAgent6,FEMALE_YOUNG,129,136.200738743449,137,135.55941808369963
76,WFAgent7,FEMALE_HIGH_INCOME,39,40.93270285744124,401,0.0
76,WFAgent8,MALE_OLD,151,140.97114842900726,0,0.0
76,WFAgent9,FEMALE_YOUNG,129,134.72500592678705,1845,0.0
76,SIAgent0,OLD_LOW_INCOME,243,279.34074449947383,704,279.26391847983507
76,WFAgent11,YOUNG_HIGH_INCOME,45,41.856443446586695,0,0.0
76,WFAgent0,MALE_YOUNG,136,154.38048432982728,1840,0.0
76,WFAgent10,OLD_LOW_INCOME,243,242.16227410394475,1511,0.0
76,WFAgent1,FEMALE_YOUNG_HIGH_INCOME,15,15.131401074495193,270,0.0
76,WFAgent2,OLD_LOW_INCOME,243,234.00390410551756,1880,0.0
76,WFAgent3,YOUNG_HIGH_INCOME,45,48.08014496441784,524,0.0
76,WFAgent4,MALE_YOUNG,136,128.38417178892487,0,0.0
76,WFAgent5,FEMALE_YOUNG,129,127.64353965545416,0,0.0
77,WFAgent6,FEMALE_OLD,162,150.83385916279647,176,140.28495682728723
77,WFAgent7,MALE_YOUNG_HIGH_INCOME,30,33.797324903456776,33,33.0007368771902
77,WFAgent8,MALE_YOUNG,136,135.43152121945178,1788,0.0
77,WFAgent9,OLD_HIGH_INCOME,71,74.3502545670209,79,73.55478317198097
77,SIAgent0,FEMALE_OLD,162,149.51423030276675,2336,148.59130295521882
77,WFAgent11,FEMALE_OLD,162,177.31680550684234,192,177.2020507292054
77,WFAgent0,MALE_OLD,151,172.5621811386147,1778,0.0
77,WFAgent10,FEMALE_YOUNG_HIGH_INCOME,15,14.749737839536149,236,0.0
77,WFAgent1,MALE_YOUNG,136,102.26908509439758,0,0.0
77,WFAgent2,FEMALE_OLD_LOW_INCOME,139,123.67171806162804,99,0.0
77,WFAgent3,MALE_HIGH_INCOME,77,79.9858100098279,445,0.0
77,WFAgent4,FEMALE_OLD_HIGH_INCOME,24,22.878820642561752,24,22.150256341150644
77,WFAgent5,MALE_HIGH_INCOME,77,77.0017193801105,800,0.0
78,WFAgent6,MALE_OLD_HIGH_INCOME,47,49.25701682414252,823,0.0
78,WFAgent7,FEMALE_YOUNG_LOW_INCOME,115,116.08453769318831,1978,0.0
78,WFAgent8,MALE_OLD_LOW_INCOME,104,116.46220512227754,1796,0.0
78,WFAgent9,FEMALE_OLD_HIGH_INCOME,24,22.366587272270944,431,0.0
78,SIAgent0,MALE_YOUNG_LOW_INCOME,106,111.41981703840345,106,111.41981703840327
78,WFAgent11,FEMALE_YOUNG_HIGH_INCOME,15,13.797872360688217,244,0.0
78,WFAgent0,FEMALE_LOW_INCOME,253,212.10551491607222,0,0.0
78,WFAgent10,FEMALE_OLD_HIGH_INCOME,24,21.794434408089376,0,0.0
78,WFAgent1,OLD_LOW_INCOME,243,272.18785528971523,324,271.62919696761594
78,WFAgent2,MALE_YOUNG,136,161.73469259770098,1708,124.03338123143004
78,WFAgent3,FEMALE_OLD,162,167.15846362671414,2077,0.0
78,WFAgent4,MALE_OLD,151,149.6606552086196,0,0.0
78,WFAgent5,YOUNG_HIGH_INCOME,45,48.61218697452417,513,0.0
79,WFAgent6,FEMALE_YOUNG_HIGH_INCOME,15,17.314488332130434,258,0.0
79,WFAgent7,FEMALE_LOW_INCOME,253,273.8716106416716,2398,0.0
79,WFAgent8,FEMALE_HIGH_INCOME,39,42.18019166197192,0,0.0
79,WFAgent9,FEMALE_LOW_INCOME,253,241.5679521927515,0,0.0
79,SIAgent0,OLD_HIGH_INCOME,71,60.93578501523738,1106,59.21928402889261
79,WFAgent11,MALE_OLD_HIGH_INCOME,47,41.65143929619384,48,41.19602367227313
79,WFAgent0,YOUNG_LOW_INCOME,221,231.27947083841389,2038,0.0
79,WFAgent10,MALE_YOUNG,136,133.4980090555659,0,0.0
79,WFAgent1,MALE_OLD_LOW_INCOME,104,112.15518529364059,1516,0.0
79,WFAgent2,OLD_LOW_INCOME,243,272.4960725729792,258,271.8410120073706
79,WFAgent3,FEMALE_OLD_HIGH_INCOME,24,23.756544825770092,27,23.172763315653643
79,WFAgent4,MALE_LOW_INCOME,210,240.46829053554362,1822,0.0
79,WFAgent5,MALE_OLD_LOW_INCOME,104,109.57932266963755,0,0.0
80,WFAgent6,MALE_YOUNG_HIGH_INCOME,30,28.31700113988984,441,0.0
80,WFAgent7,FEMALE_HIGH_INCOME,39,42.18825980622874,0,0.0
80,WFAgent8,FEMALE_OLD,162,182.52444113117758,418,0.0
80,WFAgent9,FEMALE_LOW_INCOME,253,293.09992379871113,260,292.63529734934804
80,SIAgent0,FEMALE_OLD_LOW_INCOME,139,134.26316877326317,138,133.29724669575802
80,WFAgent11,FEMALE_OLD_LOW_INCOME,139,136.87199027493057,2276,120.74025968818658
80,WFAgent0,MALE_HIGH_INCOME,77,78.50907315390121,84,78.34564654214029
80,WFAgent10,OLD_LOW_INCOME,243,250.4117283331649,1736,0.0
80,WFAgent1,MALE_YOUNG,136,126.84533249679863,1854,0.0
80,WFAgent2,FEMALE_LOW_INCOME,253,279.1741255842971,0,0.0
80,WFAgent3,FEMALE_LOW_INCOME,253,286.9415729245335,1693,0.0
80,WFAgent4,FEMALE_YOUNG,129,145.1921283002534,265,0.0
80,WFAgent5,OLD_HIGH_INCOME,71,67.06459697158182,0,0.0
81,WFAgent6,OLD_LOW_INCOME,243,272.52655710760064,1827,0.0
81,WFAgent7,YOUNG_LOW_INCOME,221,223.05535179903922,1897,0.0
81,WFAgent8,MALE_YOUNG,136,125.79883994087731,498,0.0
81,WFAgent9,MALE_YOUNG_LOW_INCOME,106,83.80153245150053,0,0.0
81,SIAgent0,FEMALE_YOUNG,129,145.6803559466858,174,144.9504566813705
81,WFAgent11,FEMALE_HIGH_INCOME,39,39.387045902639564,413,0.0
81,WFAgent0,OLD_LOW_INCOME,243,251.90568437447348,0,0.0
81,WFAgent10,FEMALE_OLD_HIGH_INCOME,24,21.94313342927017,0,0.0
81,WFAgent1,MALE_YOUNG_LOW_INCOME,106,123.12876497004358,133,123.02386553041705
81,WFAgent2,FEMALE_LOW_INCOME,253,239.6893172574297,2366,0.0
81,WFAgent3,FEMALE_YOUNG,129,120.68428906176084,0,0.0
81,WFAgent4,FEMALE_OLD_LOW_INCOME,139,127.95082095005603,0,0.0
81,WFAgent5,MALE_YOUNG_LOW_INCOME,106,102.83507445784468,1686,0.0
82,WFAgent6,MALE_HIGH_INCOME,77,66.92234339611441,0,0.0
82,WFAgent7,FEMALE_OLD,162,160.25508578878885,390,0.0
82,WFAgent8,YOUNG_LOW_INCOME,221,240.07297067316046,256,239.93670135171308
82,WFAgent9,MALE_OLD,151,146.8811456887963,1852,0.0
82,SIAgent0,MALE_HIGH_INCOME,77,75.36894516874845,1287,0.0
82,WFAgent11,FEMALE_LOW_INCOME,253,217.40394647702186,0,0.0
82,WFAgent0,FEMALE_YOUNG,129,136.35605464170249,1974,0.0
82,WFAgent10,MALE_LOW_INCOME,210,215.53771739922936,1559,0.0
82,WFAgent1,YOUNG_LOW_INCOME,221,207.13285546378458,0,0.0
82,WFAgent2,FEMALE_YOUNG_HIGH_INCOME,15,13.769714978574616,0,0.0
82,WFAgent3,MALE_OLD_HIGH_INCOME,47,39.042154503178104,0,0.0
82,WFAgent4,FEMALE_OLD_LOW_INCOME,139,140.29134890135845,2446,0.0
82,WFAgent5,FEMALE_YOUNG,129,135.12259730817627,236,0.0
83,WFAgent6,YOUNG_HIGH_INCOME,45,50.336067258588955,249,0.0
83,WFAgent7,YOUNG_HIGH_INCOME,45,45.56774350147248,0,0.0
83,WFAgent8,YOUNG_HIGH_INCOME,45,53.09005351744563,52,53.04550166781825
83,WFAgent9,YOUNG_HIGH_INCOME,45,45.904761058688855,425,0.0
83,SIAgent0,MALE_OLD_LOW_INCOME,104,113.70116833115759,1752,0.0
83,WFAgent11,MALE_YOUNG_LOW_INCOME,106,103.37034499008382,1833,0.0
83,WFAgent0,MALE_YOUNG,136,124.42529588245085,0,0.0
83,WFAgent10,MALE_OLD,151,147.5578005157206,750,0.0
83,WFAgent1,FEMALE_OLD_HIGH_INCOME,24,25.5675680521595,387,0.0
83,WFAgent2,FEMALE_OLD,162,149.93321300689544,0,0.0
83,WFAgent3,MALE_LOW_INCOME,210,188.30944512904898,0,0.0
83,WFAgent4,MALE_YOUNG_HIGH_INCOME,30,31.224102330951382,30,30.37849566764833
83,WFAgent5,YOUNG_LOW_INCOME,221,206.89305425507206,2072,0.0
84,WFAgent6,FEMALE_YOUNG_LOW_INCOME,115,111.65760304109583,1628,0.0
84,WFAgent7,FEMALE_YOUNG,129,151.35301144928926,271,0.0
84,WFAgent8,MALE_YOUNG,136,139.49858483096307,1854,0.0
84,WFAgent9,MALE_HIGH_INCOME,77,78.75419864065192,0,0.0
84,SIAgent0,MALE_HIGH_INCOME,77,88.4828644229188,1330,0.0
84,WFAgent11,OLD_HIGH_INCOME,71,73.8730694523151,385,0.0
84,WFAgent0,FEMALE_YOUNG,129,130.70609430127197,134,130.10538093484172
84,WFAgent10,FEMALE_YOUNG_LOW_INCOME,115,108.42407054162187,0,0.0
84,WFAgent1,FEMALE_OLD_LOW_INCOME,139,127.49939597714429,2396,0.0
84,WFAgent2,MALE_LOW_INCOME,210,219.73298839261108,0,0.0
84,WFAgent3,FEMALE_YOUNG_LOW_INCOME,115,114.72891455338255,121,114.08097856988019
84,WFAgent4,MALE_OLD_LOW_INCOME,104,112.36504975996111,1760,0.0
84,WFAgent5,FEMALE_YOUNG_LOW_INCOME,115,120.8662041336957,121,120.71477096486315
85,WFAgent6,MALE_HIGH_INCOME,77,78.25556009151224,294,0.0
85,WFAgent7,MALE_YOUNG,136,151.65267094316266,154,151.07875884484923
85,WFAgent8,FEMALE_OLD_HIGH_INCOME,24,22.990553081800503,385,0.0
85,WFAgent9,MALE_YOUNG_LOW_INCOME,106,117.60736536167131,1828,0.0
85,SIAgent0,MALE_OLD,151,178.88050290211675,596,178.86985163774216
85,WFAgent11,FEMALE_OLD_HIGH_INCOME,24,26.466703047904808,30,25.84389706627728
85,WFAgent0,MALE_OLD_HIGH_INCOME,47,47.37576422789936,597,0.0
85,WFAgent10,MALE_YOUNG,136,133.42020261623077,0,0.0
85,WFAgent1,MALE_OLD_HIGH_INCOME,47,39.05653887430596,0,0.0
85,WFAgent2,FEMALE_OLD,162,139.55704415789722,0,0.0
85,WFAgent3,MALE_LOW_INCOME,210,229.4907419093857,1342,0.0
85,WFAgent4,MALE_OLD_HIGH_INCOME,47,48.737514042401344,58,48.19743095127125
85,WFAgent5,FEMALE_LOW_INCOME,253,274.8023754787687,2043,0.0
86,WFAgent6,FEMALE_HIGH_INCOME,39,41.76831394296062,435,0.0
86,WFAgent7,OLD_HIGH_INCOME,71,70.92770798439267,0,0.0
86,WFAgent8,FEMALE_YOUNG_LOW_INCOME,115,104.6089135603668,2008,0.0
86,WFAgent9,FEMALE_LOW_INCOME,253,270.0129535730863,2204,163.33828402469447
86,SIAgent0,FEMALE_OLD_LOW_INCOME,139,139.2884753339421,138,138.28639997182745
86,WFAgent11,YOUNG_LOW_INCOME,221,225.4600072830148,1700,0.0
86,WFAgent0,YOUNG_LOW_INCOME,221,199.6523629780824,0,0.0
86,WFAgent10,MALE_YOUNG_LOW_INCOME,106,113.96351837835903,126,113.82894902822831
86,WFAgent1,MALE_YOUNG_HIGH_INCOME,30,30.298254337510958,524,0.0
86,WFAgent2,YOUNG_HIGH_INCOME,45,47.490431979041645,302,0.0
86,WFAgent3,OLD_LOW_INCOME,243,266.60051404330903,1775,0.0
86,WFAgent4,YOUNG_HIGH_INCOME,45,44.06092663762292,0,0.0
86,WFAgent5,MALE_YOUNG,136,118.31655791278456,0,0.0
87,WFAgent6,MALE_HIGH_INCOME,77,70.96924199544621,773,0.0
87,WFAgent7,MALE_HIGH_INCOME,77,57.7013069049508,312,0.0
87,WFAgent8,MALE_OLD_HIGH_INCOME,47,58.28070570914147,77,57.70130690495077
87,WFAgent9,FEMALE_YOUNG_HIGH_INCOME,15,14.024573316792123,140,0.0
87,SIAgent0,YOUNG_HIGH_INCOME,45,43.409125904513445,223,43.40912590451343
87,WFAgent11,OLD_LOW_INCOME,243,222.66845138543948,0,0.0
87,WFAgent0,YOUNG_HIGH_INCOME,45,51.60146570845178,53,50.8814104470047
87,WFAgent10,MALE_OLD_LOW_INCOME,104,117.51229689741939,1775,0.0
87,WFAgent1,YOUNG_HIGH_INCOME,45,37.89902449251336,0,0.0
87,WFAgent2,FEMALE_OLD_LOW_INCOME,139,138.63745095623628,2417,0.0
87,WFAgent3,MALE_YOUNG,136,148.5749974525532,1828,0.0
87,WFAgent4,FEMALE_YOUNG_LOW_INCOME,115,118.56642328203897,1991,0.0
87,WFAgent5,FEMALE_HIGH_INCOME,39,36.53553146725008,411,0.0
88,WFAgent6,MALE_OLD_HIGH_INCOME,47,53.01508108867318,63,52.20260500790368
88,WFAgent7,MALE_YOUNG_HIGH_INCOME,30,25.48037343117739,30,24.858383337097017
88,WFAgent8,MALE_YOUNG_LOW_INCOME,106,106.11968502374553,1708,0.0
88,WFAgent9,OLD_HIGH_INCOME,71,71.42652542859899,418,0.0
88,SIAgent0,MALE_HIGH_INCOME,77,63.803183898548994,1219,11.60057889064527
88,WFAgent11,FEMALE_OLD_LOW_INCOME,139,109.14578182642578,0,0.0
88,WFAgent0,FEMALE_LOW_INCOME,253,332.91735175657726,1962,0.0
88,WFAgent10,FEMALE_LOW_INCOME,253,273.30644061046104,2409,0.0
88,WFAgent1,MALE_YOUNG,136,127.36719493406041,0,0.0
88,WFAgent2,MALE_YOUNG_LOW_INCOME,106,118.39675630505376,126,118.00196001243832
88,WFAgent3,FEMALE_YOUNG_HIGH_INCOME,15,13.917529445504382,262,0.0
88,WFAgent4,YOUNG_LOW_INCOME,221,226.8354652566376,0,0.0
88,WFAgent5,MALE_LOW_INCOME,210,223.3495215207243,1803,0.0
89,WFAgent6,FEMALE_OLD,162,186.31340567711206,439,0.0
89,WFAgent7,MALE_OLD_HIGH_INCOME,47,47.50755597263116,56,46.69528852494794
89,WFAgent8,MALE_OLD_LOW_INCOME,104,95.63094468755818,1500,0.0
89,WFAgent9,FEMALE_LOW_INCOME,253,260.5716505793357,0,0.0
89,SIAgent0,OLD_LOW_INCOME,243,278.54042430036543,336,278.0973151443089
89,WFAgent11,MALE_OLD_LOW_INCOME,104,113.39943505731675,147,112.93028389935932
89,WFAgent0,MALE_HIGH_INCOME,77,64.20602172180338,556,0.0
89,WFAgent10,OLD_LOW_INCOME,243,186.68067338465497,0,0.0
89,WFAgent1,FEMALE_YOUNG_LOW_INCOME,115,118.51946996831697,1903,0.0
89,WFAgent2,YOUNG_HIGH_INCOME,45,44.99059443315138,246,0.0
89,WFAgent3,FEMALE_OLD_HIGH_INCOME,24,20.043441473965984,0,0.0
89,WFAgent4,FEMALE_OLD_LOW_INCOME,139,131.39730818503784,2249,0.0
89,WFAgent5,OLD_HIGH_INCOME,71,68.81615725292933,791,0.0
90,WFAgent6,FEMALE_OLD,162,154.5966665413412,104,0.0
90,WFAgent7,FEMALE_LOW_INCOME,253,222.52930209523018,0,0.0
90,WFAgent8,FEMALE_HIGH_INCOME,39,50.24204108291167,43,49.429991040888495
90,WFAgent9,MALE_YOUNG_HIGH_INCOME,30,30.42866803328087,507,0.0
90,SIAgent0,FEMALE_OLD_LOW_INCOME,139,136.5271956748782,155,136.33218112553652
90,WFAgent11,FEMALE_HIGH_INCOME,39,44.93721721300082,47,44.852119305203956
90,WFAgent0,FEMALE_LOW_INCOME,253,256.2745211372688,279,256.25224471424536
90,WFAgent10,FEMALE_OLD,162,150.22091585814323,2265,0.0
90,WFAgent1,MALE_HIGH_INCOME,77,64.69515612559475,0,0.0
90,WFAgent2,FEMALE_HIGH_INCOME,39,44.83185233941049,275,0.0
90,WFAgent3,FEMALE_OLD,162,173.29911322021545,186,172.47586635564616
90,WFAgent4,FEMALE_YOUNG_LOW_INCOME,115,109.29559779004364,1682,0.0
90,WFAgent5,FEMALE_YOUNG,129,118.48222067432789,0,0.0
91,WFAgent6,FEMALE_YOUNG_LOW_INCOME,115,113.3647911661865,0,0.0
91,WFAgent7,FEMALE_OLD_LOW_INCOME,139,171.38042592628278,159,171.0300993789761
91,WFAgent8,MALE_LOW_INCOME,210,197.4842911028915,0,0.0
91,WFAgent9,FEMALE_HIGH_INCOME,39,34.854368012910506,288,0.0
91,SIAgent0,FEMALE_YOUNG_LOW_INCOME,115,115.30811745089,1765,0.0
91,WFAgent11,OLD_LOW_INCOME,243,281.3872545860687,2213,0.0
91,WFAgent0,MALE_LOW_INCOME,210,230.46781733014444,1801,0.0
91,WFAgent10,FEMALE_LOW_INCOME,253,272.1422336030244,271,271.72608547122644
91,WFAgent1,MALE_YOUNG_HIGH_INCOME,30,29.80214869559082,501,0.0
91,WFAgent2,FEMALE_LOW_INCOME,253,268.61327088583624,0,0.0
91,WFAgent3,OLD_HIGH_INCOME,71,74.03499828284356,448,0.0
91,WFAgent4,MALE_OLD,151,141.7509644764819,1797,0.0
91,WFAgent5,FEMALE_OLD_HIGH_INCOME,24,18.482669992879288,0,0.0
92,WFAgent6,FEMALE_YOUNG_HIGH_INCOME,15,13.601994155005086,0,0.0
92,WFAgent7,FEMALE_OLD_LOW_INCOME,139,148.5291051554629,0,0.0
92,WFAgent8,MALE_HIGH_INCOME,77,73.06911851976153,529,0.0
92,WFAgent9,FEMALE_LOW_INCOME,253,281.3668672100882,295,281.26372080115294
92,SIAgent0,FEMALE_YOUNG_HIGH_INCOME,15,17.345612190543147,261,0.0
92,WFAgent11,MALE_YOUNG_LOW_INCOME,106,107.27285550523284,0,0.0
92,WFAgent0,OLD_LOW_INCOME,243,297.79347245448616,1771,0.0
92,WFAgent10,FEMALE_HIGH_INCOME,39,39.60753484902593,393,0.0
92,WFAgent1,FEMALE_YOUNG_LOW_INCOME,115,144.2897078931432,134,143.87874710232762
92,WFAgent2,FEMALE_OLD_LOW_INCOME,139,151.19293675531927,2383,0.0
92,WFAgent3,FEMALE_YOUNG_LOW_INCOME,115,109.64517929536508,0,0.0
92,WFAgent4,FEMALE_LOW_INCOME,253,270.8422855345349,1550,0.0
92,WFAgent5,YOUNG_LOW_INCOME,221,237.29256051951097,1830,0.0
93,WFAgent6,YOUNG_HIGH_INCOME,45,42.21108509738427,258,0.0
93,WFAgent7,FEMALE_HIGH_INCOME,39,37.90826113599939,0,0.0
93,WFAgent8,FEMALE_YOUNG,129,136.9079507185972,2022,0.0
93,WFAgent9,YOUNG_HIGH_INCOME,45,45.01724061400271,51,44.256032648672566
93,SIAgent0,MALE_OLD,151,148.3926848901218,2561,0.0
93,WFAgent11,OLD_HIGH_INCOME,71,71.06059945567509,327,0.0
93,WFAgent0,OLD_HIGH_INCOME,71,72.75508863465146,74,72.56891509952676
93,WFAgent10,MALE_YOUNG,136,118.01608706312688,0,0.0
93,WFAgent1,MALE_YOUNG_HIGH_INCOME,30,27.01991774042683,472,0.0
93,WFAgent2,MALE_YOUNG_LOW_INCOME,106,116.84629113599296,134,116.2805563710223
93,WFAgent3,MALE_LOW_INCOME,210,214.31058053581614,1635,0.0
93,WFAgent4,OLD_HIGH_INCOME,71,69.62693205495137,0,0.0
93,WFAgent5,FEMALE_OLD_LOW_INCOME,139,140.82989499061273,2466,0.0
94,WFAgent6,MALE_HIGH_INCOME,77,79.53141146277454,696,0.0
94,WFAgent7,MALE_HIGH_INCOME,77,77.4543694061924,0,0.0
94,WFAgent8,OLD_HIGH_INCOME,71,80.57389931245967,80,80.4720721103297
94,WFAgent9,OLD_LOW_INCOME,243,211.04926796288615,0,0.0
94,SIAgent0,FEMALE_YOUNG,129,108.4064809782515,311,107.56612066059084
94,WFAgent11,FEMALE_OLD,162,182.84148214886918,2457,0.0
94,WFAgent0,OLD_LOW_INCOME,243,283.45891636573555,326,283.1360549625564
94,WFAgent10,MALE_OLD_LOW_INCOME,104,111.32766748397506,1417,0.0
94,WFAgent1,FEMALE_OLD_HIGH_INCOME,24,21.80830220417555,413,0.0
94,WFAgent2,FEMALE_YOUNG_HIGH_INCOME,15,16.007556906387318,19,15.966846035556415
94,WFAgent3,FEMALE_YOUNG,129,127.98671181696335,211,12.605404764912961
94,WFAgent4,FEMALE_YOUNG_LOW_INCOME,115,100.83942642025909,119,100.00287780164304
94,WFAgent5,MALE_YOUNG_HIGH_INCOME,30,30.338476617320133,545,0.0
95,WFAgent6,FEMALE_OLD_HIGH_INCOME,24,25.71592273512433,380,0.0
95,WFAgent7,MALE_OLD_HIGH_INCOME,47,42.62912073817743,697,0.0
95,WFAgent8,MALE_OLD_LOW_INCOME,104,113.003408689447,1879,0.0
95,WFAgent9,FEMALE_YOUNG,129,128.11051490011997,254,0.0
95,SIAgent0,MALE_HIGH_INCOME,77,80.11718996387643,85,80.03178754450042
95,WFAgent11,MALE_YOUNG_HIGH_INCOME,30,27.53491000472548,0,0.0
95,WFAgent0,FEMALE_YOUNG,129,114.04127012866473,1853,0.0
95,WFAgent10,MALE_YOUNG_HIGH_INCOME,30,32.886943328151105,473,21.850142717420848
95,WFAgent1,MALE_OLD_HIGH_INCOME,47,43.73111804959068,50,43.71256085103961
95,WFAgent2,FEMALE_YOUNG_LOW_INCOME,115,101.51156261627843,0,0.0
95,WFAgent3,FEMALE_YOUNG_LOW_INCOME,115,110.23196146305278,124,109.45594577755237
95,WFAgent4,OLD_LOW_INCOME,243,259.60964748724393,0,0.0
95,WFAgent5,OLD_HIGH_INCOME,71,62.07183640847629,0,0.0
96,WFAgent6,OLD_HIGH_INCOME,71,67.39706830087034,0,0.0
96,WFAgent7,MALE_OLD_LOW_INCOME,104,114.45929175915971,1771,0.0
96,WFAgent8,MALE_YOUNG,136,154.96406872917737,1787,0.0
96,WFAgent9,OLD_LOW_INCOME,243,227.6391973607804,0,0.0
96,SIAgent0,FEMALE_OLD_HIGH_INCOME,24,29.123562614962573,30,28.705582464490128
96,WFAgent11,FEMALE_OLD,162,155.01014530824665,1814,0.0
96,WFAgent0,FEMALE_OLD,162,160.64962696758184,370,0.0
96,WFAgent10,FEMALE_YOUNG,129,144.43261417467622,1997,0.0
96,WFAgent1,MALE_YOUNG_LOW_INCOME,106,103.34648623656115,0,0.0
96,WFAgent2,FEMALE_OLD,162,200.03237552954755,199,199.8622912469571
96,WFAgent3,MALE_HIGH_INCOME,77,85.13037765767147,514,0.0
96,WFAgent4,OLD_LOW_INCOME,243,273.83819867621526,276,273.69936446328677
96,WFAgent5,FEMALE_OLD_LOW_INCOME,139,139.6023039363164,149,139.58123624179566
97,WFAgent6,MALE_OLD_LOW_INCOME,104,91.8790507635141,1756,0.0
97,WFAgent7,FEMALE_OLD,162,140.02021955952262,0,0.0
97,WFAgent8,FEMALE_OLD,162,178.31618478139325,206,178.05040264976333
97,WFAgent9,MALE_YOUNG_HIGH_INCOME,30,28.47219399309447,0,0.0
97,SIAgent0,MALE_OLD_HIGH_INCOME,47,48.75372212133156,57,48.194844395247245
97,WFAgent11,FEMALE_OLD_LOW_INCOME,139,142.15824295626606,2230,0.0
97,WFAgent0,FEMALE_OLD,162,170.78493934756915,180,170.77206966368874
97,WFAgent10,MALE_LOW_INCOME,210,230.75216613091018,1803,0.0
97,WFAgent1,OLD_HIGH_INCOME,71,60.03217459758874,0,0.0
97,WFAgent2,MALE_HIGH_INCOME,77,85.68958233658061,541,0.0
97,WFAgent3,FEMALE_LOW_INCOME,253,240.02963124951722,1981,0.0
97,WFAgent4,FEMALE_OLD_HIGH_INCOME,24,23.760005481096677,187,0.0
97,WFAgent5,OLD_HIGH_INCOME,71,73.31119370341854,786,0.0
98,WFAgent6,MALE_YOUNG_LOW_INCOME,106,106.64175269272404,132,106.43665174528645
98,WFAgent7,FEMALE_YOUNG_HIGH_INCOME,15,13.329750202682089,0,0.0
98,WFAgent8,YOUNG_LOW_INCOME,221,202.31385942163215,1318,184.65146401265605
98,WFAgent9,FEMALE_YOUNG,129,131.98151928402712,232,0.0
98,SIAgent0,YOUNG_LOW_INCOME,221,178.20075784627514,1002,178.20075784627505
98,WFAgent11,FEMALE_YOUNG_HIGH_INCOME,15,15.96462498621398,17,15.107050229706367
98,WFAgent0,YOUNG_HIGH_INCOME,45,50.74853779080014,507,0.0
98,WFAgent10,FEMALE_OLD,162,160.33954473373134,0,0.0
98,WFAgent1,FEMALE_OLD_HIGH_INCOME,24,25.315811970840727,25,24.743756903353614
98,WFAgent2,FEMALE_OLD,162,161.9919455764379,419,0.0
98,WFAgent3,FEMALE_LOW_INCOME,253,273.3083736517093,2365,0.0
98,WFAgent4,MALE_YOUNG_LOW_INCOME,106,121.2046558051203,132,120.83904725635968
98,WFAgent5,MALE_OLD_LOW_INCOME,104,98.87871763835008,1815,0.0
99,WFAgent6,FEMALE_OLD_HIGH_INCOME,24,25.10838008234149,335,0.0
99,WFAgent7,FEMALE_YOUNG_HIGH_INCOME,15,14.295745147108086,247,0.0
99,WFAgent8,OLD_LOW_INCOME,243,209.42897556122196,1786,0.0
99,WFAgent9,OLD_HIGH_INCOME,71,73.17753818726803,0,0.0
99,SIAgent0,MALE_HIGH_INCOME,77,85.1105314111258,96,84.93187061663143
99,WFAgent11,MALE_OLD_HIGH_INCOME,47,47.34314189966235,731,0.0
99,WFAgent0,MALE_HIGH_INCOME,77,68.1224378904231,0,0.0
99,WFAgent10,OLD_HIGH_INCOME,71,81.23117408893356,78,80.39222505080151
99,WFAgent1,FEMALE_YOUNG,129,133.80724978233062,1822,0.0
99,WFAgent2,FEMALE_OLD_LOW_INCOME,139,137.38591857189635,2494,0.0
99,WFAgent3,YOUNG_HIGH_INCOME,45,48.060295462047186,490,0.0
99,WFAgent4,FEMALE_YOUNG_LOW_INCOME,115,122.49254837687772,125,122.18603927549599
99,WFAgent5,FEMALE_YOUNG,129,126.0959925323122,0,0.0

