0,WFAgent6,FEMALE_YOUNG_LOW_INCOME,13,11.773484828427575,15,11.550000000000004
0,WEAgent0,MALE_OLD,17,15.882009912587451,20,15.400000000000002
0,WFAgent0,OLD_LOW_INCOME,27,24.7128224104441,32,24.639999999999997
0,WFAgent1,FEMALE_YOUNG_HIGH_INCOME,2,1.9990616990867647,2,1.540000000000001
0,WFAgent2,MALE_HIGH_INCOME,9,7.9814458302685996,10,7.700000000000005
0,WFAgent3,OLD_LOW_INCOME,27,29.926036582369733,38,29.259999999999994
0,WFAgent4,FEMALE_LOW_INCOME,28,26.221418543869195,34,26.179999999999996
0,WFAgent5,OLD_LOW_INCOME,27,24.03318962231335,31,23.869999999999997
1,WFAgent6,FEMALE_OLD_HIGH_INCOME,3,3.0796260295184066,3,2.3100000000000014
1,WEAgent0,OLD_HIGH_INCOME,8,8.497717422479273,11,8.470000000000006
1,WFAgent0,FEMALE_YOUNG_LOW_INCOME,13,10.33488862242193,13,10.010000000000005
1,WFAgent1,MALE_YOUNG_HIGH_INCOME,4,3.4454454498482923,4,3.080000000000002
1,WFAgent2,MALE_LOW_INCOME,23,26.89977344800741,34,26.179999999999996
1,WFAgent3,OLD_LOW_INCOME,27,28.89552988695956,37,28.489999999999995
1,WFAgent4,FEMALE_OLD_LOW_INCOME,16,15.036481814380512,19,14.630000000000003
1,WFAgent5,MALE_YOUNG_HIGH_INCOME,4,4.2167141145932545,5,3.8500000000000023
2,WFAgent6,MALE_YOUNG,15,12.983869197280335,16,12.320000000000004
2,WEAgent0,FEMALE_OLD_LOW_INCOME,16,15.327507556943097,16,15.13953833463415
2,WFAgent0,OLD_LOW_INCOME,27,24.59126135233584,31,23.869999999999997
2,WFAgent1,YOUNG_HIGH_INCOME,5,4.416766374470212,5,3.8500000000000023
2,WFAgent2,MALE_OLD_LOW_INCOME,12,11.876988172963285,15,11.550000000000004
2,WFAgent3,FEMALE_YOUNG_HIGH_INCOME,2,2.043474010061453,2,1.540000000000001
2,WFAgent4,FEMALE_OLD_LOW_INCOME,16,16.792508827319228,17,16.285476779252036
2,WFAgent5,MALE_OLD_HIGH_INCOME,6,6.50725904183684,8,6.160000000000004
3,WFAgent6,MALE_YOUNG_LOW_INCOME,12,11.923468689101803,15,11.550000000000004
3,WEAgent0,FEMALE_OLD_HIGH_INCOME,3,2.8059870158550733,3,2.8059870158550733
3,WFAgent0,MALE_YOUNG_LOW_INCOME,12,12.377815613099738,16,12.320000000000004
3,WFAgent1,MALE_OLD,17,18.098861818221607,23,17.71
3,WFAgent2,MALE_HIGH_INCOME,9,9.004332881277282,11,8.470000000000006
3,WFAgent3,FEMALE_OLD_HIGH_INCOME,3,3.1812023360384507,3,2.640658010570049
3,WFAgent4,FEMALE_LOW_INCOME,28,26.637085282927057,34,26.179999999999996
3,WFAgent5,FEMALE_YOUNG_LOW_INCOME,13,13.740943528790746,17,13.090000000000003
4,WFAgent6,FEMALE_OLD_LOW_INCOME,16,16.061316223514993,20,15.400000000000002
4,WEAgent0,MALE_OLD_LOW_INCOME,12,10.891461599933209,14,10.780000000000005
4,WFAgent0,MALE_YOUNG,15,14.102607512744482,18,13.860000000000003
4,WFAgent1,MALE_HIGH_INCOME,9,9.699874081807089,12,9.240000000000006
4,WFAgent2,FEMALE_YOUNG,14,14.174501319136963,18,13.860000000000003
4,WFAgent3,FEMALE_OLD_HIGH_INCOME,3,3.0512869085928367,3,2.792077634939867
4,WFAgent4,FEMALE_HIGH_INCOME,5,4.653462724899779,6,4.620000000000003
4,WFAgent5,FEMALE_OLD_HIGH_INCOME,3,3.001172429162707,3,2.3100000000000014
5,WFAgent6,FEMALE_OLD,18,22.103181518582772,28,21.56
5,WEAgent0,MALE_HIGH_INCOME,9,8.28678336918022,10,7.700000000000005
5,WFAgent0,MALE_LOW_INCOME,23,22.604469473518783,29,22.33
5,WFAgent1,MALE_LOW_INCOME,23,22.11532738019238,28,21.56
5,WFAgent2,FEMALE_OLD_LOW_INCOME,16,18.182673700118787,23,17.71
5,WFAgent3,FEMALE_YOUNG,14,15.504555337997388,20,15.400000000000002
5,WFAgent4,FEMALE_YOUNG_HIGH_INCOME,2,2.026203849384372,2,1.540000000000001
5,WFAgent5,MALE_YOUNG_HIGH_INCOME,4,4.086127324419375,4,3.6830148307467643
6,WFAgent6,MALE_OLD_LOW_INCOME,12,14.237397883101076,18,13.860000000000003
6,WEAgent0,MALE_YOUNG_LOW_INCOME,12,9.822278088441003,12,9.822278088441003
6,WFAgent0,MALE_YOUNG_LOW_INCOME,12,14.758232824677483,18,14.684893958624755
6,WFAgent1,FEMALE_HIGH_INCOME,5,4.464456258449297,5,3.8500000000000023
6,WFAgent2,MALE_YOUNG_HIGH_INCOME,4,3.7332163241461824,4,3.080000000000002
6,WFAgent3,OLD_HIGH_INCOME,8,9.625885839863914,12,9.240000000000006
6,WFAgent4,FEMALE_YOUNG_LOW_INCOME,13,13.006229130078298,16,12.320000000000004
6,WFAgent5,FEMALE_YOUNG,14,15.429144483919607,20,15.400000000000002
7,WFAgent6,MALE_YOUNG,15,15.638007371329216,20,15.400000000000002
7,WEAgent0,FEMALE_HIGH_INCOME,5,4.52096359395406,5,4.386770875163249
7,WFAgent0,FEMALE_HIGH_INCOME,5,5.099076409199502,5,4.52096359395406
7,WFAgent1,MALE_OLD_HIGH_INCOME,6,5.367796649405278,6,4.620000000000003
7,WFAgent2,MALE_YOUNG_LOW_INCOME,12,11.232615908641861,14,10.780000000000005
7,WFAgent3,MALE_YOUNG_HIGH_INCOME,4,3.83376283894387,4,3.080000000000002
7,WFAgent4,MALE_OLD,17,19.729552722698052,25,19.25
7,WFAgent5,MALE_YOUNG_HIGH_INCOME,4,4.1344719671815655,5,3.8500000000000023
8,WFAgent6,FEMALE_YOUNG,14,17.900909376477983,23,17.71
8,WEAgent0,YOUNG_HIGH_INCOME,5,5.2607609767146375,6,4.620000000000003
8,WFAgent0,OLD_LOW_INCOME,27,29.21565175470874,37,28.489999999999995
8,WFAgent1,YOUNG_HIGH_INCOME,5,5.019955508077874,6,4.620000000000003
8,WFAgent2,FEMALE_OLD,18,18.612213854897888,24,18.48
8,WFAgent3,MALE_YOUNG_LOW_INCOME,12,11.62532780237427,15,11.550000000000004
8,WFAgent4,MALE_YOUNG_LOW_INCOME,12,13.865031428678815,18,13.860000000000003
8,WFAgent5,FEMALE_YOUNG,14,13.915844440798148,18,13.860000000000003
9,WFAgent6,FEMALE_OLD,18,20.931790049351086,27,20.79
9,WEAgent0,FEMALE_OLD_LOW_INCOME,16,16.000734596926467,18,15.700367298463231
9,WFAgent0,MALE_OLD,17,15.194414288375036,19,14.630000000000003
9,WFAgent1,YOUNG_LOW_INCOME,24,25.90635697922259,33,25.409999999999997
9,WFAgent2,FEMALE_OLD_LOW_INCOME,16,16.818133071727807,16,16.000734596926467
9,WFAgent3,FEMALE_YOUNG,14,14.858893624811802,19,14.630000000000003
9,WFAgent4,MALE_LOW_INCOME,23,25.083437304199418,32,24.639999999999997
9,WFAgent5,MALE_LOW_INCOME,23,24.991392341890126,32,24.639999999999997
10,WFAgent6,OLD_LOW_INCOME,27,27.145768601338975,35,26.949999999999996
10,WEAgent0,FEMALE_OLD_HIGH_INCOME,3,2.8072872510087192,3,2.3100000000000014
10,WFAgent0,MALE_HIGH_INCOME,9,9.535653664257525,12,9.240000000000006
10,WFAgent1,FEMALE_YOUNG_HIGH_INCOME,2,1.7998213837709627,2,1.540000000000001
10,WFAgent2,FEMALE_LOW_INCOME,28,25.92051168398382,33,25.409999999999997
10,WFAgent3,MALE_LOW_INCOME,23,22.422642892772878,29,22.33
10,WFAgent4,FEMALE_OLD,18,17.78495713937962,23,17.71
10,WFAgent5,FEMALE_OLD_LOW_INCOME,16,14.525941501162254,18,13.860000000000003
11,WFAgent6,MALE_YOUNG_LOW_INCOME,12,11.12073879486391,14,10.780000000000005
11,WEAgent0,FEMALE_YOUNG,14,12.906276840136478,16,12.320000000000004
11,WFAgent0,FEMALE_OLD_LOW_INCOME,16,14.432587112396961,18,13.860000000000003
11,WFAgent1,OLD_LOW_INCOME,27,24.531007596083235,31,23.869999999999997
11,WFAgent2,FEMALE_YOUNG,14,15.985272415495565,20,15.400000000000002
11,WFAgent3,FEMALE_LOW_INCOME,28,22.13234673244814,28,21.56
11,WFAgent4,OLD_LOW_INCOME,27,30.61552355547741,38,30.03675627975104
11,WFAgent5,MALE_OLD_LOW_INCOME,12,11.651265621965168,15,11.550000000000004
12,WFAgent6,FEMALE_YOUNG,14,14.136463611164023,18,13.860000000000003
12,WEAgent0,MALE_HIGH_INCOME,9,8.135721585263042,10,7.700000000000005
12,WFAgent0,MALE_YOUNG_LOW_INCOME,12,11.433572798618348,14,10.780000000000005
12,WFAgent1,MALE_LOW_INCOME,23,23.209434490174292,30,23.099999999999998
12,WFAgent2,MALE_OLD_LOW_INCOME,12,12.968197279423396,16,12.320000000000004
12,WFAgent3,MALE_YOUNG,15,17.37149519764509,22,16.94
12,WFAgent4,MALE_YOUNG_HIGH_INCOME,4,3.6719303116857294,4,3.615876260116907
12,WFAgent5,YOUNG_HIGH_INCOME,5,5.504763615141056,6,5.423814390175361
13,WFAgent6,FEMALE_HIGH_INCOME,5,5.08429675420599,6,4.620000000000003
13,WEAgent0,FEMALE_OLD_HIGH_INCOME,3,3.1885907452889337,4,3.080000000000002
13,WFAgent0,FEMALE_OLD_HIGH_INCOME,3,2.984322874026161,3,2.3100000000000014
13,WFAgent1,MALE_OLD,17,17.784010840138087,23,17.71
13,WFAgent2,FEMALE_LOW_INCOME,28,27.91225838650228,36,27.719999999999995
13,WFAgent3,OLD_LOW_INCOME,27,27.17939151490751,35,26.949999999999996
13,WFAgent4,YOUNG_LOW_INCOME,24,26.070740428409845,33,25.409999999999997
13,WFAgent5,FEMALE_OLD,18,13.202223602178483,0,0.0
14,WFAgent6,FEMALE_YOUNG_HIGH_INCOME,2,1.8125465976248916,2,1.540000000000001
14,WEAgent0,MALE_YOUNG,15,11.685504553346636,15,11.550000000000004
14,WFAgent0,OLD_HIGH_INCOME,8,8.81649374301393,11,8.470000000000006
14,WFAgent1,FEMALE_LOW_INCOME,28,27.056756463603534,35,26.949999999999996
14,WFAgent2,YOUNG_LOW_INCOME,24,23.12940985753531,30,23.099999999999998
14,WFAgent3,OLD_HIGH_INCOME,8,7.7400171896604855,10,7.700000000000005
14,WFAgent4,MALE_OLD,17,16.99545085596437,22,16.94
14,WFAgent5,FEMALE_YOUNG_HIGH_INCOME,2,1.66819772182721,2,1.540000000000001
15,WFAgent6,FEMALE_LOW_INCOME,28,33.168274857703246,43,33.11
15,WEAgent0,OLD_HIGH_INCOME,8,8.680261548867641,11,8.470000000000006
15,WFAgent0,FEMALE_YOUNG_LOW_INCOME,13,13.250520735995476,17,13.090000000000003
15,WFAgent1,MALE_OLD_LOW_INCOME,12,12.259571173942202,15,11.550000000000004
15,WFAgent2,FEMALE_OLD,18,16.884481196894974,21,16.17
15,WFAgent3,FEMALE_YOUNG_HIGH_INCOME,2,2.3351887070662705,3,2.3100000000000014
15,WFAgent4,FEMALE_YOUNG,14,13.487315395129398,17,13.090000000000003
15,WFAgent5,MALE_YOUNG_HIGH_INCOME,4,3.838850605290314,4,3.080000000000002
16,WFAgent6,MALE_YOUNG_LOW_INCOME,12,12.037648301441052,15,11.550000000000004
16,WEAgent0,FEMALE_YOUNG_HIGH_INCOME,2,1.8416445379393083,2,1.540000000000001
16,WFAgent0,OLD_HIGH_INCOME,8,8.116115082147594,10,7.700000000000005
16,WFAgent1,MALE_YOUNG_LOW_INCOME,12,14.161723330857876,14,14.043923018347892
16,WFAgent2,MALE_YOUNG_LOW_INCOME,12,13.354749206416392,17,13.090000000000003
16,WFAgent3,FEMALE_HIGH_INCOME,5,5.122473760356352,6,4.620000000000003
16,WFAgent4,FEMALE_YOUNG,14,14.313302751970433,18,13.860000000000003
16,WFAgent5,MALE_YOUNG,15,17.19950003666807,22,16.94
17,WFAgent6,FEMALE_YOUNG_HIGH_INCOME,2,1.8498610038488534,2,1.5747137799848916
17,WEAgent0,FEMALE_HIGH_INCOME,5,3.9367844499622286,5,3.8500000000000023
17,WFAgent0,FEMALE_HIGH_INCOME,5,5.860651577700238,7,5.390000000000003
17,WFAgent1,MALE_OLD_HIGH_INCOME,6,6.414776817279152,8,6.160000000000004
17,WFAgent2,FEMALE_YOUNG,14,11.714588698603144,15,11.550000000000004
17,WFAgent3,MALE_LOW_INCOME,23,28.58370649628216,37,28.489999999999995
17,WFAgent4,MALE_YOUNG,15,13.791203218346979,17,13.090000000000003
17,WFAgent5,YOUNG_HIGH_INCOME,5,5.039152999313833,6,4.620000000000003
18,WFAgent6,FEMALE_YOUNG_HIGH_INCOME,2,1.9468224153840898,2,1.8437871252274916
18,WEAgent0,FEMALE_YOUNG,14,12.906509876592441,16,12.623787125227494
18,WFAgent0,FEMALE_HIGH_INCOME,5,5.936604218950153,6,5.531361375682475
18,WFAgent1,MALE_OLD_HIGH_INCOME,6,5.280502394821491,6,4.620000000000003
18,WFAgent2,FEMALE_OLD,18,17.012710813554747,22,16.94
18,WFAgent3,FEMALE_OLD,18,20.3163154075449,26,20.02
18,WFAgent4,MALE_OLD_LOW_INCOME,12,13.296330805323779,17,13.090000000000003
18,WFAgent5,FEMALE_LOW_INCOME,28,32.62141922607967,42,32.339999999999996
19,WFAgent6,FEMALE_YOUNG_LOW_INCOME,13,13.55156468537593,17,13.090000000000003
19,WEAgent0,OLD_HIGH_INCOME,8,7.618695860576021,9,6.930000000000004
19,WFAgent0,MALE_OLD,17,15.835997226626384,20,15.400000000000002
19,WFAgent1,FEMALE_OLD,18,20.160643328165197,21,19.56211422112671
19,WFAgent2,OLD_LOW_INCOME,27,26.63663168961985,34,26.179999999999996
19,WFAgent3,MALE_YOUNG_LOW_INCOME,12,12.82398351166913,16,12.320000000000004
19,WFAgent4,FEMALE_YOUNG_HIGH_INCOME,2,2.106463968544135,2,1.540000000000001
19,WFAgent5,MALE_YOUNG_HIGH_INCOME,4,4.840799205703211,6,4.620000000000003
20,WFAgent6,FEMALE_YOUNG_HIGH_INCOME,2,2.0305945952134192,2,1.8174868402424118
20,WEAgent0,FEMALE_YOUNG,14,12.722407881696883,15,12.382460520727236
20,WFAgent0,FEMALE_OLD,18,20.26456278865122,26,20.02
20,WFAgent1,MALE_OLD_LOW_INCOME,12,11.593512478842792,15,11.550000000000004
20,WFAgent2,MALE_HIGH_INCOME,9,8.984863706423647,11,8.470000000000006
20,WFAgent3,MALE_OLD,17,18.84012767308864,24,18.48
20,WFAgent4,MALE_YOUNG_LOW_INCOME,12,12.66000755505554,16,12.320000000000004
20,WFAgent5,MALE_HIGH_INCOME,9,8.581366461020375,11,8.470000000000006
21,WFAgent6,FEMALE_OLD_HIGH_INCOME,3,2.8565495731862534,3,2.3100000000000014
21,WEAgent0,MALE_YOUNG_LOW_INCOME,12,9.304641558972293,12,9.240000000000006
21,WFAgent0,FEMALE_YOUNG_LOW_INCOME,13,12.786985013412043,16,12.320000000000004
21,WFAgent1,FEMALE_OLD_HIGH_INCOME,3,2.882258989744647,3,2.3100000000000014
21,WFAgent2,MALE_OLD_LOW_INCOME,12,11.83518009152784,15,11.550000000000004
21,WFAgent3,FEMALE_YOUNG_HIGH_INCOME,2,2.082130092989315,2,1.540000000000001
21,WFAgent4,MALE_OLD_HIGH_INCOME,6,6.346278672815304,8,6.160000000000004
21,WFAgent5,MALE_OLD_LOW_INCOME,12,11.214350465944548,14,10.780000000000005
22,WFAgent6,OLD_HIGH_INCOME,8,7.498422723787786,9,6.930000000000004
22,WEAgent0,MALE_YOUNG,15,14.737933441226545,19,14.630000000000003
22,WFAgent0,MALE_OLD,17,16.57145399964919,21,16.17
22,WFAgent1,OLD_LOW_INCOME,27,27.02339541765278,35,26.949999999999996
22,WFAgent2,FEMALE_YOUNG,14,14.888382827511272,19,14.630000000000003
22,WFAgent3,MALE_YOUNG,15,15.749493501611182,20,15.400000000000002
22,WFAgent4,MALE_LOW_INCOME,23,24.79063210128016,32,24.639999999999997
22,WFAgent5,FEMALE_OLD_HIGH_INCOME,3,3.230696133388691,4,3.080000000000002
23,WFAgent6,MALE_YOUNG_LOW_INCOME,12,13.942370336673012,18,13.860000000000003
23,WEAgent0,YOUNG_HIGH_INCOME,5,4.542312945510253,5,3.8500000000000023
23,WFAgent0,MALE_OLD,17,17.16168593959569,22,16.94
23,WFAgent1,MALE_OLD_LOW_INCOME,12,13.750558678230217,15,13.595438514816706
23,WFAgent2,FEMALE_OLD_LOW_INCOME,16,15.101133193029739,19,14.630000000000003
23,WFAgent3,MALE_OLD_LOW_INCOME,12,11.946147451595651,15,11.550000000000004
23,WFAgent4,FEMALE_OLD,18,17.81754942280544,23,17.71
23,WFAgent5,MALE_OLD_LOW_INCOME,12,10.876350811853362,14,10.780000000000005
24,WFAgent6,FEMALE_OLD,18,18.298486295254996,23,17.71
24,WEAgent0,OLD_HIGH_INCOME,8,7.648483042981044,9,6.930000000000004
24,WFAgent0,MALE_OLD_HIGH_INCOME,6,6.7350071794978845,8,6.160000000000004
24,WFAgent1,FEMALE_YOUNG_LOW_INCOME,13,16.304323421481875,21,16.17
24,WFAgent2,FEMALE_YOUNG,14,15.433761047635688,20,15.400000000000002
24,WFAgent3,MALE_LOW_INCOME,23,23.08643933899377,29,22.33
24,WFAgent4,OLD_LOW_INCOME,27,25.59478116288446,33,25.409999999999997
24,WFAgent5,YOUNG_LOW_INCOME,24,26.232495921854273,34,26.179999999999996
25,WFAgent6,MALE_YOUNG_LOW_INCOME,12,11.499142184648655,12,11.188763696155
25,WEAgent0,MALE_YOUNG_LOW_INCOME,12,11.188763696155,14,10.780000000000005
25,WFAgent0,MALE_LOW_INCOME,23,26.16024660453626,33,25.409999999999997
25,WFAgent1,FEMALE_YOUNG_LOW_INCOME,13,14.301607792256682,18,13.860000000000003
25,WFAgent2,FEMALE_OLD_HIGH_INCOME,3,2.9158757607233836,3,2.3100000000000014
25,WFAgent3,FEMALE_HIGH_INCOME,5,4.924704966093085,6,4.620000000000003
25,WFAgent4,FEMALE_OLD_HIGH_INCOME,3,2.639444364184738,3,2.3100000000000014
25,WFAgent5,FEMALE_OLD,18,16.57381326602225,21,16.17
26,WFAgent6,YOUNG_LOW_INCOME,24,20.24473179659861,26,20.02
26,WEAgent0,FEMALE_OLD_LOW_INCOME,16,17.849497276030817,17,17.40507432205187
26,WFAgent0,FEMALE_OLD,18,17.243579245786147,22,16.94
26,WFAgent1,FEMALE_LOW_INCOME,28,28.667181236320726,37,28.489999999999995
26,WFAgent2,MALE_YOUNG_LOW_INCOME,12,11.91397505449476,15,11.550000000000004
26,WFAgent3,MALE_HIGH_INCOME,9,10.496574769121331,13,10.010000000000005
26,WFAgent4,OLD_LOW_INCOME,27,24.959473107796377,32,24.639999999999997
26,WFAgent5,FEMALE_OLD_LOW_INCOME,16,16.998108179737603,22,16.94
27,WFAgent6,OLD_LOW_INCOME,27,25.38416969192908,32,24.639999999999997
27,WEAgent0,YOUNG_HIGH_INCOME,5,4.710827901238192,6,4.620000000000003
27,WFAgent0,FEMALE_HIGH_INCOME,5,5.060635545069972,5,4.710827901238192
27,WFAgent1,MALE_OLD_LOW_INCOME,12,12.460709813923994,16,12.320000000000004
27,WFAgent2,OLD_LOW_INCOME,27,28.26506100047622,36,27.719999999999995
27,WFAgent3,MALE_OLD_HIGH_INCOME,6,7.3185389403037755,9,6.930000000000004
27,WFAgent4,FEMALE_HIGH_INCOME,5,4.7736434158380945,6,4.620000000000003
27,WFAgent5,FEMALE_YOUNG_HIGH_INCOME,2,2.1559691100246465,2,1.9094573663352379
28,WFAgent6,MALE_YOUNG_LOW_INCOME,12,13.253294681521464,17,13.090000000000003
28,WEAgent0,FEMALE_OLD_LOW_INCOME,16,16.334381149835956,18,16.198938019328068
28,WFAgent0,FEMALE_OLD_LOW_INCOME,16,14.720180023632915,19,14.630000000000003
28,WFAgent1,MALE_YOUNG_LOW_INCOME,12,10.820703623391728,14,10.780000000000005
28,WFAgent2,FEMALE_HIGH_INCOME,5,5.078848127704872,6,4.620000000000003
28,WFAgent3,FEMALE_YOUNG_LOW_INCOME,13,14.15003511725606,18,13.860000000000003
28,WFAgent4,FEMALE_OLD_LOW_INCOME,16,14.847707048554529,16,14.720180023632912
28,WFAgent5,FEMALE_LOW_INCOME,28,24.315257012321737,31,23.869999999999997
29,WFAgent6,FEMALE_YOUNG_LOW_INCOME,13,15.423836490181225,20,15.400000000000002
29,WEAgent0,MALE_LOW_INCOME,23,23.21990564784363,30,23.099999999999998
29,WFAgent0,FEMALE_OLD,18,15.136874180132022,19,14.630000000000003
29,WFAgent1,MALE_OLD_HIGH_INCOME,6,6.422513462807325,8,6.160000000000004
29,WFAgent2,FEMALE_HIGH_INCOME,5,4.883942660668757,6,4.620000000000003
29,WFAgent3,FEMALE_OLD_LOW_INCOME,16,15.17694847262576,18,15.136874180132025
29,WFAgent4,FEMALE_OLD_HIGH_INCOME,3,2.7961757652455126,3,2.3100000000000014
29,WFAgent5,FEMALE_OLD,18,16.732658083426802,21,16.17
30,WFAgent6,MALE_OLD_HIGH_INCOME,6,6.363014549593142,8,6.160000000000004
30,WEAgent0,MALE_LOW_INCOME,23,25.547450241132463,33,25.409999999999997
30,WFAgent0,MALE_YOUNG_HIGH_INCOME,4,4.437887474325855,5,3.8500000000000023
30,WFAgent1,YOUNG_LOW_INCOME,24,23.36606171143329,30,23.099999999999998
30,WFAgent2,MALE_YOUNG_LOW_INCOME,12,11.508921402841711,14,10.780000000000005
30,WFAgent3,FEMALE_LOW_INCOME,28,28.158574814138884,36,27.719999999999995
30,WFAgent4,OLD_LOW_INCOME,27,25.512372018923735,33,25.409999999999997
30,WFAgent5,FEMALE_LOW_INCOME,28,27.977866621393453,36,27.719999999999995
31,WFAgent6,MALE_LOW_INCOME,23,20.890878548103363,27,20.79
31,WEAgent0,FEMALE_YOUNG,14,13.898559119841803,18,13.860000000000003
31,WFAgent0,MALE_HIGH_INCOME,9,8.708322778533782,11,8.470000000000006
31,WFAgent1,FEMALE_LOW_INCOME,28,23.679603659495697,30,23.099999999999998
31,WFAgent2,FEMALE_YOUNG,14,14.382125389363226,18,13.860000000000003
31,WFAgent3,MALE_YOUNG_LOW_INCOME,12,11.382254368173287,12,10.899588807706103
31,WFAgent4,MALE_OLD_LOW_INCOME,12,11.469935381122978,14,10.780000000000005
31,WFAgent5,MALE_LOW_INCOME,23,21.11928693309371,27,20.79
32,WFAgent6,FEMALE_LOW_INCOME,28,31.10046532258845,40,30.799999999999994
32,WEAgent0,FEMALE_LOW_INCOME,28,32.123191308535596,41,31.569999999999993
32,WFAgent0,MALE_HIGH_INCOME,9,7.921669378287808,10,7.700000000000005
32,WFAgent1,YOUNG_HIGH_INCOME,5,5.3098137535916745,6,4.620000000000003
32,WFAgent2,YOUNG_HIGH_INCOME,5,4.132509646757516,5,3.8500000000000023
32,WFAgent3,MALE_HIGH_INCOME,9,8.341756666419114,10,7.700000000000005
32,WFAgent4,MALE_OLD_LOW_INCOME,12,13.50569621815453,17,13.090000000000003
32,WFAgent5,MALE_HIGH_INCOME,9,10.019422066719393,11,9.682040351240651
33,WFAgent6,MALE_OLD,17,17.306569281547834,22,16.94
33,WEAgent0,MALE_YOUNG,15,14.59713745507597,18,14.35582257456603
33,WFAgent0,MALE_YOUNG_HIGH_INCOME,4,3.327911287283017,4,3.080000000000002
33,WFAgent1,MALE_YOUNG_HIGH_INCOME,4,3.7467052380523436,4,3.327911287283017
33,WFAgent2,FEMALE_OLD_HIGH_INCOME,3,3.1517590932736566,4,3.080000000000002
33,WFAgent3,OLD_LOW_INCOME,27,23.326610688620917,30,23.099999999999998
33,WFAgent4,FEMALE_LOW_INCOME,28,27.404735097578982,35,26.949999999999996
33,WFAgent5,MALE_OLD_HIGH_INCOME,6,4.9833382807647375,6,4.620000000000003
34,WFAgent6,MALE_HIGH_INCOME,9,9.819056502696478,12,9.240000000000006
34,WEAgent0,MALE_LOW_INCOME,23,25.025543284535456,32,24.639999999999997
34,WFAgent0,FEMALE_OLD,18,16.345847738349192,21,16.17
34,WFAgent1,YOUNG_HIGH_INCOME,5,4.8102514080036824,6,4.620000000000003
34,WFAgent2,YOUNG_HIGH_INCOME,5,5.191987565239355,6,4.620000000000003
34,WFAgent3,FEMALE_OLD_HIGH_INCOME,3,2.8774551157984045,3,2.724307956391532
34,WFAgent4,FEMALE_OLD_HIGH_INCOME,3,2.8157981418836995,3,2.3100000000000014
34,WFAgent5,MALE_YOUNG_LOW_INCOME,12,9.940232180263937,12,9.240000000000006
35,WFAgent6,MALE_YOUNG,15,15.156106105079784,19,14.630000000000003
35,WEAgent0,FEMALE_HIGH_INCOME,5,5.086062083189418,5,4.645391781371885
35,WFAgent0,MALE_HIGH_INCOME,9,7.23671184324969,9,6.930000000000004
35,WFAgent1,FEMALE_YOUNG,14,13.007096987841278,16,12.320000000000004
35,WFAgent2,MALE_YOUNG,15,16.116150467421516,20,15.400000000000002
35,WFAgent3,FEMALE_HIGH_INCOME,5,4.961061427111423,6,4.620000000000003
35,WFAgent4,OLD_HIGH_INCOME,8,8.363420683473771,10,7.700000000000005
35,WFAgent5,OLD_HIGH_INCOME,8,7.657750634047168,9,6.930000000000004
36,WFAgent6,FEMALE_LOW_INCOME,28,28.873171406687597,37,28.489999999999995
36,WEAgent0,MALE_OLD_LOW_INCOME,12,13.51990070667798,17,13.090000000000003
36,WFAgent0,MALE_YOUNG_LOW_INCOME,12,10.13216348006713,13,10.010000000000005
36,WFAgent1,FEMALE_YOUNG,14,12.312785966086674,15,11.550000000000004
36,WFAgent2,MALE_YOUNG,15,16.443231468189783,21,16.17
36,WFAgent3,FEMALE_OLD_LOW_INCOME,16,15.790307890117727,20,15.400000000000002
36,WFAgent4,FEMALE_YOUNG_HIGH_INCOME,2,1.9722533262837563,2,1.540000000000001
36,WFAgent5,FEMALE_OLD_LOW_INCOME,16,13.461486635979943,17,13.090000000000003
37,WFAgent6,FEMALE_YOUNG_HIGH_INCOME,2,1.8534888707831605,2,1.540000000000001
37,WEAgent0,YOUNG_HIGH_INCOME,5,5.097317926247708,6,4.620000000000003
37,WFAgent0,YOUNG_LOW_INCOME,24,24.263475584893573,31,23.869999999999997
37,WFAgent1,FEMALE_YOUNG,14,13.68972394407323,17,13.090000000000003
37,WFAgent2,OLD_LOW_INCOME,27,27.963725288320244,36,27.719999999999995
37,WFAgent3,MALE_YOUNG_LOW_INCOME,12,13.077389869998484,16,12.320000000000004
37,WFAgent4,MALE_OLD_LOW_INCOME,12,15.129274958310694,19,14.630000000000003
37,WFAgent5,OLD_HIGH_INCOME,8,7.737078467176234,10,7.700000000000005
38,WFAgent6,OLD_HIGH_INCOME,8,9.161424100550143,11,8.470000000000006
38,WEAgent0,MALE_YOUNG_HIGH_INCOME,4,4.092036803664926,5,3.8500000000000023
38,WFAgent0,FEMALE_OLD_HIGH_INCOME,3,2.99074137123726,3,2.3100000000000014
38,WFAgent1,FEMALE_OLD_LOW_INCOME,16,15.622352965122715,20,15.400000000000002
38,WFAgent2,MALE_YOUNG,15,12.930966234919499,16,12.320000000000004
38,WFAgent3,MALE_YOUNG_LOW_INCOME,12,11.926242657012866,15,11.550000000000004
38,WFAgent4,FEMALE_OLD,18,14.896223824347178,19,14.630000000000003
38,WFAgent5,YOUNG_LOW_INCOME,24,20.09659113738398,26,20.02
39,WFAgent6,MALE_HIGH_INCOME,9,7.7676308792902855,10,7.700000000000005
39,WEAgent0,MALE_OLD,17,19.01985686997819,22,18.987542149376257
39,WFAgent0,FEMALE_OLD_HIGH_INCOME,3,2.3179670263893266,3,2.3100000000000014
39,WFAgent1,FEMALE_OLD_LOW_INCOME,16,15.429951872234609,20,15.400000000000002
39,WFAgent2,MALE_YOUNG_HIGH_INCOME,4,4.8961344343805395,5,4.3153504884946035
39,WFAgent3,MALE_HIGH_INCOME,9,9.629253120977287,12,9.240000000000006
39,WFAgent4,FEMALE_YOUNG,14,12.617035099530995,16,12.320000000000004
39,WFAgent5,MALE_YOUNG_HIGH_INCOME,4,4.021309333093927,5,3.8500000000000023
40,WFAgent6,MALE_YOUNG,15,12.998648197698076,16,12.320000000000004
40,WEAgent0,MALE_OLD_HIGH_INCOME,6,6.791148263899608,8,6.160000000000004
40,WFAgent0,OLD_LOW_INCOME,27,30.727560359600798,39,30.029999999999994
40,WFAgent1,FEMALE_LOW_INCOME,28,24.672621581461524,32,24.639999999999997
40,WFAgent2,MALE_HIGH_INCOME,9,10.290244420489993,13,10.010000000000005
40,WFAgent3,OLD_HIGH_INCOME,8,7.084441328023946,9,6.930000000000004
40,WFAgent4,FEMALE_YOUNG,14,13.619776149266396,17,13.090000000000003
40,WFAgent5,FEMALE_OLD_LOW_INCOME,16,16.391340480649777,21,16.17
41,WFAgent6,FEMALE_YOUNG_HIGH_INCOME,2,2.063868806384632,2,1.540000000000001
41,WEAgent0,YOUNG_LOW_INCOME,24,23.863271914446848,30,23.099999999999998
41,WFAgent0,YOUNG_HIGH_INCOME,5,5.276018356850196,6,4.620000000000003
41,WFAgent1,OLD_HIGH_INCOME,8,9.4227688822886,8,8.433707532102261
41,WFAgent2,FEMALE_OLD,18,19.64161013360955,25,19.25
41,WFAgent3,MALE_HIGH_INCOME,9,9.487920973615044,12,9.240000000000006
41,WFAgent4,MALE_YOUNG_HIGH_INCOME,4,4.345933544127733,5,3.8500000000000023
41,WFAgent5,OLD_HIGH_INCOME,8,8.789794751116993,11,8.470000000000006
42,WFAgent6,FEMALE_LOW_INCOME,28,31.1209286351665,40,30.799999999999994
42,WEAgent0,YOUNG_HIGH_INCOME,5,4.619166579381585,5,4.619166579381585
42,WFAgent0,MALE_HIGH_INCOME,9,8.6802135262153,11,8.470000000000006
42,WFAgent1,MALE_LOW_INCOME,23,23.71830456255631,30,23.099999999999998
42,WFAgent2,YOUNG_LOW_INCOME,24,24.063909172420544,31,23.869999999999997
42,WFAgent3,FEMALE_OLD_LOW_INCOME,16,15.914602321959503,20,15.400000000000002
42,WFAgent4,YOUNG_HIGH_INCOME,5,5.487625591180916,7,5.390000000000003
42,WFAgent5,OLD_LOW_INCOME,27,29.040632326298002,37,28.489999999999995
43,WFAgent6,FEMALE_OLD_LOW_INCOME,16,13.651788693283573,17,13.090000000000003
43,WEAgent0,YOUNG_LOW_INCOME,24,27.95005871261758,36,27.719999999999995
43,WFAgent0,YOUNG_LOW_INCOME,24,24.00005120666315,31,23.869999999999997
43,WFAgent1,MALE_OLD,17,17.175445879135403,22,16.94
43,WFAgent2,MALE_HIGH_INCOME,9,8.174310243135976,10,7.700000000000005
43,WFAgent3,YOUNG_HIGH_INCOME,5,4.57780307853086,5,3.8500000000000023
43,WFAgent4,MALE_LOW_INCOME,23,22.25251372513946,28,21.56
43,WFAgent5,FEMALE_YOUNG_LOW_INCOME,13,13.224952544268278,17,13.090000000000003
44,WFAgent6,YOUNG_HIGH_INCOME,5,4.34786735807414,5,3.8500000000000023
44,WEAgent0,MALE_LOW_INCOME,23,22.23939123220216,28,21.56
44,WFAgent0,MALE_YOUNG_LOW_INCOME,12,12.319000526951275,12,11.603160642888083
44,WFAgent1,YOUNG_LOW_INCOME,24,24.460522125798796,31,23.869999999999997
44,WFAgent2,FEMALE_HIGH_INCOME,5,5.280505989838558,6,4.620000000000003
44,WFAgent3,FEMALE_HIGH_INCOME,5,4.498610944903815,5,3.8500000000000023
44,WFAgent4,FEMALE_YOUNG_LOW_INCOME,13,9.747396722075678,0,0.0
44,WFAgent5,FEMALE_YOUNG,14,12.637385968677744,16,12.320000000000004
45,WFAgent6,MALE_YOUNG_HIGH_INCOME,4,4.1280714614076555,5,3.8500000000000023
45,WEAgent0,MALE_YOUNG_HIGH_INCOME,4,4.315909290991072,5,3.8500000000000023
45,WFAgent0,OLD_LOW_INCOME,27,29.33882380081115,38,29.259999999999994
45,WFAgent1,YOUNG_LOW_INCOME,24,24.41299467943258,31,23.869999999999997
45,WFAgent2,FEMALE_LOW_INCOME,28,23.728819177423354,30,23.099999999999998
45,WFAgent3,MALE_LOW_INCOME,23,25.705990489556363,33,25.409999999999997
45,WFAgent4,MALE_YOUNG_LOW_INCOME,12,11.910380326531516,15,11.550000000000004
45,WFAgent5,MALE_LOW_INCOME,23,25.771811415762322,25,25.430202791075615
46,WFAgent6,MALE_OLD_HIGH_INCOME,6,6.696368025605815,8,6.160000000000004
46,WEAgent0,YOUNG_LOW_INCOME,24,20.823804786374396,24,20.43317065531199
46,WFAgent0,FEMALE_YOUNG_LOW_INCOME,13,14.231495161509866,18,13.860000000000003
46,WFAgent1,FEMALE_OLD_LOW_INCOME,16,17.440341773118583,22,16.94
46,WFAgent2,MALE_YOUNG_LOW_INCOME,12,11.731843838998,13,11.279560925952797
46,WFAgent3,MALE_YOUNG_LOW_INCOME,12,11.148308341643256,12,10.411902393187198
46,WFAgent4,MALE_YOUNG,15,15.990035515401601,20,15.400000000000002
46,WFAgent5,MALE_HIGH_INCOME,9,9.852021041218038,12,9.240000000000006
47,WFAgent6,FEMALE_YOUNG_HIGH_INCOME,2,2.18246590955074,2,1.540000000000001
47,WEAgent0,FEMALE_OLD,18,14.351494224539088,18,13.860000000000003
47,WFAgent0,MALE_OLD,17,14.925116546774408,19,14.630000000000003
47,WFAgent1,FEMALE_YOUNG_LOW_INCOME,13,16.056252135388874,20,15.400000000000002
47,WFAgent2,YOUNG_LOW_INCOME,24,21.750161353234027,28,21.56
47,WFAgent3,FEMALE_HIGH_INCOME,5,5.319066557454021,6,4.620000000000003
47,WFAgent4,MALE_OLD_HIGH_INCOME,6,5.92025483398306,7,5.390000000000003
47,WFAgent5,MALE_YOUNG_LOW_INCOME,12,13.079960281066613,16,12.320000000000004
48,WFAgent6,FEMALE_OLD_LOW_INCOME,16,14.275662577549959,18,13.860000000000003
48,WEAgent0,OLD_HIGH_INCOME,8,6.470748760214431,8,6.160000000000004
48,WFAgent0,OLD_HIGH_INCOME,8,7.227600062816206,9,6.930000000000004
48,WFAgent1,MALE_OLD_HIGH_INCOME,6,5.755141301270436,7,5.661905165187628
48,WFAgent2,MALE_YOUNG_LOW_INCOME,12,13.083460085356084,16,12.320000000000004
48,WFAgent3,FEMALE_OLD_HIGH_INCOME,3,2.260220156575442,0,0.0
48,WFAgent4,FEMALE_OLD_HIGH_INCOME,3,3.510388961851352,4,3.2353743801072157
48,WFAgent5,YOUNG_LOW_INCOME,24,23.636294373045118,30,23.099999999999998
49,WFAgent6,OLD_HIGH_INCOME,8,7.849474824270621,10,7.700000000000005
49,WEAgent0,YOUNG_LOW_INCOME,24,23.365127769106877,30,23.099999999999998
49,WFAgent0,MALE_OLD,17,17.223089728544075,22,16.94
49,WFAgent1,FEMALE_HIGH_INCOME,5,4.768416352258673,6,4.620000000000003
49,WFAgent2,FEMALE_YOUNG_HIGH_INCOME,2,2.027266020195502,2,1.9073665409034692
49,WFAgent3,FEMALE_HIGH_INCOME,5,5.694444797442931,7,5.390000000000003
49,WFAgent4,FEMALE_YOUNG_HIGH_INCOME,2,1.943568754558925,2,1.540000000000001
49,WFAgent5,YOUNG_HIGH_INCOME,5,5.278898113774654,6,4.620000000000003
50,WFAgent6,MALE_OLD,17,17.481879369342618,22,17.041874728904784
50,WEAgent0,MALE_OLD_HIGH_INCOME,6,5.002111185711582,6,4.620000000000003
50,WFAgent0,FEMALE_YOUNG_HIGH_INCOME,2,2.126234863349376,2,1.540000000000001
50,WFAgent1,OLD_LOW_INCOME,27,20.915028076383155,27,20.79
50,WFAgent2,FEMALE_HIGH_INCOME,5,4.890421961288028,6,4.620000000000003
50,WFAgent3,FEMALE_OLD_HIGH_INCOME,3,3.8192782830633845,4,3.080000000000002
50,WFAgent4,MALE_OLD,17,15.120523847680099,19,14.630000000000003
50,WFAgent5,OLD_LOW_INCOME,27,25.61481767867027,33,25.409999999999997
51,WFAgent6,FEMALE_LOW_INCOME,28,24.915552831822943,32,24.639999999999997
51,WEAgent0,MALE_OLD_HIGH_INCOME,6,5.856135988542222,7,5.390000000000003
51,WFAgent0,MALE_YOUNG_HIGH_INCOME,4,3.8085550081465294,4,3.080000000000002
51,WFAgent1,FEMALE_YOUNG_LOW_INCOME,13,14.56042705217014,18,13.860000000000003
51,WFAgent2,FEMALE_OLD_LOW_INCOME,16,16.17342146084538,21,16.17
51,WFAgent3,MALE_LOW_INCOME,23,21.405210709856277,27,20.79
51,WFAgent4,MALE_OLD_LOW_INCOME,12,12.553810682431942,16,12.320000000000004
51,WFAgent5,MALE_OLD,17,18.300502693080446,19,17.68256536901171
52,WFAgent6,MALE_HIGH_INCOME,9,9.950038727414416,12,9.240000000000006
52,WEAgent0,FEMALE_OLD_HIGH_INCOME,3,3.6055228443074316,4,3.080000000000002
52,WFAgent0,FEMALE_OLD_LOW_INCOME,16,16.906065149750184,21,16.17
52,WFAgent1,FEMALE_OLD_HIGH_INCOME,3,3.1310714228131933,4,3.080000000000002
52,WFAgent2,MALE_OLD_LOW_INCOME,12,11.968562390531673,15,11.550000000000004
52,WFAgent3,MALE_YOUNG_LOW_INCOME,12,12.90140493500342,16,12.320000000000004
52,WFAgent4,MALE_OLD,17,17.2010191744632,22,16.94
52,WFAgent5,YOUNG_LOW_INCOME,24,26.784586210345786,34,26.179999999999996
53,WFAgent6,FEMALE_OLD_LOW_INCOME,16,12.864991823523944,16,12.320000000000004
53,WEAgent0,FEMALE_OLD_LOW_INCOME,16,14.576905677901415,18,13.860000000000003
53,WFAgent0,YOUNG_LOW_INCOME,24,24.877140411683797,32,24.639999999999997
53,WFAgent1,MALE_OLD_LOW_INCOME,12,13.501054986791356,17,13.090000000000003
53,WFAgent2,FEMALE_OLD_LOW_INCOME,16,14.297116545885945,17,13.669053812494196
53,WFAgent3,FEMALE_OLD,18,15.980079025748818,20,15.400000000000002
53,WFAgent4,YOUNG_HIGH_INCOME,5,5.314784750603801,6,4.620000000000003
53,WFAgent5,MALE_YOUNG,15,15.466122187197504,20,15.400000000000002
54,WFAgent6,MALE_YOUNG,15,16.08139961478846,20,15.400000000000002
54,WEAgent0,YOUNG_LOW_INCOME,24,25.965881051714987,33,25.409999999999997
54,WFAgent0,MALE_OLD_LOW_INCOME,12,11.082823497480048,14,10.780000000000005
54,WFAgent1,MALE_YOUNG_HIGH_INCOME,4,4.225680614626209,5,3.8500000000000023
54,WFAgent2,FEMALE_OLD_HIGH_INCOME,3,3.365631404749317,4,3.080000000000002
54,WFAgent3,FEMALE_LOW_INCOME,28,26.09548612177705,33,25.409999999999997
54,WFAgent4,MALE_OLD_LOW_INCOME,12,11.95184506083449,15,11.550000000000004
54,WFAgent5,FEMALE_LOW_INCOME,28,31.013843071948912,40,30.799999999999994
55,WFAgent6,OLD_LOW_INCOME,27,23.077834986737148,29,22.33
55,WEAgent0,FEMALE_YOUNG,14,14.712612970405562,19,14.630000000000003
55,WFAgent0,OLD_HIGH_INCOME,8,8.538244407444928,11,8.470000000000006
55,WFAgent1,YOUNG_LOW_INCOME,24,20.451034215379792,26,20.02
55,WFAgent2,MALE_OLD_LOW_INCOME,12,12.889132083172623,16,12.320000000000004
55,WFAgent3,OLD_HIGH_INCOME,8,8.478584093889745,11,8.470000000000006
55,WFAgent4,MALE_YOUNG_LOW_INCOME,12,11.501622288772031,14,10.780000000000005
55,WFAgent5,MALE_OLD,17,16.949390806628095,22,16.94
56,WFAgent6,FEMALE_LOW_INCOME,28,25.241714073787488,32,24.639999999999997
56,WEAgent0,MALE_YOUNG_LOW_INCOME,12,10.909533769756441,14,10.780000000000005
56,WFAgent0,FEMALE_YOUNG,14,15.115412290533017,16,14.423836613592847
56,WFAgent1,MALE_OLD_HIGH_INCOME,6,6.551445750640907,8,6.160000000000004
56,WFAgent2,YOUNG_LOW_INCOME,24,24.523217849943833,31,23.869999999999997
56,WFAgent3,FEMALE_YOUNG_HIGH_INCOME,2,1.929881531946478,2,1.540000000000001
56,WFAgent4,YOUNG_HIGH_INCOME,5,5.2851001806435365,6,4.620000000000003
56,WFAgent5,MALE_OLD,17,17.657175966073552,22,16.94
57,WFAgent6,MALE_OLD_HIGH_INCOME,6,4.230965787697123,0,0.0
57,WEAgent0,FEMALE_OLD_LOW_INCOME,16,16.734187065444548,21,16.17
57,WFAgent0,MALE_OLD_HIGH_INCOME,6,6.4962630815441536,8,6.160000000000004
57,WFAgent1,FEMALE_OLD_LOW_INCOME,16,14.108690827272405,18,13.860000000000003
57,WFAgent2,MALE_LOW_INCOME,23,22.21826201087904,28,21.56
57,WFAgent3,MALE_OLD_HIGH_INCOME,6,6.374716429880122,8,6.160000000000004
57,WFAgent4,FEMALE_LOW_INCOME,28,20.671668577515486,0,0.0
57,WFAgent5,FEMALE_OLD,18,17.383461208304166,22,16.94
58,WFAgent6,MALE_OLD_HIGH_INCOME,6,5.590492981952391,7,5.390000000000003
58,WEAgent0,OLD_LOW_INCOME,27,22.20237902208205,28,21.56
58,WFAgent0,MALE_YOUNG,15,13.912601670171568,18,13.860000000000003
58,WFAgent1,OLD_LOW_INCOME,27,27.973231389192517,36,27.719999999999995
58,WFAgent2,MALE_OLD_HIGH_INCOME,6,6.123130398120366,7,5.390000000000003
58,WFAgent3,MALE_YOUNG,15,16.00602844638667,20,15.400000000000002
58,WFAgent4,MALE_HIGH_INCOME,9,9.07795213834428,11,8.470000000000006
58,WFAgent5,MALE_YOUNG,15,16.202399695315286,17,15.767615226194442
59,WFAgent6,OLD_LOW_INCOME,27,26.82688138973597,34,26.179999999999996
59,WEAgent0,FEMALE_YOUNG_LOW_INCOME,13,13.052226146135697,16,12.320000000000004
59,WFAgent0,FEMALE_YOUNG,14,15.067843730886134,19,14.630000000000003
59,WFAgent1,FEMALE_OLD_LOW_INCOME,16,15.104954728565499,19,14.630000000000003
59,WFAgent2,MALE_OLD,17,17.206642376918357,22,16.94
59,WFAgent3,FEMALE_LOW_INCOME,28,26.091670023939166,33,25.409999999999997
59,WFAgent4,MALE_YOUNG_LOW_INCOME,12,11.998983428683632,15,11.550000000000004
59,WFAgent5,YOUNG_LOW_INCOME,24,23.208273542407518,30,23.099999999999998
60,WFAgent6,MALE_OLD,17,13.853997027938018,17,13.090000000000003
60,WEAgent0,MALE_YOUNG_LOW_INCOME,12,11.264665826668434,14,10.780000000000005
60,WFAgent0,OLD_LOW_INCOME,27,23.75963343586297,30,23.099999999999998
60,WFAgent1,MALE_OLD,17,15.258953424960753,19,14.630000000000003
60,WFAgent2,FEMALE_OLD_HIGH_INCOME,3,3.1552909008220094,4,3.080000000000002
60,WFAgent3,FEMALE_YOUNG_LOW_INCOME,13,11.85260664626611,15,11.550000000000004
60,WFAgent4,MALE_YOUNG_HIGH_INCOME,4,3.8707519717061025,5,3.8500000000000023
60,WFAgent5,FEMALE_YOUNG_LOW_INCOME,13,13.256083677617086,17,13.090000000000003
61,WFAgent6,YOUNG_LOW_INCOME,24,27.69028596033001,35,26.949999999999996
61,WEAgent0,FEMALE_YOUNG,14,14.024286016205135,18,13.860000000000003
61,WFAgent0,MALE_HIGH_INCOME,9,7.745341964423259,10,7.700000000000005
61,WFAgent1,YOUNG_HIGH_INCOME,5,4.655135927826535,6,4.620000000000003
61,WFAgent2,FEMALE_YOUNG_HIGH_INCOME,2,2.241415739960917,2,1.7211871032051687
61,WFAgent3,MALE_OLD_LOW_INCOME,12,12.37697556940231,16,12.320000000000004
61,WFAgent4,FEMALE_LOW_INCOME,28,24.533577315430286,31,23.869999999999997
61,WFAgent5,MALE_OLD_HIGH_INCOME,6,5.558206623722635,7,5.390000000000003
62,WFAgent6,YOUNG_HIGH_INCOME,5,5.218880568239578,5,4.666958019760988
62,WEAgent0,OLD_LOW_INCOME,27,28.805128367692937,37,28.489999999999995
62,WFAgent0,FEMALE_YOUNG,14,13.067482455330765,16,12.320000000000004
62,WFAgent1,FEMALE_YOUNG_LOW_INCOME,13,13.422859628127545,17,13.090000000000003
62,WFAgent2,FEMALE_OLD_HIGH_INCOME,3,2.9211651758487123,3,2.3100000000000014
62,WFAgent3,FEMALE_HIGH_INCOME,5,5.134454756526192,6,4.620000000000003
62,WFAgent4,MALE_OLD_HIGH_INCOME,6,6.710241139241593,8,6.160000000000004
62,WFAgent5,MALE_HIGH_INCOME,9,9.340862961191807,12,9.240000000000006
63,WFAgent6,MALE_LOW_INCOME,23,22.028636281034963,28,21.56
63,WEAgent0,FEMALE_YOUNG_HIGH_INCOME,2,1.8719949029550518,2,1.540000000000001
63,WFAgent0,OLD_LOW_INCOME,27,25.985805314236067,33,25.409999999999997
63,WFAgent1,MALE_OLD,17,17.70766888721823,22,16.94
63,WFAgent2,MALE_YOUNG_HIGH_INCOME,4,3.642758979619146,4,3.080000000000002
63,WFAgent3,MALE_OLD_LOW_INCOME,12,11.417690493079233,14,10.780000000000005
63,WFAgent4,MALE_HIGH_INCOME,9,8.75643077272129,11,8.470000000000006
63,WFAgent5,FEMALE_YOUNG_LOW_INCOME,13,14.083430168533596,18,13.860000000000003
64,WFAgent6,FEMALE_HIGH_INCOME,5,5.981518259202952,7,5.390000000000003
64,WEAgent0,FEMALE_YOUNG_HIGH_INCOME,2,2.2365594808508957,2,1.540000000000001
64,WFAgent0,FEMALE_YOUNG_HIGH_INCOME,2,2.0375010386094248,2,1.540000000000001
64,WFAgent1,FEMALE_LOW_INCOME,28,29.455456665719964,38,29.259999999999994
64,WFAgent2,MALE_YOUNG_LOW_INCOME,12,9.973440790408606,12,9.240000000000006
64,WFAgent3,FEMALE_LOW_INCOME,28,32.17020368924892,41,31.569999999999993
64,WFAgent4,MALE_YOUNG_HIGH_INCOME,4,2.886357671434353,0,0.0
64,WFAgent5,OLD_HIGH_INCOME,8,7.940150171159128,10,7.700000000000005
65,WFAgent6,YOUNG_HIGH_INCOME,5,4.2345810377029895,5,3.8500000000000023
65,WEAgent0,MALE_YOUNG,15,15.956782089168591,20,15.400000000000002
65,WFAgent0,MALE_YOUNG,15,14.022087179604815,18,13.860000000000003
65,WFAgent1,FEMALE_LOW_INCOME,28,23.13655102941169,30,23.099999999999998
65,WFAgent2,MALE_OLD_LOW_INCOME,12,10.939477030420809,14,10.780000000000005
65,WFAgent3,FEMALE_YOUNG_LOW_INCOME,13,12.364157213318059,16,12.320000000000004
65,WFAgent4,FEMALE_YOUNG,14,15.555585401190596,18,14.873497090336087
65,WFAgent5,FEMALE_YOUNG,14,14.036032933778658,18,13.860000000000003
66,WFAgent6,MALE_OLD,17,16.99518999307008,22,16.94
66,WEAgent0,FEMALE_YOUNG,14,13.698291135918366,17,13.090000000000003
66,WFAgent0,MALE_OLD_LOW_INCOME,12,13.379072341218826,17,13.090000000000003
66,WFAgent1,FEMALE_OLD,18,18.33001980956557,23,17.71
66,WFAgent2,FEMALE_HIGH_INCOME,5,5.492616166797013,6,5.309581866050593
66,WFAgent3,MALE_YOUNG,15,15.41980282123879,20,15.400000000000002
66,WFAgent4,MALE_LOW_INCOME,23,23.574913150769152,30,23.099999999999998
66,WFAgent5,FEMALE_LOW_INCOME,28,24.7780487082361,32,24.639999999999997
67,WFAgent6,MALE_YOUNG_LOW_INCOME,12,11.718110102734308,13,11.212228757263043
67,WEAgent0,MALE_YOUNG,15,15.345611398788709,19,14.630000000000003
67,WFAgent0,MALE_YOUNG_LOW_INCOME,12,11.313765356264247,14,10.780000000000005
67,WFAgent1,MALE_YOUNG,15,16.343243629123513,17,16.027834254707688
67,WFAgent2,OLD_LOW_INCOME,27,30.1359343739412,39,30.029999999999994
67,WFAgent3,MALE_YOUNG_LOW_INCOME,12,10.34974962208896,13,10.010000000000005
67,WFAgent4,MALE_HIGH_INCOME,9,9.64188314556229,12,9.240000000000006
67,WFAgent5,MALE_OLD_HIGH_INCOME,6,6.611481622106446,8,6.160000000000004
68,WFAgent6,OLD_HIGH_INCOME,8,8.624754555412624,11,8.470000000000006
68,WEAgent0,MALE_HIGH_INCOME,9,10.022462476532276,13,10.010000000000005
68,WFAgent0,MALE_YOUNG_HIGH_INCOME,4,4.5074824938081,4,3.648661446423208
68,WFAgent1,MALE_HIGH_INCOME,9,8.209488254452218,10,7.700000000000005
68,WFAgent2,OLD_LOW_INCOME,27,28.29098072259994,36,27.719999999999995
68,WFAgent3,FEMALE_YOUNG_LOW_INCOME,13,14.089941556616308,18,13.860000000000003
68,WFAgent4,MALE_LOW_INCOME,23,22.32649200958368,28,21.56
68,WFAgent5,FEMALE_OLD,18,15.212286495664802,19,14.630000000000003
69,WFAgent6,FEMALE_LOW_INCOME,28,27.132540513348818,35,26.949999999999996
69,WEAgent0,MALE_YOUNG_LOW_INCOME,12,10.966096124755078,14,10.780000000000005
69,WFAgent0,OLD_LOW_INCOME,27,23.207778482221045,30,23.099999999999998
69,WFAgent1,MALE_OLD,17,15.138986946418266,19,14.630000000000003
69,WFAgent2,FEMALE_YOUNG,14,13.110617007862219,17,13.090000000000003
69,WFAgent3,MALE_LOW_INCOME,23,20.63117160609059,26,20.02
69,WFAgent4,MALE_HIGH_INCOME,9,9.99928766430239,12,9.240000000000006
69,WFAgent5,MALE_YOUNG,15,13.524891184943623,17,13.090000000000003
70,WFAgent6,OLD_HIGH_INCOME,8,9.314755005310037,12,9.240000000000006
70,WEAgent0,MALE_OLD_LOW_INCOME,12,13.131567971486303,17,13.090000000000003
70,WFAgent0,MALE_OLD,17,16.400137667992368,21,16.17
70,WFAgent1,YOUNG_HIGH_INCOME,5,4.975876437930556,6,4.620000000000003
70,WFAgent2,MALE_HIGH_INCOME,9,10.470188744013534,10,9.647139804701393
70,WFAgent3,FEMALE_LOW_INCOME,28,25.85183432553069,33,25.409999999999997
70,WFAgent4,FEMALE_LOW_INCOME,28,34.3715007876443,44,33.88
70,WFAgent5,MALE_HIGH_INCOME,9,9.505798417711686,12,9.240000000000006
71,WFAgent6,MALE_HIGH_INCOME,9,8.61561227199547,11,8.470000000000006
71,WEAgent0,OLD_LOW_INCOME,27,27.48675899845534,35,26.949999999999996
71,WFAgent0,OLD_HIGH_INCOME,8,7.058654528739308,9,6.930000000000004
71,WFAgent1,OLD_HIGH_INCOME,8,8.0494073541228,9,7.940986344831723
71,WFAgent2,FEMALE_YOUNG_LOW_INCOME,13,13.318163241423571,17,13.090000000000003
71,WFAgent3,YOUNG_HIGH_INCOME,5,4.574300908442775,5,3.8500000000000023
71,WFAgent4,MALE_YOUNG,15,15.981914975490179,20,15.400000000000002
71,WFAgent5,FEMALE_OLD_HIGH_INCOME,3,2.941325106820296,3,2.3100000000000014
72,WFAgent6,FEMALE_OLD,18,19.629138657973304,25,19.25
72,WEAgent0,MALE_YOUNG_HIGH_INCOME,4,4.042427847964904,4,4.042427847964904
72,WFAgent0,FEMALE_OLD_LOW_INCOME,16,13.766177950276212,17,13.090000000000003
72,WFAgent1,FEMALE_LOW_INCOME,28,27.06331902615896,35,26.949999999999996
72,WFAgent2,FEMALE_YOUNG,14,13.400522539768454,17,13.090000000000003
72,WFAgent3,MALE_YOUNG_HIGH_INCOME,4,4.070556692598335,4,4.042427847964904
72,WFAgent4,FEMALE_LOW_INCOME,28,26.95718821752788,35,26.949999999999996
72,WFAgent5,FEMALE_OLD,18,16.54604308638872,21,16.17
73,WFAgent6,FEMALE_YOUNG_LOW_INCOME,13,14.468907320787622,18,13.860000000000003
73,WEAgent0,MALE_YOUNG,15,14.67427104944038,19,14.630000000000003
73,WFAgent0,MALE_HIGH_INCOME,9,7.608060071096488,9,6.930000000000004
73,WFAgent1,YOUNG_HIGH_INCOME,5,5.215231951330442,6,4.620000000000003
73,WFAgent2,YOUNG_LOW_INCOME,24,18.726766562408933,24,18.48
73,WFAgent3,OLD_LOW_INCOME,27,21.85103266338924,28,21.56
73,WFAgent4,MALE_OLD,17,16.221738723788086,21,16.17
73,WFAgent5,OLD_LOW_INCOME,27,28.9098488793028,37,28.489999999999995
74,WFAgent6,MALE_LOW_INCOME,23,23.14856156986769,30,23.099999999999998
74,WEAgent0,FEMALE_YOUNG,14,11.588896406222503,15,11.550000000000004
74,WFAgent0,FEMALE_OLD_LOW_INCOME,16,18.959811891366634,24,18.48
74,WFAgent1,MALE_OLD_HIGH_INCOME,6,6.287483279492334,8,6.160000000000004
74,WFAgent2,MALE_OLD_HIGH_INCOME,6,5.673766061302017,7,5.390000000000003
74,WFAgent3,OLD_HIGH_INCOME,8,7.684529074509175,9,6.930000000000004
74,WFAgent4,MALE_YOUNG,15,10.33813826510463,0,0.0
74,WFAgent5,MALE_LOW_INCOME,23,22.745915320736664,29,22.33
75,WFAgent6,MALE_HIGH_INCOME,9,8.658680353965945,11,8.470000000000006
75,WEAgent0,YOUNG_HIGH_INCOME,5,5.2975612242955155,6,4.620000000000003
75,WFAgent0,FEMALE_LOW_INCOME,28,28.72247374959991,37,28.489999999999995
75,WFAgent1,OLD_LOW_INCOME,27,22.7996032255006,29,22.33
75,WFAgent2,FEMALE_YOUNG_LOW_INCOME,13,14.103537321066998,18,13.860000000000003
75,WFAgent3,MALE_YOUNG_HIGH_INCOME,4,4.648375618589772,6,4.620000000000003
75,WFAgent4,FEMALE_YOUNG_HIGH_INCOME,2,1.8572606694595413,2,1.540000000000001
75,WFAgent5,FEMALE_OLD_HIGH_INCOME,3,3.4125369428870003,4,3.080000000000002
76,WFAgent6,OLD_LOW_INCOME,27,26.963750755351032,35,26.949999999999996
76,WEAgent0,FEMALE_YOUNG_LOW_INCOME,13,14.927955353648905,19,14.630000000000003
76,WFAgent0,FEMALE_OLD_LOW_INCOME,16,14.55262106476221,18,13.860000000000003
76,WFAgent1,FEMALE_OLD_LOW_INCOME,16,17.055804073526332,17,16.977176401517315
76,WFAgent2,FEMALE_YOUNG,14,14.031389496340656,18,13.860000000000003
76,WFAgent3,FEMALE_OLD_LOW_INCOME,16,16.672449555685382,21,16.17
76,WFAgent4,MALE_HIGH_INCOME,9,9.296945124154165,12,9.240000000000006
76,WFAgent5,FEMALE_OLD,18,17.270481692448172,22,16.94
77,WFAgent6,OLD_LOW_INCOME,27,28.802032296355712,37,28.489999999999995
77,WEAgent0,FEMALE_YOUNG,14,13.928206039089531,18,13.860000000000003
77,WFAgent0,MALE_YOUNG,15,15.552575577052906,20,15.400000000000002
77,WFAgent1,MALE_HIGH_INCOME,9,8.236778704409877,10,7.700000000000005
77,WFAgent2,MALE_OLD_HIGH_INCOME,6,6.29862916791899,8,6.160000000000004
77,WFAgent3,MALE_OLD_LOW_INCOME,12,8.883842448506284,0,0.0
77,WFAgent4,OLD_HIGH_INCOME,8,7.676882299257962,9,6.930000000000004
77,WFAgent5,MALE_LOW_INCOME,23,23.805508648699956,30,23.099999999999998
78,WFAgent6,MALE_OLD_LOW_INCOME,12,10.897257482568232,14,10.780000000000005
78,WEAgent0,FEMALE_YOUNG,14,14.131592947313674,18,13.860000000000003
78,WFAgent0,MALE_YOUNG_LOW_INCOME,12,12.594556048137925,16,12.320000000000004
78,WFAgent1,FEMALE_OLD_LOW_INCOME,16,15.28756386964747,19,14.630000000000003
78,WFAgent2,FEMALE_LOW_INCOME,28,28.145886853849976,36,27.719999999999995
78,WFAgent3,YOUNG_LOW_INCOME,24,21.422051371622345,27,20.79
78,WFAgent4,OLD_LOW_INCOME,27,29.83072344993467,38,29.259999999999994
78,WFAgent5,MALE_HIGH_INCOME,9,9.441750695553353,12,9.240000000000006
79,WFAgent6,MALE_OLD_LOW_INCOME,12,12.066105087672238,15,11.550000000000004
79,WEAgent0,OLD_HIGH_INCOME,8,7.771059207464179,10,7.700000000000005
79,WFAgent0,FEMALE_OLD,18,17.277669897584992,22,16.94
79,WFAgent1,FEMALE_YOUNG,14,14.679595443439064,19,14.630000000000003
79,WFAgent2,OLD_HIGH_INCOME,8,7.039317551434814,9,6.930000000000004
79,WFAgent3,YOUNG_HIGH_INCOME,5,4.60735843146235,5,3.8500000000000023
79,WFAgent4,FEMALE_YOUNG_LOW_INCOME,13,12.34585463236111,16,12.320000000000004
79,WFAgent5,MALE_LOW_INCOME,23,24.855242962199227,32,24.639999999999997
80,WFAgent6,YOUNG_LOW_INCOME,24,23.65042107624703,30,23.099999999999998
80,WEAgent0,FEMALE_HIGH_INCOME,5,4.3208660322812005,5,3.8500000000000023
80,WFAgent0,FEMALE_OLD_HIGH_INCOME,3,2.522070184389319,3,2.3100000000000014
80,WFAgent1,MALE_HIGH_INCOME,9,8.965658762414591,11,8.470000000000006
80,WFAgent2,FEMALE_YOUNG_HIGH_INCOME,2,1.7998743486128561,2,1.6813801229262126
80,WFAgent3,FEMALE_OLD_LOW_INCOME,16,18.106830545155454,23,17.71
80,WFAgent4,FEMALE_OLD_LOW_INCOME,16,15.431986714098963,20,15.400000000000002
80,WFAgent5,FEMALE_HIGH_INCOME,5,4.971572022510636,6,4.620000000000003
81,WFAgent6,FEMALE_HIGH_INCOME,5,5.5043195527699185,5,4.881587331204009
81,WEAgent0,FEMALE_OLD,18,17.46407610662541,22,16.94
81,WFAgent0,FEMALE_YOUNG,14,13.668444527371225,17,13.090000000000003
81,WFAgent1,OLD_HIGH_INCOME,8,9.414763608120092,12,9.240000000000006
81,WFAgent2,FEMALE_YOUNG_HIGH_INCOME,2,1.975779981610094,2,1.540000000000001
81,WFAgent3,FEMALE_YOUNG_HIGH_INCOME,2,2.221371955544793,2,1.975779981610094
81,WFAgent4,FEMALE_OLD_HIGH_INCOME,3,3.0276410113087024,3,2.9106793511042346
81,WFAgent5,MALE_HIGH_INCOME,9,9.160697703029538,11,8.470000000000006
82,WFAgent6,OLD_LOW_INCOME,27,28.327826818916662,33,27.851103406802416
82,WEAgent0,MALE_OLD_LOW_INCOME,12,11.192882725441937,11,10.260142498321777
82,WFAgent0,FEMALE_YOUNG,14,13.168485871167743,17,13.090000000000003
82,WFAgent1,FEMALE_OLD_LOW_INCOME,16,16.304393219863922,21,16.17
82,WFAgent2,MALE_HIGH_INCOME,9,8.777973865135136,11,8.470000000000006
82,WFAgent3,FEMALE_OLD_HIGH_INCOME,3,2.8776354525290517,3,2.3100000000000014
82,WFAgent4,FEMALE_YOUNG_HIGH_INCOME,2,1.992820309827832,2,1.540000000000001
82,WFAgent5,MALE_YOUNG,15,12.636357264870137,16,12.320000000000004
83,WFAgent6,OLD_LOW_INCOME,27,26.772540149529036,34,26.179999999999996
83,WEAgent0,YOUNG_HIGH_INCOME,5,4.209311130269014,5,4.209311130269014
83,WFAgent0,MALE_YOUNG_HIGH_INCOME,4,4.389711572617431,5,3.8500000000000023
83,WFAgent1,MALE_OLD_LOW_INCOME,12,10.656470366911954,13,10.010000000000005
83,WFAgent2,FEMALE_YOUNG_LOW_INCOME,13,14.595320747445092,18,13.860000000000003
83,WFAgent3,FEMALE_OLD_HIGH_INCOME,3,2.3564123371274377,3,2.3100000000000014
83,WFAgent4,YOUNG_HIGH_INCOME,5,5.113607402487287,6,4.9074489042152125
83,WFAgent5,FEMALE_YOUNG_LOW_INCOME,13,14.10006416724376,18,13.860000000000003
84,WFAgent6,OLD_LOW_INCOME,27,26.36158129784528,34,26.179999999999996
84,WEAgent0,MALE_LOW_INCOME,23,18.571102455326947,23,18.234149320633787
84,WFAgent0,OLD_LOW_INCOME,27,26.659390082091548,34,26.179999999999996
84,WFAgent1,MALE_HIGH_INCOME,9,9.433240198472829,12,9.240000000000006
84,WFAgent2,MALE_OLD_LOW_INCOME,12,10.838440537613987,13,10.496710083445663
84,WFAgent3,MALE_YOUNG_HIGH_INCOME,4,4.141158529425026,5,3.8500000000000023
84,WFAgent4,YOUNG_LOW_INCOME,24,25.118257309221036,32,24.639999999999997
84,WFAgent5,FEMALE_OLD,18,17.798445275557636,23,17.71
85,WFAgent6,FEMALE_YOUNG_LOW_INCOME,13,12.352989031139925,16,12.320000000000004
85,WEAgent0,FEMALE_OLD_LOW_INCOME,16,12.575706917488816,16,12.575706917488816
85,WFAgent0,FEMALE_OLD_HIGH_INCOME,3,3.0273958462547457,3,2.3100000000000014
85,WFAgent1,OLD_HIGH_INCOME,8,8.129332010753732,10,7.700000000000005
85,WFAgent2,FEMALE_YOUNG_LOW_INCOME,13,11.013205368081692,14,10.780000000000005
85,WFAgent3,MALE_OLD_HIGH_INCOME,6,6.020298255924631,7,5.390000000000003
85,WFAgent4,FEMALE_OLD_LOW_INCOME,16,13.511304718559675,17,13.361688599831867
85,WFAgent5,MALE_OLD_HIGH_INCOME,6,6.792604265014303,6,6.020298255924632
86,WFAgent6,MALE_YOUNG_HIGH_INCOME,4,3.867354433066158,5,3.8500000000000023
86,WEAgent0,MALE_OLD,17,16.15691371793163,20,15.400000000000002
86,WFAgent0,MALE_YOUNG_HIGH_INCOME,4,4.29299634128304,4,3.867354433066158
86,WFAgent1,FEMALE_YOUNG,14,13.551379594236648,17,13.090000000000003
86,WFAgent2,OLD_HIGH_INCOME,8,6.737155641514005,8,6.160000000000004
86,WFAgent3,MALE_YOUNG_HIGH_INCOME,4,4.178451639239885,5,3.8500000000000023
86,WFAgent4,FEMALE_LOW_INCOME,28,27.100339425200477,35,26.949999999999996
86,WFAgent5,FEMALE_OLD,18,19.130779279837686,24,18.48
87,WFAgent6,MALE_OLD_LOW_INCOME,12,11.385890282182892,14,10.780000000000005
87,WEAgent0,MALE_LOW_INCOME,23,22.497657929206394,29,22.33
87,WFAgent0,OLD_LOW_INCOME,27,27.984913192864735,36,27.719999999999995
87,WFAgent1,FEMALE_YOUNG_HIGH_INCOME,2,1.576641055953983,2,1.540000000000001
87,WFAgent2,MALE_YOUNG,15,12.513186372978602,16,12.320000000000004
87,WFAgent3,MALE_OLD_HIGH_INCOME,6,5.261242393063118,6,4.620000000000003
87,WFAgent4,FEMALE_YOUNG_HIGH_INCOME,2,1.9287339553851415,2,1.540000000000001
87,WFAgent5,FEMALE_YOUNG_LOW_INCOME,13,12.303026923857985,15,11.550000000000004
88,WFAgent6,FEMALE_OLD_LOW_INCOME,16,16.81193715658677,21,16.17
88,WEAgent0,MALE_OLD_HIGH_INCOME,6,5.761108868205016,7,5.390000000000003
88,WFAgent0,MALE_OLD_HIGH_INCOME,6,5.910779183386483,6,5.761108868205016
88,WFAgent1,MALE_LOW_INCOME,23,25.383738152630585,32,24.639999999999997
88,WFAgent2,FEMALE_YOUNG,14,12.388690876174781,16,12.320000000000004
88,WFAgent3,FEMALE_HIGH_INCOME,5,4.608852818180722,5,3.8500000000000023
88,WFAgent4,FEMALE_YOUNG_HIGH_INCOME,2,2.0053950235529654,2,1.540000000000001
88,WFAgent5,OLD_LOW_INCOME,27,27.84875461803015,36,27.719999999999995
89,WFAgent6,MALE_YOUNG_LOW_INCOME,12,11.932146508083624,15,11.550000000000004
89,WEAgent0,MALE_HIGH_INCOME,9,9.723983687989781,12,9.240000000000006
89,WFAgent0,MALE_YOUNG_LOW_INCOME,12,13.164031286478606,17,13.090000000000003
89,WFAgent1,OLD_HIGH_INCOME,8,6.957531246688765,9,6.930000000000004
89,WFAgent2,MALE_YOUNG,15,15.724113096673099,20,15.400000000000002
89,WFAgent3,MALE_OLD,17,17.092146009671932,22,16.94
89,WFAgent4,YOUNG_LOW_INCOME,24,25.724823592693035,33,25.409999999999997
89,WFAgent5,MALE_OLD,17,16.687757736553266,21,16.17
90,WFAgent6,MALE_YOUNG_HIGH_INCOME,4,4.097197749842998,5,3.8500000000000023
90,WEAgent0,FEMALE_YOUNG,14,14.474229056739452,18,13.860000000000003
90,WFAgent0,FEMALE_OLD_HIGH_INCOME,3,2.700966424702043,3,2.3100000000000014
90,WFAgent1,MALE_LOW_INCOME,23,19.677847633698388,25,19.25
90,WFAgent2,MALE_HIGH_INCOME,9,9.281384183292351,12,9.240000000000006
90,WFAgent3,MALE_YOUNG_LOW_INCOME,12,10.604580126216309,13,10.010000000000005
90,WFAgent4,FEMALE_YOUNG_LOW_INCOME,13,10.90343080463838,14,10.780000000000005
90,WFAgent5,MALE_HIGH_INCOME,9,9.592711880148702,12,9.240000000000006
91,WFAgent6,MALE_YOUNG,15,15.694039169106057,20,15.400000000000002
91,WEAgent0,YOUNG_HIGH_INCOME,5,5.069622820530396,6,4.620000000000003
91,WFAgent0,FEMALE_YOUNG_LOW_INCOME,13,11.223405523679316,14,10.780000000000005
91,WFAgent1,FEMALE_YOUNG_HIGH_INCOME,2,2.1717534983466678,2,1.726677772873741
91,WFAgent2,FEMALE_OLD_LOW_INCOME,16,17.383397893496937,22,16.94
91,WFAgent3,YOUNG_LOW_INCOME,24,24.535105141958052,31,23.869999999999997
91,WFAgent4,FEMALE_OLD_HIGH_INCOME,3,3.2212068498284507,4,3.080000000000002
91,WFAgent5,FEMALE_OLD_HIGH_INCOME,3,2.5814614007501553,3,2.3100000000000014
92,WFAgent6,MALE_YOUNG_LOW_INCOME,12,12.306230177213253,14,11.926793926035941
92,WEAgent0,YOUNG_LOW_INCOME,24,20.445932444633048,26,20.02
92,WFAgent0,FEMALE_LOW_INCOME,28,30.0641401530825,39,30.029999999999994
92,WFAgent1,YOUNG_LOW_INCOME,24,24.911861303897535,32,24.639999999999997
92,WFAgent2,MALE_LOW_INCOME,23,20.38697044938985,26,20.02
92,WFAgent3,YOUNG_HIGH_INCOME,5,5.695493326590515,7,5.390000000000003
92,WFAgent4,YOUNG_HIGH_INCOME,5,5.206836842669796,6,4.620000000000003
92,WFAgent5,FEMALE_OLD,18,15.265836684525482,19,14.630000000000003
93,WFAgent6,YOUNG_LOW_INCOME,24,25.236504621775097,32,24.639999999999997
93,WEAgent0,YOUNG_HIGH_INCOME,5,4.659488396138791,6,4.620000000000003
93,WFAgent0,MALE_OLD_HIGH_INCOME,6,6.552532541483751,6,6.214973710389083
93,WFAgent1,MALE_OLD,17,17.127243884321576,22,16.94
93,WFAgent2,MALE_OLD_HIGH_INCOME,6,6.548904630266378,6,6.044909606231146
93,WFAgent3,FEMALE_YOUNG,14,12.883636716455012,16,12.320000000000004
93,WFAgent4,FEMALE_OLD_LOW_INCOME,16,14.073264274750581,18,13.860000000000003
93,WFAgent5,MALE_OLD_HIGH_INCOME,6,6.214973710389084,8,6.160000000000004
94,WFAgent6,MALE_LOW_INCOME,23,19.933240183961843,25,19.25
94,WEAgent0,FEMALE_HIGH_INCOME,5,5.1122148213094665,6,4.620000000000003
94,WFAgent0,FEMALE_YOUNG_HIGH_INCOME,2,2.179063740237266,2,1.8497275847006869
94,WFAgent1,FEMALE_OLD,18,17.73029129738879,23,17.71
94,WFAgent2,MALE_OLD_LOW_INCOME,12,14.152227621430416,16,13.866601867103894
94,WFAgent3,YOUNG_HIGH_INCOME,5,4.624318961751717,6,4.620000000000003
94,WFAgent4,MALE_HIGH_INCOME,9,9.30198249966652,12,9.240000000000006
94,WFAgent5,OLD_LOW_INCOME,27,30.191551716535557,39,30.029999999999994
95,WFAgent6,MALE_YOUNG,15,15.262450904089505,19,14.630000000000003
95,WEAgent0,FEMALE_LOW_INCOME,28,24.361798332583792,31,23.869999999999997
95,WFAgent0,MALE_YOUNG_LOW_INCOME,12,12.78717763945932,16,12.320000000000004
95,WFAgent1,FEMALE_OLD_LOW_INCOME,16,18.969404208964633,24,18.48
95,WFAgent2,MALE_OLD_LOW_INCOME,12,12.187541341507202,15,11.550000000000004
95,WFAgent3,MALE_OLD_LOW_INCOME,12,11.248869573311856,14,10.780000000000005
95,WFAgent4,FEMALE_OLD,18,19.58818326276012,25,19.25
95,WFAgent5,YOUNG_LOW_INCOME,24,22.988285435046926,29,22.33
96,WFAgent6,YOUNG_HIGH_INCOME,5,5.381903759823604,6,4.620000000000003
96,WEAgent0,FEMALE_YOUNG,14,14.105380665626132,18,13.860000000000003
96,WFAgent0,YOUNG_LOW_INCOME,24,23.976787171652813,31,23.869999999999997
96,WFAgent1,FEMALE_HIGH_INCOME,5,5.339404859419846,6,4.620000000000003
96,WFAgent2,FEMALE_LOW_INCOME,28,32.14989419664495,41,31.569999999999993
96,WFAgent3,MALE_LOW_INCOME,23,23.98400082044188,31,23.869999999999997
96,WFAgent4,MALE_OLD,17,18.5381794072594,24,18.48
96,WFAgent5,MALE_HIGH_INCOME,9,8.210060060637355,10,7.700000000000005
97,WFAgent6,FEMALE_LOW_INCOME,28,25.821025555856053,33,25.409999999999997
97,WEAgent0,OLD_LOW_INCOME,27,25.38438118600855,32,24.639999999999997
97,WFAgent0,MALE_YOUNG,15,18.082291915131552,23,17.71
97,WFAgent1,FEMALE_OLD_HIGH_INCOME,3,3.1222624883766383,4,3.080000000000002
97,WFAgent2,FEMALE_HIGH_INCOME,5,5.111247210150986,6,4.620000000000003
97,WFAgent3,FEMALE_HIGH_INCOME,5,5.0926357393994675,6,4.620000000000003
97,WFAgent4,FEMALE_YOUNG_HIGH_INCOME,2,1.988196729330683,2,1.540000000000001
97,WFAgent5,OLD_LOW_INCOME,27,30.242599711941804,39,30.029999999999994
98,WFAgent6,FEMALE_OLD_HIGH_INCOME,3,2.6441678205979247,3,2.3100000000000014
98,WEAgent0,YOUNG_HIGH_INCOME,5,4.822885044260437,6,4.726376438589024
98,WFAgent0,OLD_HIGH_INCOME,8,7.517448788858352,9,6.930000000000004
98,WFAgent1,FEMALE_YOUNG_HIGH_INCOME,2,1.8918181803506822,2,1.7527528771780432
98,WFAgent2,FEMALE_YOUNG,14,13.690401493282826,17,13.090000000000003
98,WFAgent3,MALE_YOUNG_HIGH_INCOME,4,4.515215647251104,5,4.381882192945108
98,WFAgent4,YOUNG_HIGH_INCOME,5,4.381882192945108,5,3.8500000000000023
98,WFAgent5,MALE_HIGH_INCOME,9,8.54490404073423,11,8.470000000000006
99,WFAgent6,MALE_YOUNG_LOW_INCOME,12,11.920793002982366,15,11.550000000000004
99,WEAgent0,MALE_LOW_INCOME,23,22.872740261263655,29,22.33
99,WFAgent0,MALE_OLD,17,16.432431828602333,21,16.17
99,WFAgent1,FEMALE_LOW_INCOME,28,30.11565438796809,39,30.029999999999994
99,WFAgent2,YOUNG_HIGH_INCOME,5,4.76198361661385,6,4.620000000000003
99,WFAgent3,FEMALE_OLD_LOW_INCOME,16,17.06357602017376,22,16.94
99,WFAgent4,FEMALE_YOUNG,14,12.72095710281193,16,12.320000000000004
99,WFAgent5,MALE_OLD_HIGH_INCOME,6,5.903852493475592,7,5.390000000000003

