0,WEAgent1,MALE_OLD,98,84.18655615682934,140,0.0
0,WEAgent2,MALE_YOUNG,89,80.07966393689858,121,0.0
0,WEAgent0,MALE_YOUNG_LOW_INCOME,69,68.29908362605916,351,0.0
0,SIAgent0,FEMALE_YOUNG_HIGH_INCOME,10,9.456270445654177,60,0.0
1,WEAgent1,FEMALE_OLD,106,97.54942229397065,101,97.37046427098993
1,WEAgent2,FEMALE_HIGH_INCOME,25,25.813891691497847,0,0.0
1,WEAgent0,FEMALE_YOUNG,84,81.39554448273906,475,0.0
1,SIAgent0,FEMALE_OLD_LOW_INCOME,91,100.68991191659202,377,0.0
2,WEAgent1,OLD_LOW_INCOME,158,153.62981897334328,366,0.0
2,WEAgent2,YOUNG_HIGH_INCOME,30,32.12536819953257,102,0.0
2,WEAgent0,FEMALE_YOUNG,84,86.3758768722488,426,0.0
2,SIAgent0,FEMALE_HIGH_INCOME,25,25.81936312993009,62,25.707106211978818
3,WEAgent1,FEMALE_HIGH_INCOME,25,25.843757398895708,81,0.0
3,WEAgent2,MALE_YOUNG,89,88.2926670835311,101,0.0
3,WEAgent0,FEMALE_YOUNG,84,78.21125637534303,442,0.0
3,SIAgent0,FEMALE_OLD_LOW_INCOME,91,93.86772779351156,485,0.0
4,WEAgent1,MALE_OLD_HIGH_INCOME,31,30.068929929221802,150,0.0
4,WEAgent2,FEMALE_YOUNG,84,74.57123368506035,110,74.40609861027471
4,WEAgent0,OLD_LOW_INCOME,158,147.1376209940794,360,0.0
4,SIAgent0,FEMALE_LOW_INCOME,165,134.9121568208278,813,67.86490312805276
5,WEAgent1,FEMALE_OLD_HIGH_INCOME,16,16.597847848444523,16,15.918607556649023
5,WEAgent2,FEMALE_HIGH_INCOME,25,23.540687523405964,25,23.540687523405964
5,WEAgent0,FEMALE_HIGH_INCOME,25,25.986023550429802,27,16.007667515916054
5,SIAgent0,FEMALE_OLD_HIGH_INCOME,16,15.918607556649025,79,13.928781612067896
6,WEAgent1,MALE_YOUNG_LOW_INCOME,69,78.48316112645465,359,0.0
6,WEAgent2,FEMALE_OLD_LOW_INCOME,91,108.58328763663584,120,108.05742003164887
6,WEAgent0,MALE_OLD_HIGH_INCOME,31,31.84899142230508,147,0.0
6,SIAgent0,FEMALE_OLD_LOW_INCOME,91,81.94354352400018,344,0.0
7,WEAgent1,FEMALE_YOUNG,84,85.44691107215944,425,0.0
7,WEAgent2,MALE_YOUNG_LOW_INCOME,69,66.37590500453848,368,0.0
7,WEAgent0,FEMALE_OLD,106,97.34771886261233,548,0.0
7,SIAgent0,MALE_OLD_LOW_INCOME,68,69.31801685951365,385,0.0
8,WEAgent1,MALE_HIGH_INCOME,50,48.00581783474184,87,13.67160630291315
8,WEAgent2,YOUNG_HIGH_INCOME,30,25.634261817962166,29,24.7797864240301
8,WEAgent0,FEMALE_HIGH_INCOME,25,28.28389336540074,55,10.253704727184862
8,SIAgent0,MALE_YOUNG_LOW_INCOME,69,69.23550358952512,399,0.0
9,WEAgent1,MALE_YOUNG_HIGH_INCOME,20,20.44706430886654,22,20.219328564465624
9,WEAgent2,FEMALE_OLD_LOW_INCOME,91,95.97400328899,481,0.0
9,WEAgent0,MALE_HIGH_INCOME,50,45.95301946469459,84,17.462147396583944
9,SIAgent0,MALE_OLD_LOW_INCOME,68,69.72781387744482,343,0.0
10,WEAgent1,OLD_HIGH_INCOME,46,47.201487080393015,193,38.992532805542034
10,WEAgent2,OLD_HIGH_INCOME,46,47.60403577963647,32,32.83581709940382
10,WEAgent0,MALE_YOUNG,89,81.62304913090122,100,0.0
10,SIAgent0,MALE_OLD_HIGH_INCOME,31,32.13758092372256,31,31.80969781504745
11,WEAgent1,MALE_OLD,98,105.77915025276548,119,34.955159786180324
11,WEAgent2,FEMALE_LOW_INCOME,165,149.5260190723194,401,0.0
11,WEAgent0,FEMALE_HIGH_INCOME,25,20.85365351277555,51,0.0
11,SIAgent0,OLD_HIGH_INCOME,46,44.66492639345261,90,43.69394973272541
12,WEAgent1,MALE_OLD_HIGH_INCOME,31,28.97190247738536,123,0.0
12,WEAgent2,MALE_YOUNG_HIGH_INCOME,20,19.293223727860145,100,0.0
12,WEAgent0,FEMALE_OLD_HIGH_INCOME,16,17.56431460153322,74,0.0
12,SIAgent0,MALE_HIGH_INCOME,50,49.785880866032976,53,49.53260746133628
13,WEAgent1,MALE_OLD_LOW_INCOME,68,71.02071956274028,68,71.0207195627402
13,WEAgent2,MALE_LOW_INCOME,137,151.5791470837002,305,90.86474414644701
13,WEAgent0,MALE_YOUNG,89,91.08442720664107,99,0.0
13,SIAgent0,MALE_OLD_HIGH_INCOME,31,31.457943098165806,155,0.0
14,WEAgent1,YOUNG_HIGH_INCOME,30,30.752976610002364,49,0.0
14,WEAgent2,MALE_LOW_INCOME,137,125.84951311053547,365,0.0
14,WEAgent0,FEMALE_OLD,106,104.49356775527963,338,0.0
14,SIAgent0,FEMALE_OLD,106,129.20282790612922,149,129.13827713152483
15,WEAgent1,FEMALE_YOUNG_LOW_INCOME,75,71.26278387585873,398,0.0
15,WEAgent2,OLD_HIGH_INCOME,46,35.47894333017152,57,0.0
15,WEAgent0,MALE_OLD_LOW_INCOME,68,59.456702757729715,370,0.0
15,SIAgent0,FEMALE_HIGH_INCOME,25,22.931565617072376,45,22.367159925542914
16,WEAgent1,OLD_HIGH_INCOME,46,41.609975794253344,71,0.0
16,WEAgent2,FEMALE_LOW_INCOME,165,195.85075393636498,406,0.0
16,WEAgent0,MALE_YOUNG,89,89.27175990978368,94,0.0
16,SIAgent0,MALE_YOUNG_LOW_INCOME,69,68.3585403244529,360,0.0
17,WEAgent1,MALE_HIGH_INCOME,50,63.20306559954104,120,0.0
17,WEAgent2,FEMALE_OLD,106,100.82270751492601,106,100.82270751492591
17,WEAgent0,FEMALE_OLD,106,114.04157326405151,421,92.26228895233787
17,SIAgent0,MALE_OLD_LOW_INCOME,68,72.47765051872456,394,0.0
18,WEAgent1,FEMALE_OLD,106,99.67929625348565,128,99.05258958352125
18,WEAgent2,MALE_YOUNG,89,94.66804589059875,99,0.0
18,WEAgent0,MALE_OLD_HIGH_INCOME,31,34.29540790570405,164,0.0
18,SIAgent0,OLD_LOW_INCOME,158,163.0240536895451,755,131.03832163653345
19,WEAgent1,FEMALE_OLD_LOW_INCOME,91,99.82906649047494,474,0.0
19,WEAgent2,FEMALE_OLD_HIGH_INCOME,16,13.543838217654757,102,0.0
19,WEAgent0,OLD_LOW_INCOME,158,202.99191463299837,397,0.0
19,SIAgent0,FEMALE_YOUNG_HIGH_INCOME,10,10.908252609508734,50,0.0
20,WEAgent1,OLD_HIGH_INCOME,46,40.64242392989334,171,0.0
20,WEAgent2,FEMALE_YOUNG,84,95.85789230893411,363,95.16158089330428
20,WEAgent0,FEMALE_YOUNG_LOW_INCOME,75,83.96610078820974,75,83.96610078820966
20,SIAgent0,FEMALE_OLD,106,97.62104934905578,529,0.0
21,WEAgent1,FEMALE_OLD_LOW_INCOME,91,96.98483289750688,475,0.0
21,WEAgent2,FEMALE_OLD_HIGH_INCOME,16,17.552765094616014,93,0.0
21,WEAgent0,FEMALE_HIGH_INCOME,25,21.7570832053098,49,0.0
21,SIAgent0,MALE_YOUNG_HIGH_INCOME,20,20.686759918490246,91,0.0
22,WEAgent1,YOUNG_HIGH_INCOME,30,35.37492369439327,61,0.0
22,WEAgent2,FEMALE_LOW_INCOME,165,178.74320068704384,397,0.0
22,WEAgent0,OLD_LOW_INCOME,158,142.59231444794025,357,0.0
22,SIAgent0,MALE_OLD_HIGH_INCOME,31,30.409335941107773,142,0.0
23,WEAgent1,YOUNG_HIGH_INCOME,30,30.137985738327334,111,0.0
23,WEAgent2,FEMALE_YOUNG,84,98.42976127667285,462,0.0
23,WEAgent0,MALE_LOW_INCOME,137,145.26068059582354,338,0.0
23,SIAgent0,OLD_HIGH_INCOME,46,50.65854332318164,244,0.0
24,WEAgent1,MALE_YOUNG_LOW_INCOME,69,63.062508103031526,341,0.0
24,WEAgent2,OLD_HIGH_INCOME,46,49.78260568770597,136,0.0
24,WEAgent0,OLD_LOW_INCOME,158,165.59302249849497,307,0.0
24,SIAgent0,MALE_OLD,98,112.02173446211215,106,111.09405306861039
25,WEAgent1,MALE_OLD_HIGH_INCOME,31,30.272724918251036,115,0.0
25,WEAgent2,MALE_OLD_LOW_INCOME,68,71.05926224352216,391,0.0
25,WEAgent0,FEMALE_OLD_HIGH_INCOME,16,15.869401816469214,73,0.0
25,SIAgent0,MALE_OLD_HIGH_INCOME,31,31.319837906681055,32,31.249264431742994
26,WEAgent1,FEMALE_YOUNG,84,97.72720511349804,441,0.0
26,WEAgent2,FEMALE_YOUNG_HIGH_INCOME,10,8.743821209067148,0,0.0
26,WEAgent0,MALE_HIGH_INCOME,50,42.56350866307991,99,0.0
26,SIAgent0,FEMALE_OLD,106,97.02107667558779,563,0.0
27,WEAgent1,MALE_YOUNG,89,108.59114578421088,104,0.0
27,WEAgent2,MALE_OLD_LOW_INCOME,68,65.94664985027381,355,0.0
27,WEAgent0,FEMALE_YOUNG_LOW_INCOME,75,85.01427990450104,417,0.0
27,SIAgent0,FEMALE_OLD,106,102.47919519971401,553,0.0
28,WEAgent1,MALE_YOUNG,89,84.28493274353985,70,24.95091128949648
28,WEAgent2,OLD_HIGH_INCOME,46,51.48501306078344,72,0.0
28,WEAgent0,YOUNG_HIGH_INCOME,30,29.83335680551479,71,29.780119926173214
28,SIAgent0,MALE_YOUNG_LOW_INCOME,69,55.53589932178254,338,0.0
29,WEAgent1,FEMALE_OLD,106,94.57436022263039,381,73.16129753071415
29,WEAgent2,MALE_LOW_INCOME,137,148.69651476205271,226,147.23470401084774
29,WEAgent0,FEMALE_OLD,106,97.23656270349606,146,96.35878211362355
29,SIAgent0,MALE_LOW_INCOME,137,130.9815223992603,438,130.02545289269665
30,WEAgent1,FEMALE_HIGH_INCOME,25,24.538884806004237,25,22.57577402152391
30,WEAgent2,FEMALE_OLD_HIGH_INCOME,16,17.33154721562251,89,0.0
30,WEAgent0,FEMALE_HIGH_INCOME,25,26.205087776384204,26,25.520440198244422
30,SIAgent0,MALE_YOUNG,89,72.19241456309098,466,0.0
31,WEAgent1,MALE_YOUNG_HIGH_INCOME,20,22.449800696836455,22,21.92985537099576
31,WEAgent2,OLD_HIGH_INCOME,46,52.773996273910925,61,16.224733847756767
31,WEAgent0,FEMALE_OLD_HIGH_INCOME,16,17.306382770940548,15,16.224733847756767
31,SIAgent0,YOUNG_HIGH_INCOME,30,29.904348233176034,140,0.0
32,WEAgent1,MALE_YOUNG_HIGH_INCOME,20,15.111525516419288,91,0.0
32,WEAgent2,OLD_LOW_INCOME,158,160.19187771357832,196,0.0
32,WEAgent0,FEMALE_YOUNG,84,90.30172367193053,453,0.0
32,SIAgent0,OLD_LOW_INCOME,158,173.15443046268513,395,172.3583494386605
33,WEAgent1,YOUNG_LOW_INCOME,144,149.50907599778125,257,145.8987512637869
33,WEAgent2,MALE_LOW_INCOME,137,135.97366614380115,136,134.98115763180283
33,WEAgent0,FEMALE_YOUNG,84,80.19614419581605,476,0.0
33,SIAgent0,MALE_OLD_HIGH_INCOME,31,28.410292226471114,160,0.0
34,WEAgent1,MALE_OLD_HIGH_INCOME,31,30.64149661239525,168,0.0
34,WEAgent2,MALE_YOUNG_HIGH_INCOME,20,21.12036319943984,110,0.0
34,WEAgent0,MALE_LOW_INCOME,137,131.70431327417464,354,0.0
34,SIAgent0,FEMALE_YOUNG,84,85.12226793890387,453,0.0
35,WEAgent1,OLD_LOW_INCOME,158,172.09858577677784,296,41.120507661651295
35,WEAgent2,MALE_OLD_LOW_INCOME,68,66.57606002362593,68,66.57606002362586
35,WEAgent0,YOUNG_HIGH_INCOME,30,34.34508950344913,44,0.0
35,SIAgent0,FEMALE_OLD,106,106.78431839175472,563,0.0
36,WEAgent1,MALE_OLD_HIGH_INCOME,31,28.282850849221813,50,0.0
36,WEAgent2,FEMALE_YOUNG_LOW_INCOME,75,73.79950601150712,74,72.81551259802042
36,WEAgent0,FEMALE_YOUNG,84,86.1041643214128,366,61.991585049666064
36,SIAgent0,MALE_OLD,98,90.63332555570474,334,90.32265271203104
37,WEAgent1,MALE_OLD_HIGH_INCOME,31,36.24755207397429,158,0.0
37,WEAgent2,FEMALE_OLD_HIGH_INCOME,16,12.390619788767141,98,0.0
37,WEAgent0,YOUNG_LOW_INCOME,144,128.51796921093563,376,0.0
37,SIAgent0,FEMALE_YOUNG_LOW_INCOME,75,79.45385414026003,393,0.0
38,WEAgent1,MALE_HIGH_INCOME,50,45.10176970746725,190,42.395663525019174
38,WEAgent2,MALE_YOUNG,89,94.31681408204739,56,50.51398207236327
38,WEAgent0,FEMALE_LOW_INCOME,165,174.04234196597577,383,0.0
38,SIAgent0,FEMALE_HIGH_INCOME,25,23.234349260665358,135,0.0
39,WEAgent1,FEMALE_YOUNG_LOW_INCOME,75,93.1422680305203,86,92.34632137793947
39,WEAgent2,FEMALE_HIGH_INCOME,25,28.76797905899053,55,0.0
39,WEAgent0,FEMALE_OLD_LOW_INCOME,91,99.03457479060006,92,98.7890879857027
39,SIAgent0,FEMALE_LOW_INCOME,165,177.17608171348863,709,100.9366768549571
40,WEAgent1,FEMALE_OLD_HIGH_INCOME,16,13.902657806418684,17,13.847557796255964
40,WEAgent2,OLD_HIGH_INCOME,46,37.46986227222203,55,17.920368912801838
40,WEAgent0,MALE_LOW_INCOME,137,147.70287309356758,210,90.2865631200073
40,SIAgent0,MALE_LOW_INCOME,137,92.30790408538059,404,91.6341237635895
41,WEAgent1,FEMALE_YOUNG,84,84.54261259033122,111,83.89546681539338
41,WEAgent2,MALE_YOUNG,89,97.34925972752127,197,96.60620569469224
41,WEAgent0,YOUNG_LOW_INCOME,144,125.32696954987085,110,90.51392245268461
41,SIAgent0,YOUNG_LOW_INCOME,144,125.84320022309007,209,125.32696954987104
42,WEAgent1,MALE_YOUNG_HIGH_INCOME,20,20.23967463346257,111,0.0
42,WEAgent2,FEMALE_OLD_HIGH_INCOME,16,16.71514414643964,77,0.0
42,WEAgent0,FEMALE_HIGH_INCOME,25,22.47695398749279,40,0.0
42,SIAgent0,OLD_LOW_INCOME,158,143.78436835736898,844,0.0
43,WEAgent1,YOUNG_LOW_INCOME,144,136.51803380281908,232,0.0
43,WEAgent2,FEMALE_YOUNG,84,96.22167485929594,453,0.0
43,WEAgent0,FEMALE_HIGH_INCOME,25,30.32389083294933,102,0.0
43,SIAgent0,MALE_LOW_INCOME,137,133.5910819697316,271,132.72586619718473
44,WEAgent1,FEMALE_OLD,106,107.06551030859326,333,85.96370262842362
44,WEAgent2,OLD_HIGH_INCOME,46,40.51259232491169,152,0.0
44,WEAgent0,FEMALE_OLD_LOW_INCOME,91,73.1093171886594,90,72.30591809867416
44,SIAgent0,FEMALE_LOW_INCOME,165,138.86086809835885,290,138.18464347746587
45,WEAgent1,FEMALE_OLD_HIGH_INCOME,16,14.256276901938818,82,0.0
45,WEAgent2,FEMALE_HIGH_INCOME,25,21.515124743683856,59,0.0
45,WEAgent0,MALE_YOUNG_HIGH_INCOME,20,21.85783089395619,116,0.0
45,SIAgent0,MALE_LOW_INCOME,137,106.13941895670284,715,0.0
46,WEAgent1,MALE_YOUNG,89,95.8270282034954,107,0.0
46,WEAgent2,OLD_LOW_INCOME,158,130.60487508122304,363,0.0
46,WEAgent0,FEMALE_YOUNG,84,84.30317994417771,474,0.0
46,SIAgent0,FEMALE_OLD_LOW_INCOME,91,92.70541250186356,486,0.0
47,WEAgent1,MALE_YOUNG_LOW_INCOME,69,58.167604178995695,78,57.99886321900146
47,WEAgent2,MALE_YOUNG_LOW_INCOME,69,70.00251221769757,94,69.89606593059152
47,WEAgent0,OLD_HIGH_INCOME,46,44.66455147328178,83,0.0
47,SIAgent0,YOUNG_LOW_INCOME,144,107.07482440431056,599,69.15249076111714
48,WEAgent1,MALE_YOUNG,89,93.86333055078896,99,0.0
48,WEAgent2,FEMALE_YOUNG,84,85.47597160499134,437,0.0
48,WEAgent0,FEMALE_OLD,106,104.78162710592268,570,0.0
48,SIAgent0,MALE_OLD_HIGH_INCOME,31,35.18059891579771,151,0.0
49,WEAgent1,FEMALE_HIGH_INCOME,25,23.84935929222323,55,0.0
49,WEAgent2,MALE_OLD_HIGH_INCOME,31,33.15597140094765,154,0.0
49,WEAgent0,FEMALE_OLD,106,118.76462108558164,568,0.0
49,SIAgent0,MALE_YOUNG,89,87.57163633271871,480,0.0
50,WEAgent1,MALE_YOUNG_HIGH_INCOME,20,19.2055093099033,109,0.0
50,WEAgent2,FEMALE_OLD,106,112.1137978317902,587,0.0
50,WEAgent0,FEMALE_OLD_HIGH_INCOME,16,14.844329387564557,0,0.0
50,SIAgent0,MALE_OLD,98,122.6063446674456,512,0.0
51,WEAgent1,MALE_OLD_HIGH_INCOME,31,28.647030124208328,166,0.0
51,WEAgent2,MALE_YOUNG_HIGH_INCOME,20,17.560843999200877,85,0.0
51,WEAgent0,FEMALE_YOUNG_HIGH_INCOME,10,10.243180845732018,49,0.0
51,SIAgent0,MALE_YOUNG_HIGH_INCOME,20,18.35460883604222,20,17.560843999200877
52,WEAgent1,OLD_LOW_INCOME,158,157.71982064194387,264,62.888282914192835
52,WEAgent2,MALE_YOUNG_HIGH_INCOME,20,20.44918445428501,0,0.0
52,WEAgent0,MALE_OLD_LOW_INCOME,68,74.06141429791467,74,73.86877675635348
52,SIAgent0,MALE_YOUNG,89,83.4278319575478,477,0.0
53,WEAgent1,FEMALE_OLD_LOW_INCOME,91,102.68214728035375,96,102.3348488317379
53,WEAgent2,FEMALE_YOUNG_LOW_INCOME,75,74.31925312699573,418,0.0
53,WEAgent0,FEMALE_HIGH_INCOME,25,23.944467788586834,50,0.0
53,SIAgent0,OLD_LOW_INCOME,158,168.4261053689021,729,0.0
54,WEAgent1,MALE_OLD_HIGH_INCOME,31,31.171330028119083,165,0.0
54,WEAgent2,MALE_LOW_INCOME,137,149.53499583956446,141,125.16985591893581
54,WEAgent0,MALE_LOW_INCOME,137,137.6707610393732,144,137.59129200249433
54,SIAgent0,MALE_OLD_LOW_INCOME,68,64.97366566784449,67,64.01817058449387
55,WEAgent1,FEMALE_OLD,106,98.33490784528301,349,0.0
55,WEAgent2,FEMALE_LOW_INCOME,165,168.85358991221034,401,0.0
55,WEAgent0,MALE_OLD_LOW_INCOME,68,67.9186438775979,364,0.0
55,SIAgent0,FEMALE_OLD,106,114.76591444401663,141,114.10560061292249
56,WEAgent1,FEMALE_OLD_LOW_INCOME,91,91.00349461925187,499,0.0
56,WEAgent2,FEMALE_LOW_INCOME,165,189.49368829116702,383,0.0
56,WEAgent0,MALE_YOUNG,89,78.93862900772821,89,0.0
56,SIAgent0,MALE_YOUNG_LOW_INCOME,69,72.53400258521218,341,0.0
57,WEAgent1,MALE_OLD_LOW_INCOME,68,74.68445519669237,199,0.0
57,WEAgent2,MALE_YOUNG_HIGH_INCOME,20,22.699692371230192,101,0.0
57,WEAgent0,YOUNG_HIGH_INCOME,30,31.801364737277623,50,0.0
57,SIAgent0,OLD_LOW_INCOME,158,139.27280554159924,346,139.27280554159924
58,WEAgent1,FEMALE_OLD_HIGH_INCOME,16,17.454161153038886,87,0.0
58,WEAgent2,FEMALE_YOUNG,84,89.14457542279862,437,0.0
58,WEAgent0,MALE_YOUNG,89,108.71045314075388,110,0.0
58,SIAgent0,MALE_OLD_LOW_INCOME,68,69.5681721192607,351,0.0
59,WEAgent1,FEMALE_YOUNG_HIGH_INCOME,10,9.41280061968489,45,0.0
59,WEAgent2,FEMALE_HIGH_INCOME,25,23.467858671861833,30,0.0
59,WEAgent0,OLD_LOW_INCOME,158,159.76673512899924,371,0.0
59,SIAgent0,OLD_HIGH_INCOME,46,44.21842261722687,138,44.119574303100286
60,WEAgent1,MALE_LOW_INCOME,137,137.37571096316137,197,0.0
60,WEAgent2,FEMALE_YOUNG,84,86.41301109944966,449,0.0
60,WEAgent0,FEMALE_YOUNG_HIGH_INCOME,10,11.20799042563047,0,0.0
60,SIAgent0,OLD_LOW_INCOME,158,180.20730352512186,388,179.49089242632024
61,WEAgent1,FEMALE_OLD,106,97.61917530571615,135,97.28557017989858
61,WEAgent2,MALE_OLD_LOW_INCOME,68,68.87432761088013,364,0.0
61,WEAgent0,FEMALE_OLD_HIGH_INCOME,16,18.88994306699226,0,0.0
61,SIAgent0,FEMALE_LOW_INCOME,165,168.9696745229817,793,87.04498384517238
62,WEAgent1,YOUNG_LOW_INCOME,144,128.11562340117212,364,0.0
62,WEAgent2,MALE_YOUNG_HIGH_INCOME,20,20.807477421734475,0,0.0
62,WEAgent0,MALE_YOUNG,89,88.55531772081392,77,0.0
62,SIAgent0,YOUNG_HIGH_INCOME,30,29.061005568014878,50,28.470138533593826
63,WEAgent1,FEMALE_LOW_INCOME,165,153.98185082187666,386,0.0
63,WEAgent2,FEMALE_YOUNG_HIGH_INCOME,10,9.9256439603398,9,8.933079564305823
63,WEAgent0,FEMALE_HIGH_INCOME,25,25.168106036075272,46,13.895901544475725
63,SIAgent0,MALE_HIGH_INCOME,50,58.68025214718305,277,0.0
64,WEAgent1,FEMALE_YOUNG_HIGH_INCOME,10,11.662519070563432,11,11.446472304660983
64,WEAgent2,MALE_HIGH_INCOME,50,44.53981882194172,113,0.0
64,WEAgent0,FEMALE_HIGH_INCOME,25,26.014709783320423,39,14.568237478659432
64,SIAgent0,FEMALE_YOUNG_LOW_INCOME,75,77.66645476537617,409,0.0
65,WEAgent1,MALE_YOUNG,89,91.87816833055341,117,0.0
65,WEAgent2,FEMALE_OLD_HIGH_INCOME,16,15.698606358017253,20,15.526349851097931
65,WEAgent0,FEMALE_HIGH_INCOME,25,24.122158617099807,53,14.750032358543034
65,SIAgent0,FEMALE_YOUNG,84,65.21066937461129,463,0.0
66,WEAgent1,MALE_OLD_HIGH_INCOME,31,32.12412523238565,166,0.0
66,WEAgent2,MALE_LOW_INCOME,137,133.35143835700654,385,0.0
66,WEAgent0,FEMALE_OLD_LOW_INCOME,91,89.00786474604297,477,0.0
66,SIAgent0,MALE_YOUNG_LOW_INCOME,69,58.9227034794618,360,0.0
67,WEAgent1,FEMALE_OLD_LOW_INCOME,91,85.9557228644081,469,0.0
67,WEAgent2,MALE_HIGH_INCOME,50,56.07562524630196,192,0.0
67,WEAgent0,YOUNG_HIGH_INCOME,30,28.025300320525293,64,0.0
67,SIAgent0,MALE_YOUNG,89,93.42546557116928,427,93.42546557116907
68,WEAgent1,MALE_OLD_LOW_INCOME,68,67.94055450888878,352,0.0
68,WEAgent2,FEMALE_OLD_LOW_INCOME,91,91.7120446218282,487,0.0
68,WEAgent0,FEMALE_YOUNG_HIGH_INCOME,10,10.310463423760732,50,0.0
68,SIAgent0,YOUNG_LOW_INCOME,144,127.4585805109276,761,0.0
69,WEAgent1,FEMALE_OLD_HIGH_INCOME,16,15.21861538711237,63,0.0
69,WEAgent2,MALE_YOUNG_HIGH_INCOME,20,18.039504345631133,85,0.0
69,WEAgent0,FEMALE_YOUNG_LOW_INCOME,75,73.54045470692581,396,0.0
69,SIAgent0,FEMALE_OLD_LOW_INCOME,91,85.00600677347542,481,0.0
70,WEAgent1,FEMALE_YOUNG,84,97.76225279806174,289,86.38021862565222
70,WEAgent2,FEMALE_YOUNG,84,80.62153738394198,83,79.66175717699038
70,WEAgent0,MALE_OLD_HIGH_INCOME,31,28.31229497309613,162,0.0
70,SIAgent0,FEMALE_YOUNG,84,84.22094655704863,87,83.50087800479714
71,WEAgent1,FEMALE_YOUNG,84,88.16940916405225,140,87.69132761213321
71,WEAgent2,MALE_YOUNG_HIGH_INCOME,20,18.866743762273096,25,18.57867110426551
71,WEAgent0,YOUNG_HIGH_INCOME,30,32.26611069886313,88,17.83552426009489
71,SIAgent0,FEMALE_LOW_INCOME,165,122.6192292881523,762,70.59895019620885
72,WEAgent1,MALE_LOW_INCOME,137,147.1836083153171,336,0.0
72,WEAgent2,MALE_YOUNG_HIGH_INCOME,20,20.400330355294695,83,0.0
72,WEAgent0,FEMALE_OLD_HIGH_INCOME,16,16.62798527884849,84,0.0
72,SIAgent0,YOUNG_HIGH_INCOME,30,32.783230451414425,48,32.6405285684715
73,WEAgent1,MALE_OLD_HIGH_INCOME,31,29.879158053097864,139,0.0
73,WEAgent2,MALE_HIGH_INCOME,50,47.46335293412412,95,0.0
73,WEAgent0,FEMALE_LOW_INCOME,165,152.01499129713065,420,0.0
73,SIAgent0,MALE_LOW_INCOME,137,134.2564113193736,746,0.0
74,WEAgent1,FEMALE_YOUNG_LOW_INCOME,75,71.09555240539954,386,0.0
74,WEAgent2,FEMALE_OLD_LOW_INCOME,91,93.36448844982799,477,0.0
74,WEAgent0,MALE_YOUNG_HIGH_INCOME,20,18.83868917566926,90,0.0
74,SIAgent0,MALE_YOUNG_LOW_INCOME,69,72.1786702731672,356,0.0
75,WEAgent1,FEMALE_OLD_HIGH_INCOME,16,14.075574666811264,98,0.0
75,WEAgent2,MALE_OLD,98,92.31985359791658,147,0.0
75,WEAgent0,MALE_YOUNG_HIGH_INCOME,20,19.402728209766682,81,0.0
75,SIAgent0,MALE_YOUNG_HIGH_INCOME,20,20.981468937996404,21,20.372864620255005
76,WEAgent1,OLD_LOW_INCOME,158,149.9365442791466,109,102.9993753475795
76,WEAgent2,OLD_LOW_INCOME,158,149.30184683410636,603,128.5129820850533
76,WEAgent0,MALE_LOW_INCOME,137,139.62452093444054,126,119.06349810821115
76,SIAgent0,MALE_YOUNG,89,97.59954986121198,478,0.0
77,WEAgent1,MALE_OLD,98,103.55049198857414,104,53.09700051297166
77,WEAgent2,MALE_OLD_LOW_INCOME,68,63.34379008565046,159,0.0
77,WEAgent0,MALE_HIGH_INCOME,50,51.03149796831252,54,50.30242153860473
77,SIAgent0,OLD_LOW_INCOME,158,159.06394581124,448,158.3594752141264
78,WEAgent1,MALE_OLD,98,102.18932532945148,142,38.05880239755635
78,WEAgent2,MALE_YOUNG,89,84.68083533456293,78,22.835281438533823
78,WEAgent0,MALE_HIGH_INCOME,50,55.88319896741932,58,55.185263476456655
78,SIAgent0,FEMALE_OLD,106,111.61334305858682,529,0.0
79,WEAgent1,MALE_HIGH_INCOME,50,52.57377369051613,87,0.0
79,WEAgent2,FEMALE_LOW_INCOME,165,149.34991967444319,399,0.0
79,WEAgent0,FEMALE_HIGH_INCOME,25,21.66007155111609,37,0.0
79,SIAgent0,FEMALE_YOUNG_HIGH_INCOME,10,9.342900891808453,10,8.664028620446436
80,WEAgent1,MALE_OLD,98,105.27569950026272,106,26.028585254935003
80,WEAgent2,FEMALE_HIGH_INCOME,25,26.382946404514648,41,0.0
80,WEAgent0,FEMALE_YOUNG_LOW_INCOME,75,81.77043929149215,418,0.0
80,SIAgent0,OLD_HIGH_INCOME,46,44.34499710100036,84,44.34499710100033
81,WEAgent1,FEMALE_YOUNG_LOW_INCOME,75,73.48518870002238,252,0.0
81,WEAgent2,MALE_YOUNG,89,84.80839403077243,101,0.0
81,WEAgent0,MALE_OLD_HIGH_INCOME,31,27.388097878654836,166,0.0
81,SIAgent0,YOUNG_LOW_INCOME,144,153.27819690908825,303,152.84919249604675
82,WEAgent1,FEMALE_YOUNG,84,84.32402998191859,86,84.17353565229216
82,WEAgent2,FEMALE_YOUNG_LOW_INCOME,75,74.0816910459316,335,49.38779403062103
82,WEAgent0,YOUNG_LOW_INCOME,144,125.2488176161234,357,0.0
82,SIAgent0,YOUNG_HIGH_INCOME,30,28.411407870410418,136,0.0
83,WEAgent1,FEMALE_YOUNG_HIGH_INCOME,10,8.645900825294925,10,8.645900825294925
83,WEAgent2,MALE_YOUNG_LOW_INCOME,69,72.86571978829875,366,0.0
83,WEAgent0,FEMALE_YOUNG_HIGH_INCOME,10,11.215630729671807,38,8.645900825294925
83,SIAgent0,MALE_HIGH_INCOME,50,51.40873918117003,256,0.0
84,WEAgent1,MALE_LOW_INCOME,137,119.35679049772678,335,0.0
84,WEAgent2,MALE_YOUNG_LOW_INCOME,69,77.97650531832917,387,0.0
84,WEAgent0,MALE_YOUNG_HIGH_INCOME,20,18.72906242071192,21,18.18244264699015
84,SIAgent0,MALE_HIGH_INCOME,50,43.29153011188132,238,22.51159565817828
85,WEAgent1,MALE_YOUNG,89,97.08746796257168,63,29.996060874620692
85,WEAgent2,YOUNG_HIGH_INCOME,30,26.46711253643,61,25.58487545188235
85,WEAgent0,FEMALE_YOUNG_LOW_INCOME,75,84.01548860737876,395,0.0
85,SIAgent0,FEMALE_OLD_HIGH_INCOME,16,15.619748949926786,77,0.0
86,WEAgent1,MALE_OLD_HIGH_INCOME,31,34.33705357790996,178,0.0
86,WEAgent2,MALE_OLD_LOW_INCOME,68,63.54041596148456,334,0.0
86,WEAgent0,MALE_HIGH_INCOME,50,37.57769588029542,95,0.0
86,SIAgent0,FEMALE_YOUNG_HIGH_INCOME,10,9.05879585962057,59,0.0
87,WEAgent1,MALE_LOW_INCOME,137,131.59377119468695,398,131.08113184140018
87,WEAgent2,YOUNG_LOW_INCOME,144,135.79628046878835,156,126.36598321401172
87,WEAgent0,FEMALE_OLD_LOW_INCOME,91,92.39206554274755,474,0.0
87,SIAgent0,MALE_LOW_INCOME,137,131.73012909915732,139,131.08113184140018
88,WEAgent1,MALE_YOUNG_LOW_INCOME,69,82.42578280343056,391,0.0
88,WEAgent2,FEMALE_OLD,106,107.92498740538716,128,107.23985331078336
88,WEAgent0,FEMALE_LOW_INCOME,165,145.50078222874117,382,0.0
88,SIAgent0,OLD_LOW_INCOME,158,154.03542566457952,741,0.0
89,WEAgent1,FEMALE_OLD_HIGH_INCOME,16,18.260047925037078,69,0.0
89,WEAgent2,FEMALE_OLD_LOW_INCOME,91,90.18442019358095,472,0.0
89,WEAgent0,YOUNG_LOW_INCOME,144,150.3967026687445,341,0.0
89,SIAgent0,MALE_HIGH_INCOME,50,55.31848358394217,275,0.0
90,WEAgent1,FEMALE_HIGH_INCOME,25,18.28555928077387,44,0.0
90,WEAgent2,MALE_YOUNG_LOW_INCOME,69,74.70435438499334,89,74.42863731630517
90,WEAgent0,MALE_OLD_LOW_INCOME,68,66.40220709454353,79,66.06586907851813
90,SIAgent0,MALE_LOW_INCOME,137,114.5699248576833,554,63.557038607182015
91,WEAgent1,OLD_HIGH_INCOME,46,45.58356175808424,169,0.0
91,WEAgent2,MALE_LOW_INCOME,137,133.21577437093717,339,0.0
91,WEAgent0,FEMALE_OLD,106,126.30013318195272,584,0.0
91,SIAgent0,YOUNG_HIGH_INCOME,30,24.395614130994915,153,0.0
92,WEAgent1,MALE_OLD_HIGH_INCOME,31,32.089533582149365,34,31.985746984285207
92,WEAgent2,MALE_OLD,98,92.1942118958809,111,33.86726151277257
92,WEAgent0,YOUNG_LOW_INCOME,144,115.06954085146725,361,0.0
92,SIAgent0,FEMALE_YOUNG_HIGH_INCOME,10,11.295106817875936,50,0.0
93,WEAgent1,FEMALE_YOUNG_HIGH_INCOME,10,9.683715890650765,43,0.0
93,WEAgent2,MALE_OLD_LOW_INCOME,68,65.32618035172364,351,0.0
93,WEAgent0,FEMALE_YOUNG_LOW_INCOME,75,87.4560520716808,86,87.134316945014
93,SIAgent0,FEMALE_YOUNG_LOW_INCOME,75,75.98922989390753,299,0.0
94,WEAgent1,FEMALE_LOW_INCOME,165,162.12128481399589,407,0.0
94,WEAgent2,YOUNG_LOW_INCOME,144,162.07340550052527,339,0.0
94,WEAgent0,MALE_HIGH_INCOME,50,54.94619239040979,50,54.50234951248649
94,SIAgent0,MALE_OLD,98,106.8246050444734,443,65.40281941498381
95,WEAgent1,YOUNG_LOW_INCOME,144,151.27169421576198,323,71.90739631555593
95,WEAgent2,FEMALE_OLD_HIGH_INCOME,16,17.049789275620725,88,0.0
95,WEAgent0,FEMALE_HIGH_INCOME,25,20.794218202744915,57,0.0
95,SIAgent0,MALE_YOUNG_LOW_INCOME,69,68.91125480240783,69,68.91125480240777
96,WEAgent1,YOUNG_HIGH_INCOME,30,31.005149509806216,123,26.871129575165405
96,WEAgent2,YOUNG_HIGH_INCOME,30,32.971146143738444,31,32.038654493466446
96,WEAgent0,MALE_LOW_INCOME,137,145.28593202190027,350,0.0
96,SIAgent0,FEMALE_OLD,106,114.43954001579742,562,0.0
97,WEAgent1,FEMALE_YOUNG_LOW_INCOME,75,69.6979116177252,94,69.10144846989469
97,WEAgent2,OLD_LOW_INCOME,158,182.79275144716493,359,0.0
97,WEAgent0,YOUNG_LOW_INCOME,144,155.4951798486247,319,0.0
97,SIAgent0,FEMALE_YOUNG_LOW_INCOME,75,55.134134417469156,313,0.0
98,WEAgent1,YOUNG_LOW_INCOME,144,142.7471873293073,251,0.0
98,WEAgent2,MALE_HIGH_INCOME,50,58.97817590871986,102,0.0
98,WEAgent0,FEMALE_LOW_INCOME,165,124.21308491446169,405,0.0
98,SIAgent0,MALE_YOUNG_LOW_INCOME,69,72.6867213930801,96,72.2694312229596
99,WEAgent1,FEMALE_LOW_INCOME,165,158.40197989557132,436,0.0
99,WEAgent2,YOUNG_LOW_INCOME,144,152.83904571064323,392,0.0
99,WEAgent0,MALE_YOUNG_HIGH_INCOME,20,21.49121022240959,119,0.0
99,SIAgent0,MALE_OLD_HIGH_INCOME,31,33.618391681607,150,0.0

