0,SIAgent7,MALE_OLD_HIGH_INCOME,9,10.917341790987175,147,0.0
0,SIAgent5,FEMALE_OLD,31,30.186090402391873,577,0.0
0,SIAgent6,FEMALE_HIGH_INCOME,8,8.203670644676698,8,7.538096219237659
0,SIAgent3,YOUNG_HIGH_INCOME,9,8.19701282807419,139,5.464675218716126
0,SIAgent4,FEMALE_YOUNG_LOW_INCOME,22,20.218623672610192,22,20.21862367261019
0,SIAgent1,MALE_OLD_LOW_INCOME,20,16.561354454373614,274,0.0
0,SIAgent2,FEMALE_HIGH_INCOME,8,8.632970655715663,8,8.203670644676698
0,SIAgent0,MALE_LOW_INCOME,39,35.17855045310634,38,34.276536338924146
0,WFAgent0,OLD_HIGH_INCOME,14,14.7647690798278,0,0.0
0,WFAgent1,OLD_LOW_INCOME,45,48.725667934085024,56,48.51623782468856
0,WFAgent2,MALE_LOW_INCOME,39,44.330241607679206,49,44.19869159492851
0,WFAgent3,FEMALE_YOUNG_LOW_INCOME,22,21.347627492222646,363,15.623481928835142
0,WFAgent4,FEMALE_HIGH_INCOME,8,7.857263856741899,8,7.286233624954834
0,WFAgent5,MALE_YOUNG_LOW_INCOME,20,20.84125668397747,311,4.510070570911069
1,SIAgent7,MALE_LOW_INCOME,39,39.05363411323184,41,38.2578813859439
1,SIAgent5,MALE_OLD_LOW_INCOME,20,17.875521147883063,282,0.0
1,SIAgent6,FEMALE_OLD_HIGH_INCOME,5,5.008952702338271,84,0.0
1,SIAgent3,OLD_LOW_INCOME,45,43.95334564555358,135,43.79502681231352
1,SIAgent4,FEMALE_OLD_LOW_INCOME,26,25.614237424871092,26,25.395266372986505
1,SIAgent1,MALE_YOUNG,26,21.167902258631493,443,6.513200694963536
1,SIAgent2,MALE_YOUNG,26,26.118196047463233,26,25.613423438032235
1,SIAgent0,MALE_YOUNG_HIGH_INCOME,6,5.501452237088874,6,5.501452237088874
1,WFAgent0,MALE_OLD,28,33.35509578276174,162,0.0
1,WFAgent1,MALE_YOUNG_HIGH_INCOME,6,5.380605476273215,6,4.884900521222652
1,WFAgent2,FEMALE_YOUNG_HIGH_INCOME,3,2.5434883430024025,0,0.0
1,WFAgent3,MALE_YOUNG_HIGH_INCOME,6,5.795878652893572,6,5.501452237088874
1,WFAgent4,FEMALE_YOUNG_LOW_INCOME,22,22.248157152664216,357,0.0
1,WFAgent5,YOUNG_HIGH_INCOME,9,9.89408035744142,50,0.0
2,SIAgent7,MALE_HIGH_INCOME,15,14.564893524059759,15,14.321172219782444
2,SIAgent5,FEMALE_OLD_LOW_INCOME,26,26.217364181225765,445,0.0
2,SIAgent6,FEMALE_YOUNG,24,26.00399243235228,38,25.216038712030468
2,SIAgent3,OLD_HIGH_INCOME,14,13.309559100798909,198,0.9506827929142078
2,SIAgent4,MALE_YOUNG,26,21.966165403932244,27,21.276032663275707
2,SIAgent1,FEMALE_OLD_LOW_INCOME,26,30.02658722165137,29,29.242444663674902
2,SIAgent2,YOUNG_LOW_INCOME,41,32.30804959978904,710,0.0
2,SIAgent0,OLD_HIGH_INCOME,14,16.470034537833957,17,16.405328783818845
2,WFAgent0,MALE_YOUNG,26,22.471304488231173,86,0.0
2,WFAgent1,MALE_LOW_INCOME,39,34.90944936950469,0,0.0
2,WFAgent2,OLD_LOW_INCOME,45,53.741407280655345,60,53.706845183853325
2,WFAgent3,MALE_YOUNG_HIGH_INCOME,6,6.541114307159509,6,5.699817023555775
2,WFAgent4,FEMALE_OLD_HIGH_INCOME,5,4.831636184225386,5,4.753413964571039
2,WFAgent5,MALE_OLD,28,27.852410233897746,304,0.0
3,SIAgent7,FEMALE_OLD,31,33.18860104774128,31,32.184394325019554
3,SIAgent5,MALE_YOUNG,26,27.28691728673135,27,26.480329493037676
3,SIAgent6,MALE_OLD,28,29.731646138351696,30,28.967322756139286
3,SIAgent3,FEMALE_LOW_INCOME,47,49.05385886212923,50,48.931829371469185
3,SIAgent4,MALE_OLD_LOW_INCOME,20,19.141222476035598,267,0.0
3,SIAgent1,MALE_OLD,28,27.036167905730007,71,27.019135302924273
3,SIAgent2,FEMALE_HIGH_INCOME,8,8.077147331423308,120,0.0
3,SIAgent0,MALE_YOUNG,26,25.27615895661605,427,0.0
3,WFAgent0,MALE_OLD,28,27.620482865889244,28,27.03616790573
3,WFAgent1,MALE_OLD_HIGH_INCOME,9,7.79965084978342,132,0.0
3,WFAgent2,FEMALE_OLD_LOW_INCOME,26,27.575941131962615,415,10.436991247261536
3,WFAgent3,FEMALE_YOUNG_LOW_INCOME,22,21.334817311556144,0,0.0
3,WFAgent4,MALE_YOUNG,26,29.711717807494807,30,29.319472513796637
3,WFAgent5,YOUNG_LOW_INCOME,41,41.54926493823929,372,0.0
4,SIAgent7,MALE_OLD_LOW_INCOME,20,19.453013008044206,350,0.0
4,SIAgent5,FEMALE_OLD_HIGH_INCOME,5,5.373060033609102,5,5.022688028123376
4,SIAgent6,FEMALE_OLD_HIGH_INCOME,5,5.022688028123376,88,0.0
4,SIAgent3,FEMALE_YOUNG_HIGH_INCOME,3,3.393684366865747,3,3.0916475387886075
4,SIAgent4,FEMALE_LOW_INCOME,47,44.54455340309164,48,44.23636430002097
4,SIAgent1,FEMALE_YOUNG,24,23.174923829690506,24,22.746154929238287
4,SIAgent2,FEMALE_YOUNG_LOW_INCOME,22,18.877013283752497,347,0.0
4,SIAgent0,FEMALE_OLD_HIGH_INCOME,5,5.4625037001583365,5,5.373060033609102
4,WFAgent0,FEMALE_HIGH_INCOME,8,8.24439343676962,59,0.0
4,WFAgent1,MALE_HIGH_INCOME,15,17.68068469936976,112,0.0
4,WFAgent2,FEMALE_YOUNG_HIGH_INCOME,3,3.31816827505293,3,2.8968654787113133
4,WFAgent3,FEMALE_OLD_HIGH_INCOME,5,4.766305671945526,0,0.0
4,WFAgent4,YOUNG_LOW_INCOME,41,42.33628260710014,393,0.0
4,WFAgent5,OLD_LOW_INCOME,45,48.60456029562975,408,25.589424295393076
5,SIAgent7,YOUNG_HIGH_INCOME,9,10.011871403666595,15,9.267829101711513
5,SIAgent5,FEMALE_OLD_LOW_INCOME,26,26.47719233620393,419,0.0
5,SIAgent6,MALE_YOUNG,26,27.43611416971214,26,26.492563555441368
5,SIAgent3,MALE_YOUNG_HIGH_INCOME,6,5.872836278940499,105,0.0
5,SIAgent4,FEMALE_YOUNG_LOW_INCOME,22,25.60446200572451,25,25.47361880330901
5,SIAgent1,MALE_OLD_HIGH_INCOME,9,9.356219582046695,9,9.356219582046695
5,SIAgent2,YOUNG_LOW_INCOME,41,41.77673483742679,704,34.644121572500254
5,SIAgent0,OLD_LOW_INCOME,45,48.59929775725187,48,48.26859651073626
5,WFAgent0,MALE_HIGH_INCOME,15,17.266517184226387,155,15.593699303411153
5,WFAgent1,OLD_HIGH_INCOME,14,12.328480302097207,84,0.0
5,WFAgent2,YOUNG_LOW_INCOME,41,42.493663203678175,41,41.776734837426794
5,WFAgent3,MALE_OLD_LOW_INCOME,20,21.039039563059006,322,0.0
5,WFAgent4,MALE_OLD,28,27.768400709821517,0,0.0
5,WFAgent5,FEMALE_OLD,31,29.457080620491734,0,0.0
6,SIAgent7,MALE_HIGH_INCOME,15,15.950510634806863,266,0.0
6,SIAgent5,FEMALE_OLD_LOW_INCOME,26,28.141880857048363,26,27.11586439338677
6,SIAgent6,OLD_LOW_INCOME,45,46.9313037577848,46,46.0363284648379
6,SIAgent3,FEMALE_OLD_LOW_INCOME,26,20.616941492778814,328,0.0
6,SIAgent4,FEMALE_YOUNG,24,28.906301729295418,28,28.828468040667325
6,SIAgent1,MALE_YOUNG,26,28.236200115962145,113,27.647551766998554
6,SIAgent2,OLD_LOW_INCOME,45,50.161005651731266,46,49.23701111280628
6,SIAgent0,FEMALE_YOUNG,24,23.52375859562247,385,0.0
6,WFAgent0,FEMALE_YOUNG_LOW_INCOME,22,22.856749866570375,23,22.543601987471533
6,WFAgent1,FEMALE_OLD_LOW_INCOME,26,18.563700424685187,0,0.0
6,WFAgent2,FEMALE_OLD,31,29.718510752800256,89,0.0
6,WFAgent3,FEMALE_LOW_INCOME,47,48.77785648245783,61,48.37051657921188
6,WFAgent4,FEMALE_YOUNG_LOW_INCOME,22,18.549673405161716,0,0.0
6,WFAgent5,MALE_OLD_LOW_INCOME,20,21.65897720308535,313,17.72960364182981
7,SIAgent7,FEMALE_OLD_HIGH_INCOME,5,4.906702303232673,65,0.0
7,SIAgent5,MALE_YOUNG_HIGH_INCOME,6,5.554947436241536,88,0.0
7,SIAgent6,FEMALE_OLD_LOW_INCOME,26,25.4962918930171,26,24.852243988449175
7,SIAgent3,FEMALE_LOW_INCOME,47,49.321372245360514,74,49.03133056349445
7,SIAgent4,FEMALE_OLD_HIGH_INCOME,5,5.311130175726189,5,4.906702303232673
7,SIAgent1,MALE_YOUNG,26,26.775191469874912,140,25.92308803579383
7,SIAgent2,FEMALE_OLD_LOW_INCOME,26,24.852243988449185,26,24.616070448264797
7,SIAgent0,FEMALE_YOUNG,24,26.401388814901484,27,26.234772470936456
7,WFAgent0,FEMALE_OLD_LOW_INCOME,26,24.74140159108981,30,24.523435864328782
7,WFAgent1,MALE_OLD_LOW_INCOME,20,19.349426975320885,356,0.0
7,WFAgent2,FEMALE_LOW_INCOME,47,44.4982811949402,348,0.0
7,WFAgent3,FEMALE_HIGH_INCOME,8,8.653563891834288,40,0.0
7,WFAgent4,FEMALE_LOW_INCOME,47,38.42004952078179,0,0.0
7,WFAgent5,MALE_HIGH_INCOME,15,14.958060238616572,157,0.0
8,SIAgent7,FEMALE_LOW_INCOME,47,39.58219472168099,47,39.58219472168096
8,SIAgent5,MALE_OLD_HIGH_INCOME,9,10.5858008616177,10,10.129375533049393
8,SIAgent6,MALE_OLD,28,26.281158120819672,513,0.0
8,SIAgent3,FEMALE_YOUNG_LOW_INCOME,22,24.00776600195004,23,23.037317311918443
8,SIAgent4,OLD_HIGH_INCOME,14,14.181125746269153,14,13.512202876788164
8,SIAgent1,FEMALE_YOUNG_LOW_INCOME,22,22.0356948200959,23,21.51645456690805
8,SIAgent2,FEMALE_YOUNG,24,22.45195259155623,24,21.807199526883025
8,SIAgent0,FEMALE_HIGH_INCOME,8,6.676288890283162,119,0.0
8,WFAgent0,FEMALE_OLD_HIGH_INCOME,5,5.768899218126558,6,5.542420993771003
8,WFAgent1,MALE_YOUNG,26,26.082618308136283,96,0.0
8,WFAgent2,YOUNG_HIGH_INCOME,9,9.685143778594723,11,9.58374487759047
8,WFAgent3,FEMALE_YOUNG_HIGH_INCOME,3,3.247239115000402,3,2.8064940739445285
8,WFAgent4,FEMALE_LOW_INCOME,47,42.65086828717554,425,32.00262551965697
8,WFAgent5,FEMALE_YOUNG_LOW_INCOME,22,20.40403104415127,321,0.0
9,SIAgent7,FEMALE_HIGH_INCOME,8,7.932459884603045,22,7.154559394794213
9,SIAgent5,MALE_YOUNG,26,27.440531532578653,426,0.0
9,SIAgent6,MALE_YOUNG,26,27.973853285231442,26,27.44053153257865
9,SIAgent3,MALE_OLD_LOW_INCOME,20,20.68341889731964,328,0.0
9,SIAgent4,FEMALE_YOUNG_HIGH_INCOME,3,2.68295977304783,43,0.0
9,SIAgent1,MALE_OLD_HIGH_INCOME,9,9.000348948710945,159,0.0
9,SIAgent2,MALE_OLD_HIGH_INCOME,9,9.772466072414844,9,9.000348948710945
9,SIAgent0,MALE_OLD_LOW_INCOME,20,22.00126262313918,20,22.00126262313918
9,WFAgent0,MALE_OLD_LOW_INCOME,20,22.33493301942879,20,21.935370436848203
9,WFAgent1,FEMALE_OLD_HIGH_INCOME,5,4.884029692926921,66,0.0
9,WFAgent2,FEMALE_YOUNG_HIGH_INCOME,3,3.4018747551388535,3,2.974672456726142
9,WFAgent3,FEMALE_OLD,31,31.371490475778234,490,0.0
9,WFAgent4,OLD_LOW_INCOME,45,38.86329280132148,0,0.0
9,WFAgent5,FEMALE_YOUNG_LOW_INCOME,22,20.8350873810511,388,0.0
10,SIAgent7,OLD_HIGH_INCOME,14,14.383344155399008,14,14.383344155399007
10,SIAgent5,FEMALE_YOUNG_LOW_INCOME,22,22.86374247932492,25,22.01036738680076
10,SIAgent6,MALE_LOW_INCOME,39,32.95087664791396,88,32.344386330068495
10,SIAgent3,MALE_LOW_INCOME,39,39.87355055413944,47,39.71003083210144
10,SIAgent4,FEMALE_YOUNG_HIGH_INCOME,3,2.8366016364197915,3,2.641244086416092
10,SIAgent1,FEMALE_YOUNG,24,21.129952691328736,39,21.12995269132873
10,SIAgent2,FEMALE_YOUNG_LOW_INCOME,22,24.117053166542053,23,23.903003501112412
10,SIAgent0,MALE_YOUNG_LOW_INCOME,20,15.402088728604049,314,0.0
10,WFAgent0,FEMALE_OLD_HIGH_INCOME,5,6.026666195272085,70,5.136908626928217
10,WFAgent1,MALE_OLD_HIGH_INCOME,9,11.020653094070358,136,7.191672077699503
10,WFAgent2,YOUNG_LOW_INCOME,41,40.046412570330816,345,20.2495379958567
10,WFAgent3,MALE_YOUNG,26,23.098751670497087,0,0.0
10,WFAgent4,FEMALE_OLD_HIGH_INCOME,5,4.163487076329134,0,0.0
10,WFAgent5,YOUNG_HIGH_INCOME,9,8.644751819092669,100,0.0
11,SIAgent7,FEMALE_YOUNG,24,28.299015224365323,26,28.125047031736354
11,SIAgent5,MALE_OLD_HIGH_INCOME,9,8.45908961424033,9,8.45908961424033
11,SIAgent6,YOUNG_LOW_INCOME,41,44.43034558751367,48,43.89880121468104
11,SIAgent3,FEMALE_HIGH_INCOME,8,8.26698314406808,8,7.765775641426794
11,SIAgent4,OLD_HIGH_INCOME,14,15.627472946927059,16,15.505751771336291
11,SIAgent1,FEMALE_LOW_INCOME,47,46.28656849066536,50,45.40355086740947
11,SIAgent2,MALE_OLD_LOW_INCOME,20,18.369985622652433,370,0.0
11,SIAgent0,FEMALE_OLD,31,28.150201537793848,479,0.0
11,WFAgent0,MALE_YOUNG,26,27.503700177930913,97,0.0
11,WFAgent1,YOUNG_LOW_INCOME,41,37.219630069192725,393,0.0
11,WFAgent2,MALE_OLD_HIGH_INCOME,9,8.916029983506853,140,4.699494230133517
11,WFAgent3,FEMALE_HIGH_INCOME,8,8.31384892889811,47,5.16686446504255
11,WFAgent4,MALE_LOW_INCOME,39,40.41544318619576,317,0.0
11,WFAgent5,OLD_LOW_INCOME,45,41.124305047992216,0,0.0
12,SIAgent7,FEMALE_YOUNG_LOW_INCOME,22,26.94329231469829,29,26.583050298869765
12,SIAgent5,FEMALE_HIGH_INCOME,8,6.84085210799015,35,5.985745594491382
12,SIAgent6,MALE_OLD_LOW_INCOME,20,21.586072249395237,370,0.0
12,SIAgent3,FEMALE_YOUNG_HIGH_INCOME,3,3.147384962010703,3,3.0579440293105757
12,SIAgent4,FEMALE_YOUNG,24,21.99976576458187,24,21.815114584505437
12,SIAgent1,FEMALE_HIGH_INCOME,8,8.154517411494869,8,8.111272565795586
12,SIAgent2,MALE_YOUNG_HIGH_INCOME,6,6.4678120737131755,93,4.311874715808783
12,SIAgent0,FEMALE_HIGH_INCOME,8,8.111272565795584,8,7.588711427315724
12,WFAgent0,MALE_HIGH_INCOME,15,15.204566597625893,0,0.0
12,WFAgent1,MALE_OLD_HIGH_INCOME,9,9.023597961177552,170,0.0
12,WFAgent2,FEMALE_YOUNG,24,24.19152929480364,355,19.249795044009133
12,WFAgent3,OLD_HIGH_INCOME,14,14.064659604029925,16,13.681704215980297
12,WFAgent4,MALE_YOUNG_HIGH_INCOME,6,6.575794697365109,6,6.4678120737131755
12,WFAgent5,FEMALE_HIGH_INCOME,8,7.741985130788784,43,7.69595862148892
13,SIAgent7,FEMALE_YOUNG,24,21.055181185102303,374,16.66868510487265
13,SIAgent5,MALE_OLD_HIGH_INCOME,9,9.878044948656237,157,0.0
13,SIAgent6,FEMALE_LOW_INCOME,47,49.02880152009094,50,48.38611935435643
13,SIAgent3,MALE_YOUNG,26,26.492838753240218,465,0.0
13,SIAgent4,FEMALE_YOUNG_HIGH_INCOME,3,2.7685115575418817,3,2.631897648137788
13,SIAgent1,FEMALE_OLD,31,29.726482852441887,47,29.209792296848494
13,SIAgent2,MALE_LOW_INCOME,39,42.84678433644703,79,42.79612413984958
13,SIAgent0,FEMALE_OLD_LOW_INCOME,26,26.72811702897947,27,25.890807645675192
13,WFAgent0,OLD_HIGH_INCOME,14,15.316643045512372,0,0.0
13,WFAgent1,MALE_OLD_LOW_INCOME,20,17.621336088467938,295,0.0
13,WFAgent2,FEMALE_OLD,31,28.76735825084521,413,0.0
13,WFAgent3,FEMALE_LOW_INCOME,47,42.417966934321996,0,0.0
13,WFAgent4,FEMALE_YOUNG,24,21.946129931716207,25,21.932480401148233
13,WFAgent5,FEMALE_OLD,31,28.296986287571986,65,0.0
14,SIAgent7,OLD_HIGH_INCOME,14,12.844077678903663,253,11.926643558981974
14,SIAgent5,FEMALE_OLD_LOW_INCOME,26,24.028409715687246,25,23.104240111237743
14,SIAgent6,FEMALE_OLD_LOW_INCOME,26,27.343816368594826,26,26.86365371040264
14,SIAgent3,FEMALE_OLD_LOW_INCOME,26,26.863653710402634,29,26.800918529035783
14,SIAgent4,MALE_YOUNG_HIGH_INCOME,6,6.852589998796287,111,0.0
14,SIAgent1,YOUNG_LOW_INCOME,41,43.98682295684441,42,43.789493871965014
14,SIAgent2,FEMALE_YOUNG,24,23.478814688295664,398,0.0
14,SIAgent0,YOUNG_LOW_INCOME,41,42.74688687501345,45,42.70743530824636
14,WFAgent0,OLD_LOW_INCOME,45,50.485846631429105,348,0.0
14,WFAgent1,MALE_YOUNG_LOW_INCOME,20,20.342515658671893,309,0.0
14,WFAgent2,FEMALE_OLD_LOW_INCOME,26,24.148816764576473,400,18.483392088990193
14,WFAgent3,MALE_YOUNG,26,23.725437676986587,0,0.0
14,WFAgent4,MALE_OLD,28,28.141561840245846,0,0.0
14,WFAgent5,OLD_HIGH_INCOME,14,13.259741484005035,14,12.844077678903664
15,SIAgent7,MALE_OLD_HIGH_INCOME,9,7.855503340673665,102,0.0
15,SIAgent5,MALE_YOUNG_HIGH_INCOME,6,6.058208678754753,6,5.627548816008334
15,SIAgent6,YOUNG_LOW_INCOME,41,43.8264674834196,112,43.82646748341957
15,SIAgent3,FEMALE_HIGH_INCOME,8,8.830321465508982,136,0.0
15,SIAgent4,MALE_HIGH_INCOME,15,14.068872040020837,45,14.068872040020832
15,SIAgent1,MALE_OLD,28,29.28629600999683,28,28.919618225829097
15,SIAgent2,MALE_OLD_HIGH_INCOME,9,8.942009423569033,9,8.4413232240125
15,SIAgent0,MALE_OLD_HIGH_INCOME,9,10.85897524916131,10,10.459391432141723
15,WFAgent0,YOUNG_LOW_INCOME,41,46.63909230679327,328,30.99920870778458
15,WFAgent1,MALE_OLD_LOW_INCOME,20,22.14345311061136,341,16.735026291426756
15,WFAgent2,FEMALE_LOW_INCOME,47,47.93659934053532,0,0.0
15,WFAgent3,OLD_LOW_INCOME,45,53.1416768628761,477,0.0
15,WFAgent4,MALE_HIGH_INCOME,15,14.796059693004114,15,14.003780941872073
15,WFAgent5,MALE_YOUNG,26,24.579055670949536,322,0.0
16,SIAgent7,FEMALE_OLD_LOW_INCOME,26,29.665652496261064,30,28.925943555540996
16,SIAgent5,FEMALE_LOW_INCOME,47,45.317311570347535,826,0.0
16,SIAgent6,MALE_YOUNG,26,28.699271318872192,33,27.91584228392062
16,SIAgent3,FEMALE_HIGH_INCOME,8,8.980244606527332,9,8.94568023705972
16,SIAgent4,MALE_OLD_HIGH_INCOME,9,8.114864051022709,138,0.0
16,SIAgent1,FEMALE_YOUNG_HIGH_INCOME,3,2.4997705184851036,50,0.0
16,SIAgent2,MALE_YOUNG_LOW_INCOME,20,19.484736583750003,334,0.0
16,SIAgent0,MALE_LOW_INCOME,39,40.32288329899644,116,39.94370999668748
16,WFAgent0,OLD_HIGH_INCOME,14,13.341603740498387,18,0.0
16,WFAgent1,FEMALE_LOW_INCOME,47,43.53070316027848,0,0.0
16,WFAgent2,FEMALE_OLD_HIGH_INCOME,5,4.147422408664761,0,0.0
16,WFAgent3,FEMALE_OLD,31,37.36169706392769,44,36.79036329033286
16,WFAgent4,MALE_OLD,28,30.958169238349473,34,30.656153081641357
16,WFAgent5,MALE_OLD,28,21.68497338557426,278,0.0
17,SIAgent7,FEMALE_OLD_LOW_INCOME,26,24.889910223476324,385,0.0
17,SIAgent5,MALE_YOUNG_LOW_INCOME,20,18.73590959996251,278,0.0
17,SIAgent6,MALE_OLD_LOW_INCOME,20,19.871578336771208,357,0.0
17,SIAgent3,FEMALE_LOW_INCOME,47,46.1854279842973,48,45.92879671350593
17,SIAgent4,YOUNG_LOW_INCOME,41,39.23084719278636,64,38.408614679923126
17,SIAgent1,FEMALE_OLD_HIGH_INCOME,5,4.718543800513687,90,0.0
17,SIAgent2,MALE_HIGH_INCOME,15,12.29471696490846,223,0.0
17,SIAgent0,MALE_YOUNG,26,27.046649958237538,27,26.585600676185432
17,WFAgent0,OLD_LOW_INCOME,45,38.02154022351861,0,0.0
17,WFAgent1,FEMALE_LOW_INCOME,47,47.59019662028561,48,47.16809666481427
17,WFAgent2,FEMALE_YOUNG,24,23.69443815526118,55,0.0
17,WFAgent3,YOUNG_LOW_INCOME,41,38.86822964286232,340,0.0
17,WFAgent4,FEMALE_LOW_INCOME,47,47.53113445079913,49,46.90790772885927
17,WFAgent5,MALE_YOUNG,26,30.730130418824384,36,30.169144625672182
18,SIAgent7,YOUNG_HIGH_INCOME,9,8.578579631395451,9,8.395989718163138
18,SIAgent5,FEMALE_LOW_INCOME,47,39.43557498464082,776,18.459205311959533
18,SIAgent6,FEMALE_OLD,31,29.598942886552614,31,28.644138277309004
18,SIAgent3,FEMALE_OLD_LOW_INCOME,26,28.040552768231578,29,27.68933366806537
18,SIAgent4,MALE_OLD_HIGH_INCOME,9,9.534093762667839,188,0.0
18,SIAgent1,FEMALE_HIGH_INCOME,8,8.343593779145294,8,7.814726100248119
18,SIAgent2,YOUNG_HIGH_INCOME,9,7.756925021850039,122,0.0
18,SIAgent0,MALE_YOUNG,26,25.518740065664254,149,24.782563379586854
18,WFAgent0,YOUNG_HIGH_INCOME,9,9.24794581392819,9,8.833410022729936
18,WFAgent1,YOUNG_HIGH_INCOME,9,9.148638443903515,9,8.578579631395451
18,WFAgent2,FEMALE_OLD_LOW_INCOME,26,22.638248920517075,26,21.815424459588538
18,WFAgent3,MALE_YOUNG,26,21.342635743912318,0,0.0
18,WFAgent4,FEMALE_HIGH_INCOME,8,8.849755262722482,9,8.847900754776452
18,WFAgent5,FEMALE_OLD_LOW_INCOME,26,26.848477298560972,29,26.647585267037922
19,SIAgent7,MALE_YOUNG,26,25.358005778812693,28,24.75623096332556
19,SIAgent5,MALE_LOW_INCOME,39,34.69833344367284,714,0.0
19,SIAgent6,MALE_OLD_HIGH_INCOME,9,10.82923826587814,154,0.0
19,SIAgent3,FEMALE_OLD_LOW_INCOME,26,22.612115558910347,26,22.612115558910343
19,SIAgent4,FEMALE_HIGH_INCOME,8,8.388172139123656,9,8.35110512821355
19,SIAgent1,YOUNG_HIGH_INCOME,9,7.727600232240984,8,6.86897798421421
19,SIAgent2,MALE_OLD_LOW_INCOME,20,20.4732498516213,23,20.463119723191678
19,SIAgent0,FEMALE_YOUNG,24,30.002527647918363,437,11.63276186186708
19,WFAgent0,MALE_YOUNG_HIGH_INCOME,6,5.819156671603843,87,4.2931112401338805
19,WFAgent1,FEMALE_HIGH_INCOME,8,7.423204558412046,0,0.0
19,WFAgent2,FEMALE_YOUNG,24,21.948484982987196,0,0.0
19,WFAgent3,MALE_OLD_HIGH_INCOME,9,8.747168191758977,0,0.0
19,WFAgent4,FEMALE_OLD_LOW_INCOME,26,32.52069044769756,447,32.17877983383394
19,WFAgent5,FEMALE_OLD_HIGH_INCOME,5,5.093467308706535,67,0.0
20,SIAgent7,FEMALE_YOUNG_HIGH_INCOME,3,2.793744590913224,39,0.0
20,SIAgent5,YOUNG_LOW_INCOME,41,39.86906401249086,624,38.89664781706424
20,SIAgent6,YOUNG_LOW_INCOME,41,43.33821280155707,44,42.99098308943571
20,SIAgent3,MALE_YOUNG_LOW_INCOME,20,19.58036938638053,20,19.448323908532124
20,SIAgent4,MALE_OLD_LOW_INCOME,20,24.132924126525086,24,23.32933811610169
20,SIAgent1,MALE_OLD,28,27.21756113545198,521,0.0
20,SIAgent2,FEMALE_YOUNG_LOW_INCOME,22,24.970052350809784,23,24.31168035209299
20,SIAgent0,MALE_HIGH_INCOME,15,15.683315403098078,20,15.552892077401134
20,WFAgent0,YOUNG_LOW_INCOME,41,39.9296190381637,41,39.869064012490846
20,WFAgent1,MALE_YOUNG_LOW_INCOME,20,17.71047305159389,0,0.0
20,WFAgent2,YOUNG_HIGH_INCOME,9,8.673848827314162,93,0.0
20,WFAgent3,FEMALE_HIGH_INCOME,8,8.114806256322966,0,0.0
20,WFAgent4,OLD_HIGH_INCOME,14,16.42368109666934,78,0.0
20,WFAgent5,FEMALE_OLD,31,32.10410578238504,473,0.0
21,SIAgent7,MALE_LOW_INCOME,39,40.331964661238,709,30.12556181356193
21,SIAgent5,OLD_LOW_INCOME,45,43.7306542454931,45,43.03307979714833
21,SIAgent6,FEMALE_OLD_HIGH_INCOME,5,5.488352502023742,5,5.013448711572998
21,SIAgent3,MALE_HIGH_INCOME,15,12.279198065299104,38,12.279198065299102
21,SIAgent4,MALE_YOUNG_HIGH_INCOME,6,6.091060163083716,7,5.7302924304729155
21,SIAgent1,MALE_OLD,28,31.36088299148597,32,30.506417252874137
21,SIAgent2,FEMALE_HIGH_INCOME,8,8.021517938516798,8,7.634505993661438
21,SIAgent0,FEMALE_OLD,31,28.683907953649367,283,28.56250941874405
21,WFAgent0,YOUNG_HIGH_INCOME,9,9.419818480169107,49,4.010758969258399
21,WFAgent1,FEMALE_OLD,31,24.595494221696242,168,0.0
21,WFAgent2,MALE_HIGH_INCOME,15,15.668272184956972,121,5.7302924304729155
21,WFAgent3,FEMALE_OLD_LOW_INCOME,26,28.275519108848787,29,28.181977180428902
21,WFAgent4,FEMALE_OLD_HIGH_INCOME,5,4.267533014149996,33,0.0
21,WFAgent5,FEMALE_HIGH_INCOME,8,7.1539887871022865,0,0.0
22,SIAgent7,MALE_YOUNG,26,22.98385095694047,404,0.0
22,SIAgent5,FEMALE_YOUNG,24,26.897985206831173,28,26.856825923372178
22,SIAgent6,FEMALE_YOUNG_LOW_INCOME,22,27.051481794936198,24,26.897985206831176
22,SIAgent3,MALE_OLD,28,27.75493753920102,79,27.457434253225657
22,SIAgent4,MALE_HIGH_INCOME,15,13.834393297655254,15,13.834393297655254
22,SIAgent1,MALE_HIGH_INCOME,15,13.67176513524496,49,13.259914013619502
22,SIAgent2,MALE_OLD_LOW_INCOME,20,21.21053024478161,21,20.816203154400753
22,SIAgent0,FEMALE_YOUNG,24,23.02013650574757,417,0.0
22,WFAgent0,OLD_HIGH_INCOME,14,16.314104712547927,16,15.859964308114861
22,WFAgent1,MALE_LOW_INCOME,39,36.35898326956251,305,0.0
22,WFAgent2,MALE_YOUNG,26,29.292575953378407,31,28.428451319410584
22,WFAgent3,MALE_OLD_HIGH_INCOME,9,6.898871780131568,67,0.0
22,WFAgent4,FEMALE_OLD_HIGH_INCOME,5,5.5305793850687035,98,0.0
22,WFAgent5,FEMALE_OLD,31,35.48547906404704,446,0.0
23,SIAgent7,YOUNG_HIGH_INCOME,9,9.106483975331784,9,9.106483975331784
23,SIAgent5,FEMALE_YOUNG,24,25.421807719967045,455,6.070989316887856
23,SIAgent6,FEMALE_OLD_LOW_INCOME,26,24.621924403093978,449,0.0
23,SIAgent3,MALE_OLD_LOW_INCOME,20,17.253184817641426,20,17.25318481764142
23,SIAgent4,FEMALE_OLD_HIGH_INCOME,5,4.69160667495568,5,4.69160667495568
23,SIAgent1,MALE_YOUNG,26,25.04911996535375,449,0.0
23,SIAgent2,FEMALE_OLD,31,34.85752695039569,36,34.05719229761868
23,SIAgent0,MALE_OLD_LOW_INCOME,20,22.807304651842443,20,22.80730465184244
23,WFAgent0,OLD_LOW_INCOME,45,49.39059616754631,290,20.7038217811697
23,WFAgent1,FEMALE_OLD,31,32.742148119198376,71,10.321534684902495
23,WFAgent2,YOUNG_HIGH_INCOME,9,7.897238354478836,0,0.0
23,WFAgent3,MALE_HIGH_INCOME,15,13.639035473326658,164,0.0
23,WFAgent4,YOUNG_HIGH_INCOME,9,9.387857095866618,9,9.106483975331784
23,WFAgent5,MALE_OLD_LOW_INCOME,20,24.609825972451237,23,24.5621643993585
24,SIAgent7,MALE_HIGH_INCOME,15,15.284883305154512,218,0.0
24,SIAgent5,YOUNG_LOW_INCOME,41,50.05949049109695,51,49.66351863124879
24,SIAgent6,MALE_YOUNG_LOW_INCOME,20,18.644010717541775,20,18.644010717541775
24,SIAgent3,FEMALE_YOUNG_HIGH_INCOME,3,3.300955136687831,59,0.0
24,SIAgent4,MALE_OLD,28,29.547794066283785,88,28.531782169621753
24,SIAgent1,YOUNG_LOW_INCOME,41,38.13945094108481,621,19.534840725921484
24,SIAgent2,FEMALE_OLD,31,27.570206656471704,44,26.680845151424244
24,SIAgent0,MALE_YOUNG_HIGH_INCOME,6,6.1684103431817405,6,6.1684103431817405
24,WFAgent0,FEMALE_YOUNG_LOW_INCOME,22,22.62970309081323,24,22.325532258195977
24,WFAgent1,FEMALE_OLD,31,32.74218937975075,426,25.79148364637677
24,WFAgent2,MALE_YOUNG_LOW_INCOME,20,22.038358178660125,23,21.420912073983803
24,WFAgent3,MALE_HIGH_INCOME,15,15.1987988852259,0,0.0
24,WFAgent4,FEMALE_LOW_INCOME,47,55.59710841115795,59,54.883600134731736
24,WFAgent5,YOUNG_HIGH_INCOME,9,10.104165181946678,9,9.25261551477261
25,SIAgent7,FEMALE_HIGH_INCOME,8,7.598443071714754,75,0.0
25,SIAgent5,YOUNG_LOW_INCOME,41,34.843318760487435,662,0.0
25,SIAgent6,FEMALE_OLD,31,35.87738925762411,272,35.29657176938406
25,SIAgent3,MALE_YOUNG_LOW_INCOME,20,24.28889176348136,28,23.795437202284095
25,SIAgent4,MALE_YOUNG_HIGH_INCOME,6,5.822057029987108,104,0.0
25,SIAgent1,YOUNG_HIGH_INCOME,9,8.984564149852451,9,8.67147318188014
25,SIAgent2,MALE_OLD_HIGH_INCOME,9,8.183404142483,9,8.183404142483
25,SIAgent0,FEMALE_YOUNG_LOW_INCOME,22,21.85031892581123,21,20.857122611001632
25,WFAgent0,OLD_HIGH_INCOME,14,13.726444576982681,140,12.72973977719578
25,WFAgent1,OLD_HIGH_INCOME,14,15.195131832920051,16,14.548274031080892
25,WFAgent2,FEMALE_OLD,31,28.184539195854992,0,0.0
25,WFAgent3,OLD_LOW_INCOME,45,35.553475763637834,339,0.0
25,WFAgent4,FEMALE_LOW_INCOME,47,54.62236313113293,62,54.410207924651054
25,WFAgent5,FEMALE_HIGH_INCOME,8,8.29629628084785,8,7.598443071714754
26,SIAgent7,FEMALE_OLD_HIGH_INCOME,5,5.358706023413462,5,5.230374429917507
26,SIAgent5,YOUNG_LOW_INCOME,41,38.662637979769876,41,38.66263797976987
26,SIAgent6,FEMALE_HIGH_INCOME,8,8.368599087868011,121,3.138224657950504
26,SIAgent3,FEMALE_OLD_LOW_INCOME,26,26.88424711920798,28,26.696472852489322
26,SIAgent4,OLD_LOW_INCOME,45,48.325130661678855,49,48.00785222093543
26,SIAgent1,MALE_YOUNG_HIGH_INCOME,6,6.382278969320345,70,6.382278969320345
26,SIAgent2,FEMALE_OLD,31,35.71719206451401,33,35.42122444950536
26,SIAgent0,OLD_LOW_INCOME,45,42.90504565578638,732,0.0
26,WFAgent0,YOUNG_HIGH_INCOME,9,10.292699357714774,9,9.573418453980517
26,WFAgent1,FEMALE_YOUNG_LOW_INCOME,22,23.76000340140166,371,21.68879691548067
26,WFAgent2,FEMALE_YOUNG_HIGH_INCOME,3,3.2623797483893755,3,3.138224657950504
26,WFAgent3,MALE_LOW_INCOME,39,43.651029785489854,375,25.46076159643383
26,WFAgent4,FEMALE_OLD_HIGH_INCOME,5,4.824243031742636,0,0.0
26,WFAgent5,FEMALE_YOUNG_LOW_INCOME,22,20.05764026190783,0,0.0
27,SIAgent7,MALE_YOUNG_HIGH_INCOME,6,5.880905249068046,6,5.377278098392601
27,SIAgent5,MALE_OLD,28,29.80625138614342,101,28.903093501601916
27,SIAgent6,FEMALE_YOUNG_LOW_INCOME,22,18.672421061773864,22,18.672421061773864
27,SIAgent3,MALE_YOUNG_LOW_INCOME,20,19.35031981173892,21,18.820473344374104
27,SIAgent4,MALE_YOUNG,26,23.301538426367937,427,0.0
27,SIAgent1,FEMALE_YOUNG_LOW_INCOME,22,25.456566236192522,29,24.61364594506555
27,SIAgent2,MALE_YOUNG_HIGH_INCOME,6,6.238293739060866,6,5.880905249068046
27,SIAgent0,FEMALE_OLD,31,29.327437497650905,31,29.32743749765089
27,WFAgent0,MALE_OLD_HIGH_INCOME,9,9.342595283313338,137,0.0
27,WFAgent1,FEMALE_HIGH_INCOME,8,8.870243310206115,59,2.838139112675894
27,WFAgent2,YOUNG_HIGH_INCOME,9,9.618212029772021,46,0.0
27,WFAgent3,FEMALE_OLD,31,32.10073294875447,468,30.273483868542854
27,WFAgent4,FEMALE_YOUNG_LOW_INCOME,22,18.987241031997268,346,13.579942590380993
27,WFAgent5,MALE_OLD_HIGH_INCOME,9,8.67092805048058,0,0.0
28,SIAgent7,OLD_LOW_INCOME,45,53.75765775283611,51,53.36082903606252
28,SIAgent5,MALE_LOW_INCOME,39,39.075582022664,692,0.0
28,SIAgent6,MALE_HIGH_INCOME,15,14.277333476781934,246,10.470044549640082
28,SIAgent3,FEMALE_OLD_HIGH_INCOME,5,6.316397652757352,5,5.644859437467941
28,SIAgent4,OLD_HIGH_INCOME,14,15.805606424910236,16,15.406305364275518
28,SIAgent1,YOUNG_HIGH_INCOME,9,9.170775007924767,9,8.583023741748033
28,SIAgent2,FEMALE_OLD_LOW_INCOME,26,28.15080823536114,459,0.0
28,SIAgent0,FEMALE_YOUNG_LOW_INCOME,22,23.27627021136967,375,20.102233364364718
28,WFAgent0,FEMALE_YOUNG_LOW_INCOME,22,23.982777475809307,22,23.276270211369674
28,WFAgent1,YOUNG_HIGH_INCOME,9,9.061901833473607,9,8.566400086069159
28,WFAgent2,FEMALE_YOUNG_HIGH_INCOME,3,2.962959096716739,48,0.0
28,WFAgent3,FEMALE_OLD_HIGH_INCOME,5,5.726028273435039,68,1.1289718874935883
28,WFAgent4,FEMALE_YOUNG_HIGH_INCOME,3,2.8654408887637106,0,0.0
28,WFAgent5,FEMALE_OLD_LOW_INCOME,26,25.270531681070214,0,0.0
29,SIAgent7,MALE_OLD_HIGH_INCOME,9,9.391509004359431,9,8.89268667714096
29,SIAgent5,FEMALE_YOUNG_LOW_INCOME,22,20.148301495764333,314,0.0
29,SIAgent6,FEMALE_YOUNG,24,23.24855249295833,24,22.516105865138574
29,SIAgent3,FEMALE_LOW_INCOME,47,53.907025808356664,140,53.2779327963629
29,SIAgent4,MALE_OLD_HIGH_INCOME,9,10.58394879919072,10,10.549112387608416
29,SIAgent1,FEMALE_HIGH_INCOME,8,7.633021144815724,132,0.0
29,SIAgent2,OLD_HIGH_INCOME,14,14.768757342651785,14,14.340893934634092
29,SIAgent0,MALE_OLD,28,27.66613632888298,500,0.0
29,WFAgent0,MALE_YOUNG,26,25.0835168002343,372,0.0
29,WFAgent1,MALE_YOUNG_HIGH_INCOME,6,6.405593550541831,6,5.788503876977146
29,WFAgent2,OLD_LOW_INCOME,45,41.910198116532925,393,0.0
29,WFAgent3,MALE_OLD_LOW_INCOME,20,18.355627711619682,0,0.0
29,WFAgent4,MALE_HIGH_INCOME,15,13.846184922333817,0,0.0
29,WFAgent5,YOUNG_HIGH_INCOME,9,9.327130265010329,86,0.0
30,SIAgent7,MALE_HIGH_INCOME,15,14.368830154806647,15,14.368830154806647
30,SIAgent5,MALE_YOUNG_LOW_INCOME,20,22.089690283090135,21,21.3077808569041
30,SIAgent6,OLD_LOW_INCOME,45,42.69833146972022,719,23.721295260955692
30,SIAgent3,YOUNG_HIGH_INCOME,9,9.058453446747757,146,5.032474137082087
30,SIAgent4,FEMALE_OLD_HIGH_INCOME,5,4.882005978785165,101,0.0
30,SIAgent1,MALE_YOUNG_LOW_INCOME,20,19.222125893977257,345,0.0
30,SIAgent2,MALE_YOUNG_LOW_INCOME,20,20.29312462562295,21,20.18323218867612
30,SIAgent0,FEMALE_LOW_INCOME,47,51.17176739771899,102,50.289145953226075
30,WFAgent0,MALE_YOUNG_HIGH_INCOME,6,6.807791858084923,6,6.542848938021073
30,WFAgent1,MALE_OLD_LOW_INCOME,20,20.822018686815852,21,19.92588801920278
30,WFAgent2,MALE_YOUNG_HIGH_INCOME,6,6.789976462502709,6,6.038968964498504
30,WFAgent3,FEMALE_HIGH_INCOME,8,6.998384539719391,0,0.0
30,WFAgent4,MALE_HIGH_INCOME,15,16.357122345052684,128,9.579220103204431
30,WFAgent5,MALE_YOUNG_HIGH_INCOME,6,6.140648202348575,6,6.038968964498504
31,SIAgent7,FEMALE_HIGH_INCOME,8,9.302738343043458,9,9.02782681928072
31,SIAgent5,MALE_LOW_INCOME,39,40.774485357692626,714,0.0
31,SIAgent6,FEMALE_YOUNG_LOW_INCOME,22,20.31974242241085,25,20.311606467907765
31,SIAgent3,MALE_OLD_HIGH_INCOME,9,8.444995525926123,9,8.444995525926123
31,SIAgent4,OLD_HIGH_INCOME,14,14.362605991476151,14,14.239439772046644
31,SIAgent1,FEMALE_OLD_LOW_INCOME,26,28.641122920320807,453,0.0
31,SIAgent2,FEMALE_OLD_HIGH_INCOME,5,4.546060455719946,75,0.0
31,SIAgent0,FEMALE_HIGH_INCOME,8,7.878760171888625,11,7.273696729151914
31,WFAgent0,MALE_OLD,28,30.049845764204825,30,29.113228595654657
31,WFAgent1,FEMALE_LOW_INCOME,47,38.18582015966658,0,0.0
31,WFAgent2,MALE_LOW_INCOME,39,38.905282258977806,0,0.0
31,WFAgent3,OLD_HIGH_INCOME,14,13.065379440185442,0,0.0
31,WFAgent4,OLD_HIGH_INCOME,14,14.351079967307284,108,11.259994034568166
31,WFAgent5,FEMALE_YOUNG_LOW_INCOME,22,18.500628980554865,408,0.0
32,SIAgent7,FEMALE_YOUNG_LOW_INCOME,22,19.602519919004987,311,0.0
32,SIAgent5,FEMALE_HIGH_INCOME,8,8.98237612299454,8,8.504633975003005
32,SIAgent6,FEMALE_HIGH_INCOME,8,8.504633975003006,9,8.196618827836415
32,SIAgent3,YOUNG_LOW_INCOME,41,51.29034865511454,107,50.78834706287652
32,SIAgent4,MALE_OLD_HIGH_INCOME,9,7.987125003151947,159,0.0
32,SIAgent1,MALE_OLD,28,27.77391879889948,31,27.511208344190045
32,SIAgent2,FEMALE_HIGH_INCOME,8,7.285883402521259,108,0.0
32,SIAgent0,YOUNG_HIGH_INCOME,9,10.187166220589644,16,9.926019832872031
32,WFAgent0,MALE_LOW_INCOME,39,44.059639047808886,330,0.0
32,WFAgent1,FEMALE_OLD_HIGH_INCOME,5,4.140628897817101,0,0.0
32,WFAgent2,OLD_LOW_INCOME,45,45.47600541164269,45,45.0006614377062
32,WFAgent3,OLD_LOW_INCOME,45,45.000661437706185,491,0.0
32,WFAgent4,YOUNG_HIGH_INCOME,9,9.182775858946899,93,0.0
32,WFAgent5,OLD_LOW_INCOME,45,45.19752485031438,292,9.919256713892672
33,SIAgent7,MALE_HIGH_INCOME,15,15.066240484857158,43,14.844337265341299
33,SIAgent5,YOUNG_HIGH_INCOME,9,8.90660235920478,128,0.0
33,SIAgent6,FEMALE_YOUNG_LOW_INCOME,22,20.56480089516536,337,0.0
33,SIAgent3,MALE_YOUNG_LOW_INCOME,20,20.728531369491726,388,0.0
33,SIAgent4,FEMALE_YOUNG_HIGH_INCOME,3,3.54265360409066,3,2.9688674530682597
33,SIAgent1,FEMALE_LOW_INCOME,47,51.756014295207535,50,51.72518202423567
33,SIAgent2,MALE_HIGH_INCOME,15,16.008980127225072,15,15.066240484857156
33,SIAgent0,FEMALE_OLD,31,33.992260950082645,560,0.0
33,WFAgent0,YOUNG_LOW_INCOME,41,44.65709253034423,47,43.933892821489614
33,WFAgent1,MALE_OLD,28,25.499663968506166,0,0.0
33,WFAgent2,FEMALE_OLD,31,25.454829048473734,0,0.0
33,WFAgent3,FEMALE_YOUNG_LOW_INCOME,22,20.28886966558821,0,0.0
33,WFAgent4,YOUNG_LOW_INCOME,41,39.65988733873036,0,0.0
33,WFAgent5,MALE_OLD_LOW_INCOME,20,21.807088855296154,316,0.0
34,SIAgent7,FEMALE_YOUNG_LOW_INCOME,22,20.604132767920643,352,17.794478299567828
34,SIAgent5,MALE_YOUNG_HIGH_INCOME,6,6.192771944139771,91,0.0
34,SIAgent6,OLD_HIGH_INCOME,14,12.380683578767185,222,4.421672706702566
34,SIAgent3,FEMALE_OLD,31,33.27151956172344,86,33.18045678162177
34,SIAgent4,MALE_OLD,28,33.13527308336286,37,33.066076969228185
34,SIAgent1,MALE_OLD,28,25.022977165902393,28,24.910858590887536
34,SIAgent2,FEMALE_OLD_LOW_INCOME,26,29.091865302537595,27,28.978420263436533
34,SIAgent0,FEMALE_LOW_INCOME,47,48.21439942818968,51,47.764125961997905
34,WFAgent0,FEMALE_YOUNG_LOW_INCOME,22,20.909287888513152,22,20.604132767920643
34,WFAgent1,FEMALE_HIGH_INCOME,8,7.236728216089716,43,0.0
34,WFAgent2,FEMALE_LOW_INCOME,47,47.88934327980617,369,0.0
34,WFAgent3,FEMALE_OLD_HIGH_INCOME,5,4.472371699196419,5,4.421672706702566
34,WFAgent4,OLD_HIGH_INCOME,14,11.141303935135202,0,0.0
34,WFAgent5,MALE_OLD_LOW_INCOME,20,18.545181997773923,305,10.72413307110103
35,SIAgent7,MALE_LOW_INCOME,39,44.63282351230157,115,44.546031827176584
35,SIAgent5,FEMALE_HIGH_INCOME,8,7.698301957864436,8,7.030910837604729
35,SIAgent6,MALE_HIGH_INCOME,15,16.630250547516006,16,16.54944590600684
35,SIAgent3,FEMALE_HIGH_INCOME,8,7.030910837604729,103,0.0
35,SIAgent4,YOUNG_HIGH_INCOME,9,9.297294220330068,10,9.28918188720069
35,SIAgent1,FEMALE_OLD_LOW_INCOME,26,25.625268752289315,461,0.0
35,SIAgent2,MALE_HIGH_INCOME,15,15.515105536881418,257,14.462457676068992
35,SIAgent0,FEMALE_OLD_HIGH_INCOME,5,5.393043209515547,5,4.8114387236652725
35,WFAgent0,YOUNG_LOW_INCOME,41,33.821987128041485,0,0.0
35,WFAgent1,MALE_YOUNG_LOW_INCOME,20,19.7557625275206,294,0.0
35,WFAgent2,FEMALE_LOW_INCOME,47,39.10203626311044,0,0.0
35,WFAgent3,OLD_LOW_INCOME,45,48.551768916526946,313,0.0
35,WFAgent4,FEMALE_YOUNG_LOW_INCOME,22,22.010426940744644,418,0.0
35,WFAgent5,MALE_YOUNG_HIGH_INCOME,6,5.273833533741951,0,0.0
36,SIAgent7,OLD_LOW_INCOME,45,44.33045206148183,45,44.22372357584597
36,SIAgent5,FEMALE_OLD_LOW_INCOME,26,25.304823343686014,400,0.0
36,SIAgent6,MALE_OLD,28,26.789185059297473,31,26.572422524929344
36,SIAgent3,MALE_OLD_HIGH_INCOME,9,7.714574281431105,144,0.0
36,SIAgent4,FEMALE_LOW_INCOME,47,49.27743645009036,102,48.371315998344436
36,SIAgent1,FEMALE_HIGH_INCOME,8,7.376814075905418,68,0.0
36,SIAgent2,FEMALE_OLD_HIGH_INCOME,5,4.686235853059795,5,4.686235853059795
36,SIAgent0,FEMALE_OLD,31,30.602261141809766,31,30.542852979236578
36,WFAgent0,FEMALE_OLD_HIGH_INCOME,5,4.920641109019758,5,4.64079961968845
36,WFAgent1,YOUNG_LOW_INCOME,41,41.9268284047491,333,0.0
36,WFAgent2,FEMALE_OLD,31,34.13250039179155,36,33.89066577295041
36,WFAgent3,OLD_LOW_INCOME,45,45.294736887349906,318,35.464361649185456
36,WFAgent4,MALE_YOUNG,26,31.480598826983368,99,0.0
36,WFAgent5,FEMALE_OLD_LOW_INCOME,26,22.030402560954826,0,0.0
37,SIAgent7,YOUNG_LOW_INCOME,41,43.588303048728115,88,43.56964551085495
37,SIAgent5,MALE_YOUNG_HIGH_INCOME,6,6.700724117614636,6,5.946379158656184
37,SIAgent6,MALE_YOUNG,26,23.600224651713123,434,0.0
37,SIAgent3,YOUNG_HIGH_INCOME,9,8.919568737984276,9,8.588897540078452
37,SIAgent4,MALE_OLD_LOW_INCOME,20,19.243120117028834,314,0.0
37,SIAgent1,FEMALE_OLD_LOW_INCOME,26,25.821479420027696,448,24.82834559618048
37,SIAgent2,YOUNG_HIGH_INCOME,9,8.58889754007845,17,8.169308533285312
37,SIAgent0,MALE_OLD_LOW_INCOME,20,21.95092474506491,22,21.167432128731715
37,WFAgent0,FEMALE_LOW_INCOME,47,46.19826996055458,0,0.0
37,WFAgent1,FEMALE_OLD_LOW_INCOME,26,26.778669922388254,26,25.8214794200277
37,WFAgent2,FEMALE_YOUNG,24,18.467925184098007,35,0.0
37,WFAgent3,FEMALE_OLD,31,30.507455455898484,0,0.0
37,WFAgent4,FEMALE_OLD_HIGH_INCOME,5,5.304050081997134,5,4.920557331596529
37,WFAgent5,FEMALE_OLD,31,31.982770443157797,77,0.0
38,SIAgent7,MALE_OLD_LOW_INCOME,20,18.86351957640379,20,18.86351957640379
38,SIAgent5,FEMALE_YOUNG_LOW_INCOME,22,22.135460289178987,357,0.0
38,SIAgent6,OLD_HIGH_INCOME,14,13.553679634953719,35,13.553679634953719
38,SIAgent3,MALE_YOUNG,26,23.134802583928156,145,22.573237344036432
38,SIAgent4,MALE_HIGH_INCOME,15,11.675812419329196,226,0.0
38,SIAgent1,MALE_YOUNG,26,25.643307416822214,28,24.914402782691845
38,SIAgent2,FEMALE_LOW_INCOME,47,50.56580590460002,47,49.58618240918531
38,SIAgent0,FEMALE_LOW_INCOME,47,49.58618240918528,93,49.30170700771684
38,WFAgent0,MALE_YOUNG_LOW_INCOME,20,21.186218564161255,21,20.711902144356404
38,WFAgent1,MALE_LOW_INCOME,39,41.87083655345559,44,41.499743068088364
38,WFAgent2,MALE_LOW_INCOME,39,38.84256176931352,280,19.80669555522398
38,WFAgent3,MALE_HIGH_INCOME,15,15.318953258379995,16,15.30018710350093
38,WFAgent4,FEMALE_HIGH_INCOME,8,7.925163868574438,52,0.0
38,WFAgent5,FEMALE_HIGH_INCOME,8,6.875054267249349,0,0.0
39,SIAgent7,MALE_LOW_INCOME,39,39.222250291709365,39,38.74471593786418
39,SIAgent5,FEMALE_YOUNG_LOW_INCOME,22,24.635248564888492,25,23.998803834178755
39,SIAgent6,MALE_OLD,28,28.05040321052823,43,27.602440899177086
39,SIAgent3,FEMALE_YOUNG,24,23.038851680811597,229,22.078899527444452
39,SIAgent4,MALE_LOW_INCOME,39,38.446256966710926,609,0.0
39,SIAgent1,FEMALE_OLD_HIGH_INCOME,5,5.407439909932562,5,5.007324751956639
39,SIAgent2,MALE_OLD_HIGH_INCOME,9,9.612792785755516,9,9.016201031955505
39,SIAgent0,MALE_YOUNG_HIGH_INCOME,6,5.3407425673368625,99,0.0
39,WFAgent0,OLD_HIGH_INCOME,14,14.597574173802382,87,0.0
39,WFAgent1,MALE_LOW_INCOME,39,34.90851358270562,0,0.0
39,WFAgent2,FEMALE_OLD_LOW_INCOME,26,26.60091295541796,490,0.0
39,WFAgent3,FEMALE_YOUNG,24,23.95410445861343,36,18.239090913975847
39,WFAgent4,MALE_OLD,28,30.086643250338653,29,29.12627692975769
39,WFAgent5,FEMALE_OLD,31,31.045413462131158,0,0.0
40,SIAgent7,MALE_OLD,28,25.162064083609025,419,17.97290291686359
40,SIAgent5,FEMALE_OLD,31,25.42272128865761,539,0.0
40,SIAgent6,FEMALE_OLD_HIGH_INCOME,5,4.474754410087024,5,4.250165114550062
40,SIAgent3,MALE_LOW_INCOME,39,37.01142597229442,65,36.84445097957034
40,SIAgent4,MALE_LOW_INCOME,39,39.928178838597724,39,39.270440366154205
40,SIAgent1,MALE_OLD,28,27.077122009428685,28,26.9148596648396
40,SIAgent2,FEMALE_YOUNG_HIGH_INCOME,3,2.567756657311946,39,2.567756657311946
40,SIAgent0,MALE_YOUNG,26,25.906235880584667,50,25.623294903896127
40,WFAgent0,FEMALE_OLD_HIGH_INCOME,5,4.922062952345032,5,4.474754410087024
40,WFAgent1,FEMALE_YOUNG,24,28.072792745904405,394,0.0
40,WFAgent2,FEMALE_HIGH_INCOME,8,8.159245448682672,9,7.703269971935838
40,WFAgent3,MALE_OLD_HIGH_INCOME,9,8.592944741084013,9,8.087806312588615
40,WFAgent4,OLD_HIGH_INCOME,14,13.904741572049778,14,13.538561004714346
40,WFAgent5,MALE_OLD_LOW_INCOME,20,22.40820381985524,22,22.126272363356303
41,SIAgent7,MALE_OLD,28,23.96689030903052,468,0.0
41,SIAgent5,MALE_OLD_HIGH_INCOME,9,10.293182540126788,11,10.250503467396229
41,SIAgent6,MALE_LOW_INCOME,39,41.425090625712144,43,41.16996411940745
41,SIAgent3,MALE_HIGH_INCOME,15,13.977959273722131,15,13.370730606507623
41,SIAgent4,MALE_OLD_LOW_INCOME,20,20.433127845629944,23,19.687088468132224
41,SIAgent1,FEMALE_LOW_INCOME,47,52.63539841662551,124,52.10059378860872
41,SIAgent2,FEMALE_YOUNG,24,23.59272171559639,380,10.813330786315014
41,SIAgent0,MALE_YOUNG_LOW_INCOME,20,16.981551909758775,345,0.0
41,WFAgent0,MALE_YOUNG_HIGH_INCOME,6,5.440480606864615,0,0.0
41,WFAgent1,FEMALE_OLD_HIGH_INCOME,5,4.929913627644489,84,0.0
41,WFAgent2,FEMALE_YOUNG_HIGH_INCOME,3,2.796286575851482,0,0.0
41,WFAgent3,YOUNG_LOW_INCOME,41,35.6958342364508,0,0.0
41,WFAgent4,YOUNG_HIGH_INCOME,9,11.079473713220896,11,10.813330786315014
41,WFAgent5,MALE_YOUNG_HIGH_INCOME,6,6.718234657360811,93,5.591183709488853
42,SIAgent7,MALE_OLD_HIGH_INCOME,9,8.682678894488156,150,0.0
42,SIAgent5,FEMALE_YOUNG_LOW_INCOME,22,22.75066009344807,337,0.0
42,SIAgent6,MALE_LOW_INCOME,39,41.30229277881572,87,41.17799384624036
42,SIAgent3,MALE_LOW_INCOME,39,48.37851168252185,45,47.65649166786431
42,SIAgent4,MALE_OLD,28,29.563687889608477,29,28.510363996772142
42,SIAgent1,FEMALE_YOUNG,24,30.094974158424982,35,29.989506486817888
42,SIAgent2,MALE_YOUNG_HIGH_INCOME,6,6.381751621683069,101,0.0
42,SIAgent0,MALE_OLD_LOW_INCOME,20,21.070985702859947,300,0.0
42,WFAgent0,FEMALE_HIGH_INCOME,8,8.564969927416449,73,0.0
42,WFAgent1,FEMALE_OLD,31,36.761875364610916,471,0.0
42,WFAgent2,MALE_HIGH_INCOME,15,15.463808186507253,0,0.0
42,WFAgent3,FEMALE_YOUNG_HIGH_INCOME,3,3.1804693704163274,48,0.0
42,WFAgent4,FEMALE_OLD_HIGH_INCOME,5,5.426514367789433,5,4.834794975186412
42,WFAgent5,FEMALE_OLD,31,29.975728846155754,0,0.0
43,SIAgent7,FEMALE_YOUNG_LOW_INCOME,22,21.93512919460805,378,0.0
43,SIAgent5,FEMALE_OLD,31,28.077281266173543,109,27.94886884413267
43,SIAgent6,MALE_OLD_HIGH_INCOME,9,9.368874564306202,9,9.328482226087546
43,SIAgent3,MALE_LOW_INCOME,39,41.73661166143774,716,0.0
43,SIAgent4,MALE_LOW_INCOME,39,43.49045275186069,40,42.80678119121821
43,SIAgent1,MALE_HIGH_INCOME,15,15.547470376812578,40,15.228769299567013
43,SIAgent2,MALE_YOUNG_HIGH_INCOME,6,7.261187682897948,7,7.25548617584587
43,SIAgent0,OLD_HIGH_INCOME,14,10.660138509696907,181,0.0
43,WFAgent0,FEMALE_LOW_INCOME,47,48.43181833657995,53,48.003093777651586
43,WFAgent1,FEMALE_OLD_HIGH_INCOME,5,5.109004703909876,5,4.528593752608636
43,WFAgent2,MALE_YOUNG_HIGH_INCOME,6,5.714563665379572,76,0.0
43,WFAgent3,FEMALE_LOW_INCOME,47,49.7206738764256,51,48.77092453378344
43,WFAgent4,FEMALE_LOW_INCOME,47,53.20482298034773,51,52.55367521628885
43,WFAgent5,OLD_LOW_INCOME,45,43.03316870627954,0,0.0
44,SIAgent7,OLD_HIGH_INCOME,14,13.162491517713237,238,0.0
44,SIAgent5,MALE_OLD_LOW_INCOME,20,18.189842265927055,20,18.189842265927048
44,SIAgent6,YOUNG_LOW_INCOME,41,40.01137168778721,44,39.51174834370707
44,SIAgent3,FEMALE_HIGH_INCOME,8,8.704161308568171,10,8.461601689958508
44,SIAgent4,FEMALE_YOUNG_HIGH_INCOME,3,3.556221570264291,3,3.264060490713064
44,SIAgent1,FEMALE_OLD_LOW_INCOME,26,29.674092256762243,495,0.0
44,SIAgent2,YOUNG_LOW_INCOME,41,45.78432407652183,46,44.890807259468595
44,SIAgent0,MALE_YOUNG_HIGH_INCOME,6,6.435647935288875,102,0.0
44,WFAgent0,FEMALE_YOUNG_LOW_INCOME,22,21.13973420043807,318,0.0
44,WFAgent1,FEMALE_YOUNG,24,22.96009996491964,48,0.0
44,WFAgent2,FEMALE_OLD_LOW_INCOME,26,24.891422605811933,0,0.0
44,WFAgent3,MALE_YOUNG_LOW_INCOME,20,19.64675356216253,20,19.517742286725472
44,WFAgent4,OLD_LOW_INCOME,45,47.681913285297895,321,23.64679494570516
44,WFAgent5,MALE_YOUNG_LOW_INCOME,20,19.321744620954235,335,0.0
45,SIAgent7,YOUNG_HIGH_INCOME,9,8.488873626864839,35,8.089856971181934
45,SIAgent5,MALE_OLD,28,29.021127843979464,66,29.001261307725226
45,SIAgent6,MALE_OLD_LOW_INCOME,20,18.710491166274345,275,0.0
45,SIAgent3,YOUNG_HIGH_INCOME,9,8.62561031609398,9,8.488873626864839
45,SIAgent4,FEMALE_OLD_HIGH_INCOME,5,3.9993695456589595,5,3.9993695456589595
45,SIAgent1,FEMALE_YOUNG,24,21.57295192315183,390,19.775205929555845
45,SIAgent2,OLD_LOW_INCOME,45,49.27887328762172,125,48.7140360238227
45,SIAgent0,YOUNG_HIGH_INCOME,9,8.947982454686093,9,8.661429442604215
45,WFAgent0,YOUNG_HIGH_INCOME,9,9.372291668102294,9,8.661429442604215
45,WFAgent1,OLD_HIGH_INCOME,14,13.634600089699497,68,4.799243454790751
45,WFAgent2,MALE_YOUNG_HIGH_INCOME,6,6.686714150622482,6,5.965321636457395
45,WFAgent3,MALE_OLD,28,26.23982202040095,136,0.0
45,WFAgent4,MALE_YOUNG_HIGH_INCOME,6,5.156711821258684,72,0.0
45,WFAgent5,FEMALE_YOUNG_LOW_INCOME,22,21.943852340040678,24,21.572951923151834
46,SIAgent7,MALE_OLD_HIGH_INCOME,9,7.860993308470126,97,0.0
46,SIAgent5,FEMALE_HIGH_INCOME,8,8.274489494578194,8,8.274489494578193
46,SIAgent6,FEMALE_OLD,31,30.446086564365434,355,29.709418778844913
46,SIAgent3,MALE_OLD,28,25.508596927778903,117,25.32986732729262
46,SIAgent4,MALE_HIGH_INCOME,15,16.665332508753842,15,16.04481865196773
46,SIAgent1,OLD_LOW_INCOME,45,49.098639326351936,51,48.808733952965724
46,SIAgent2,MALE_OLD_HIGH_INCOME,9,9.491506349700034,10,9.110213188492466
46,SIAgent0,FEMALE_OLD_HIGH_INCOME,5,4.369032173359546,23,0.0
46,WFAgent0,FEMALE_LOW_INCOME,47,50.91304056627711,401,0.0
46,WFAgent1,YOUNG_LOW_INCOME,41,39.79332519854823,0,0.0
46,WFAgent2,FEMALE_HIGH_INCOME,8,9.602438456541226,41,5.171555934111371
46,WFAgent3,FEMALE_OLD_HIGH_INCOME,5,4.339138584970609,0,0.0
46,WFAgent4,MALE_HIGH_INCOME,15,16.921134752847713,110,3.333066501750768
46,WFAgent5,OLD_HIGH_INCOME,14,14.89471380865436,14,14.010742356023918
47,SIAgent7,FEMALE_HIGH_INCOME,8,7.305777002739754,8,7.305777002739753
47,SIAgent5,FEMALE_OLD_HIGH_INCOME,5,6.482783684472798,6,5.698856488963736
47,SIAgent6,YOUNG_LOW_INCOME,41,45.75953401760435,118,45.75953401760435
47,SIAgent3,FEMALE_LOW_INCOME,47,44.77355375882404,47,44.64104249688264
47,SIAgent4,OLD_LOW_INCOME,45,45.89168463528113,45,45.31683156727785
47,SIAgent1,FEMALE_YOUNG_LOW_INCOME,22,16.25078294831455,291,0.0
47,SIAgent2,MALE_HIGH_INCOME,15,13.842393100664177,243,0.0
47,SIAgent0,FEMALE_OLD,31,29.444091859645972,443,12.091411366361024
47,WFAgent0,OLD_LOW_INCOME,45,45.02940503327624,0,0.0
47,WFAgent1,FEMALE_OLD_HIGH_INCOME,5,5.311891472071483,5,4.749047074136447
47,WFAgent2,FEMALE_OLD_LOW_INCOME,26,27.245949208455546,27,26.86314667378743
47,WFAgent3,OLD_LOW_INCOME,45,45.70579650370529,341,0.0
47,WFAgent4,FEMALE_YOUNG_HIGH_INCOME,3,2.8382371720388204,40,1.8264442506849385
47,WFAgent5,YOUNG_LOW_INCOME,41,50.29669336191825,49,50.15925266175242
48,SIAgent7,FEMALE_YOUNG_LOW_INCOME,22,17.660787625928076,277,0.0
48,SIAgent5,MALE_OLD,28,27.949144047851515,499,0.0
48,SIAgent6,MALE_HIGH_INCOME,15,15.263221078250593,28,14.972755739920458
48,SIAgent3,YOUNG_LOW_INCOME,41,47.372131866140684,47,46.72148117561435
48,SIAgent4,FEMALE_YOUNG_LOW_INCOME,22,20.896882234998554,26,20.871839921551377
48,SIAgent1,MALE_YOUNG_LOW_INCOME,20,20.265250131046127,20,19.445380465278795
48,SIAgent2,YOUNG_LOW_INCOME,41,39.86302995382153,77,38.94418961977006
48,SIAgent0,FEMALE_OLD_LOW_INCOME,26,25.037329592316194,463,22.14840694704894
48,WFAgent0,MALE_LOW_INCOME,39,37.03717928320477,0,0.0
48,WFAgent1,YOUNG_LOW_INCOME,41,34.1122687946789,303,0.0
48,WFAgent2,FEMALE_HIGH_INCOME,8,9.901330737438444,57,0.0
48,WFAgent3,YOUNG_HIGH_INCOME,9,7.61365083978297,95,0.0
48,WFAgent4,FEMALE_OLD_LOW_INCOME,26,26.05830622320894,27,26.000303807405274
48,WFAgent5,OLD_HIGH_INCOME,14,14.625435707938685,81,0.0
49,SIAgent7,FEMALE_OLD,31,31.467577604919775,31,31.188870398608096
49,SIAgent5,FEMALE_OLD_LOW_INCOME,26,24.913778730523322,439,0.0
49,SIAgent6,MALE_OLD_HIGH_INCOME,9,8.57473615691723,9,8.162085970186133
49,SIAgent3,FEMALE_YOUNG_LOW_INCOME,22,24.331688688897188,398,0.0
49,SIAgent4,FEMALE_HIGH_INCOME,8,7.988676846804285,19,7.135802442937824
49,SIAgent1,FEMALE_OLD_HIGH_INCOME,5,4.45987652683614,52,0.0
49,SIAgent2,MALE_HIGH_INCOME,15,14.155350327432977,16,13.593374643150696
49,SIAgent0,MALE_HIGH_INCOME,15,12.743788727953778,219,0.0
49,WFAgent0,MALE_OLD_HIGH_INCOME,9,8.902231292120636,9,8.57473615691723
49,WFAgent1,MALE_YOUNG_HIGH_INCOME,6,4.7426007761453075,0,0.0
49,WFAgent2,OLD_HIGH_INCOME,14,15.08125489538781,15,14.291226928195378
49,WFAgent3,FEMALE_OLD_LOW_INCOME,26,27.234766832271088,26,26.39216186219077
49,WFAgent4,MALE_OLD_HIGH_INCOME,9,9.902814589073076,10,9.891368102356262
49,WFAgent5,YOUNG_LOW_INCOME,41,40.624178182647974,0,0.0
50,SIAgent7,MALE_OLD_HIGH_INCOME,9,9.074539711242105,141,0.0
50,SIAgent5,FEMALE_OLD_LOW_INCOME,26,27.935262106295006,26,27.363255908260538
50,SIAgent6,FEMALE_HIGH_INCOME,8,7.062421745482384,109,0.0
50,SIAgent3,MALE_OLD_LOW_INCOME,20,22.095232532589897,20,21.04865839096964
50,SIAgent4,MALE_YOUNG,26,31.891381012226898,490,0.0
50,SIAgent1,FEMALE_OLD,31,27.9560521634611,31,27.804008834501904
50,SIAgent2,MALE_OLD_LOW_INCOME,20,19.288273370855098,338,0.0
50,SIAgent0,OLD_LOW_INCOME,45,47.35948137968167,51,47.05650893160353
50,WFAgent0,FEMALE_LOW_INCOME,47,52.76343316029494,59,52.252565321094586
50,WFAgent1,FEMALE_OLD_HIGH_INCOME,5,4.892176588829202,5,4.509040671525984
50,WFAgent2,FEMALE_OLD,31,30.822493646204965,412,15.33073828318835
50,WFAgent3,FEMALE_LOW_INCOME,47,41.62492491680413,0,0.0
50,WFAgent4,FEMALE_YOUNG_LOW_INCOME,22,21.827136550326376,318,0.0
50,WFAgent5,MALE_YOUNG_HIGH_INCOME,6,5.390234325737218,0,0.0
51,SIAgent7,MALE_HIGH_INCOME,15,14.993949457973136,32,14.134002601113112
51,SIAgent5,FEMALE_HIGH_INCOME,8,8.144280707310326,90,3.0541052652413723
51,SIAgent6,MALE_HIGH_INCOME,15,15.041583414547565,15,14.993949457973132
51,SIAgent3,MALE_LOW_INCOME,39,41.963342139712346,92,41.96334213971233
51,SIAgent4,MALE_HIGH_INCOME,15,16.184499783305164,16,16.044355642184065
51,SIAgent1,FEMALE_YOUNG,24,28.024590197182444,26,26.9839610832627
51,SIAgent2,FEMALE_OLD,31,35.23532136911223,273,34.61319300606887
51,SIAgent0,YOUNG_LOW_INCOME,41,42.85085968626385,707,0.0
51,WFAgent0,MALE_LOW_INCOME,39,40.730814334955525,313,0.0
51,WFAgent1,MALE_YOUNG,26,28.79483241779683,26,27.944721213864558
51,WFAgent2,FEMALE_OLD_HIGH_INCOME,5,5.47885197750225,5,5.090175442068954
51,WFAgent3,FEMALE_OLD_HIGH_INCOME,5,4.933504634955338,0,0.0
51,WFAgent4,MALE_OLD_HIGH_INCOME,9,8.480401560667865,0,0.0
51,WFAgent5,MALE_OLD_HIGH_INCOME,9,8.69690703430549,123,0.0
52,SIAgent7,MALE_YOUNG_HIGH_INCOME,6,5.30369194616427,83,0.0
52,SIAgent5,FEMALE_OLD,31,30.589223784111624,33,29.898085319233967
52,SIAgent6,FEMALE_OLD_HIGH_INCOME,5,3.9236365054353035,71,0.0
52,SIAgent3,MALE_OLD_LOW_INCOME,20,22.369759381855957,322,0.0
52,SIAgent4,FEMALE_OLD_HIGH_INCOME,5,5.494188949980945,5,4.933745771630907
52,SIAgent1,FEMALE_LOW_INCOME,47,42.60228612780848,46,41.695854508067896
52,SIAgent2,MALE_OLD_HIGH_INCOME,9,8.820115931319462,177,0.0
52,SIAgent0,MALE_YOUNG,26,26.02861673833163,133,25.634511073127307
52,WFAgent0,FEMALE_YOUNG_LOW_INCOME,22,19.238093121046077,0,0.0
52,WFAgent1,FEMALE_OLD,31,27.660478113571962,0,0.0
52,WFAgent2,FEMALE_OLD_LOW_INCOME,26,23.812312199954764,462,12.690042676368488
52,WFAgent3,FEMALE_OLD_HIGH_INCOME,5,4.920528170202512,6,4.708363806522364
52,WFAgent4,YOUNG_LOW_INCOME,41,46.64380769604587,369,27.192948592218176
52,WFAgent5,MALE_LOW_INCOME,39,34.8458374746096,0,0.0
53,SIAgent7,FEMALE_OLD,31,31.500852520711554,498,0.0
53,SIAgent5,MALE_YOUNG_HIGH_INCOME,6,6.8022738074809315,5,5.66856150623411
53,SIAgent6,YOUNG_HIGH_INCOME,9,9.992728093758933,9,9.528573981247144
53,SIAgent3,FEMALE_YOUNG,24,25.847377955954077,430,0.0
53,SIAgent4,MALE_OLD_LOW_INCOME,20,21.144959940055816,368,0.0
53,SIAgent1,MALE_YOUNG,26,23.732314560823767,417,10.040594621886978
53,SIAgent2,FEMALE_YOUNG,24,27.258251676201056,25,27.20877115124375
53,SIAgent0,FEMALE_LOW_INCOME,47,51.06277176890225,49,50.825568439105204
53,WFAgent0,OLD_LOW_INCOME,45,42.46119019050881,0,0.0
53,WFAgent1,FEMALE_LOW_INCOME,47,41.31753174238604,0,0.0
53,WFAgent2,MALE_OLD,28,29.81069505568014,168,0.0
53,WFAgent3,MALE_HIGH_INCOME,15,14.021810624733984,0,0.0
53,WFAgent4,YOUNG_HIGH_INCOME,9,11.537509028558787,10,11.22007711387796
53,WFAgent5,MALE_YOUNG_LOW_INCOME,20,19.889181778947833,21,19.168407914511498
54,SIAgent7,FEMALE_YOUNG_HIGH_INCOME,3,3.020917367662884,3,2.8530981401952373
54,SIAgent5,MALE_HIGH_INCOME,15,13.866941091278985,263,3.697850957674396
54,SIAgent6,MALE_YOUNG_HIGH_INCOME,6,6.281682931911875,6,5.546776436511594
54,SIAgent3,FEMALE_HIGH_INCOME,8,7.6082617071872995,23,7.608261707187298
54,SIAgent4,FEMALE_LOW_INCOME,47,44.05896899732812,906,0.0
54,SIAgent1,MALE_OLD_LOW_INCOME,20,22.048977197367662,20,22.04897719736766
54,SIAgent2,MALE_YOUNG_LOW_INCOME,20,20.3108694233958,24,19.833489701885384
54,SIAgent0,MALE_YOUNG_LOW_INCOME,20,16.527908084904485,313,0.0
54,WFAgent0,FEMALE_OLD_HIGH_INCOME,5,4.897494212839184,52,4.755163566992062
54,WFAgent1,MALE_OLD_LOW_INCOME,20,22.588693105409977,340,15.434284038157367
54,WFAgent2,MALE_OLD_LOW_INCOME,20,20.73470665166307,0,0.0
54,WFAgent3,YOUNG_HIGH_INCOME,9,7.644860588322195,0,0.0
54,WFAgent4,YOUNG_HIGH_INCOME,9,8.726862349445806,9,8.320164654767392
54,WFAgent5,FEMALE_OLD_HIGH_INCOME,5,5.185860214886219,5,4.755163566992062
55,SIAgent7,FEMALE_HIGH_INCOME,8,7.094005261448849,106,0.0
55,SIAgent5,FEMALE_YOUNG_HIGH_INCOME,3,2.9239446507100126,3,2.6602519730433185
55,SIAgent6,FEMALE_OLD_HIGH_INCOME,5,4.862623681287158,5,4.433753288405531
55,SIAgent3,FEMALE_HIGH_INCOME,8,7.974902884844912,8,7.786568331997172
55,SIAgent4,FEMALE_HIGH_INCOME,8,8.02683480682728,8,7.97490288484491
55,SIAgent1,MALE_OLD_LOW_INCOME,20,22.044854430459623,349,0.0
55,SIAgent2,MALE_YOUNG_LOW_INCOME,20,18.245085150589926,325,0.0
55,SIAgent0,MALE_OLD_LOW_INCOME,20,23.48495962907834,21,23.147097151982596
55,WFAgent0,MALE_YOUNG_HIGH_INCOME,6,5.772568761273626,95,0.0
55,WFAgent1,MALE_YOUNG_LOW_INCOME,20,22.86853952475481,25,22.806356438237422
55,WFAgent2,MALE_YOUNG_HIGH_INCOME,6,5.566516883686487,0,0.0
55,WFAgent3,OLD_LOW_INCOME,45,51.983069121567,497,0.0
55,WFAgent4,MALE_LOW_INCOME,39,36.48128798512807,0,0.0
55,WFAgent5,MALE_YOUNG_LOW_INCOME,20,22.92786758852323,24,22.450023375463438
56,SIAgent7,OLD_LOW_INCOME,45,43.740750757209334,769,21.38436703685789
56,SIAgent5,FEMALE_OLD,31,34.68577653857059,34,34.33815159862334
56,SIAgent6,OLD_HIGH_INCOME,14,12.497146377295193,179,0.0
56,SIAgent3,MALE_YOUNG,26,28.733600696615948,34,28.249727716668847
56,SIAgent4,FEMALE_LOW_INCOME,47,47.05251853677149,106,46.65680080768996
56,SIAgent1,OLD_HIGH_INCOME,14,13.87067061457234,14,13.558961260108491
56,SIAgent2,MALE_YOUNG_LOW_INCOME,20,19.482570839081976,319,0.0
56,SIAgent0,FEMALE_OLD_HIGH_INCOME,5,5.505852854446133,5,4.953810933775836
56,WFAgent0,MALE_LOW_INCOME,39,35.01198273939916,0,0.0
56,WFAgent1,FEMALE_HIGH_INCOME,8,7.749212956143361,8,7.141226501311538
56,WFAgent2,MALE_OLD_LOW_INCOME,20,19.920676236777265,20,19.44033366987081
56,WFAgent3,FEMALE_YOUNG_HIGH_INCOME,3,2.8688851808339364,45,0.0
56,WFAgent4,FEMALE_OLD,31,28.781029791734312,0,0.0
56,WFAgent5,MALE_OLD,28,29.160976363608683,31,29.143885803950585
57,SIAgent7,MALE_LOW_INCOME,39,40.919110247832734,40,40.645410224381415
57,SIAgent5,MALE_HIGH_INCOME,15,14.923678369716622,241,0.0
57,SIAgent6,YOUNG_LOW_INCOME,41,41.0804109037108,64,40.207137715689825
57,SIAgent3,MALE_LOW_INCOME,39,36.46693885841638,584,33.66178971546125
57,SIAgent4,FEMALE_YOUNG_HIGH_INCOME,3,2.5984837907360654,3,2.5984837907360654
57,SIAgent1,FEMALE_LOW_INCOME,47,49.42350888700271,48,48.490961813136046
57,SIAgent2,FEMALE_OLD,31,26.858801631725647,455,0.0
57,SIAgent0,MALE_YOUNG_HIGH_INCOME,6,6.6400634295687535,6,6.6400634295687535
57,WFAgent0,FEMALE_YOUNG_HIGH_INCOME,3,3.4849932357965763,47,2.5984837907360654
57,WFAgent1,MALE_OLD,28,28.84450293235852,30,28.051491429551046
57,WFAgent2,FEMALE_LOW_INCOME,47,50.03356722226025,57,49.94099167317152
57,WFAgent3,MALE_OLD_LOW_INCOME,20,21.814069967631017,21,21.120101130491182
57,WFAgent4,YOUNG_HIGH_INCOME,9,10.672615389225628,9,9.736564450459095
57,WFAgent5,FEMALE_LOW_INCOME,47,52.59851894199367,50,52.5782009436199
58,SIAgent7,FEMALE_YOUNG_HIGH_INCOME,3,2.9458743238944596,53,0.0
58,SIAgent5,FEMALE_OLD_HIGH_INCOME,5,5.053546086357652,5,5.031522187553542
58,SIAgent6,FEMALE_OLD_HIGH_INCOME,5,5.031522187553542,5,4.664685995251744
58,SIAgent3,FEMALE_YOUNG_HIGH_INCOME,3,3.5651276337780358,3,2.9458743238944596
58,SIAgent4,OLD_HIGH_INCOME,14,13.061120786704882,30,13.061120786704882
58,SIAgent1,MALE_YOUNG_HIGH_INCOME,6,5.889841880563976,6,5.4806803314759
58,SIAgent2,MALE_YOUNG,26,23.7496147697289,26,23.749614769728886
58,SIAgent0,MALE_OLD_LOW_INCOME,20,20.167152865744885,356,0.0
58,WFAgent0,FEMALE_OLD_LOW_INCOME,26,27.01452210606109,474,0.0
58,WFAgent1,MALE_OLD,28,28.454189554712855,129,14.926995184805579
58,WFAgent2,FEMALE_YOUNG_LOW_INCOME,22,23.04502111722674,416,0.0
58,WFAgent3,YOUNG_LOW_INCOME,41,44.70376670925729,48,43.84544265180717
58,WFAgent4,MALE_YOUNG_LOW_INCOME,20,19.021673952147115,279,16.442040994427693
58,WFAgent5,MALE_YOUNG,26,25.087963853105908,94,9.134467219126499
59,SIAgent7,YOUNG_LOW_INCOME,41,36.268982032885454,682,0.0
59,SIAgent5,FEMALE_OLD,31,33.27079317435265,45,32.43921512712697
59,SIAgent6,FEMALE_OLD_LOW_INCOME,26,28.58795255378006,26,27.9045362107474
59,SIAgent3,FEMALE_YOUNG,24,21.809723976843376,24,21.23062362900612
59,SIAgent4,FEMALE_LOW_INCOME,47,48.849173185278616,53,48.16314044886242
59,SIAgent1,FEMALE_HIGH_INCOME,8,7.768221947083627,18,7.768221947083626
59,SIAgent2,MALE_YOUNG_LOW_INCOME,20,18.268929974195338,20,17.692186357505097
59,SIAgent0,MALE_OLD,28,28.599017951671755,515,0.0
59,WFAgent0,MALE_HIGH_INCOME,15,16.921952905937104,18,16.863092669839013
59,WFAgent1,YOUNG_HIGH_INCOME,9,7.966585839868078,0,0.0
59,WFAgent2,MALE_HIGH_INCOME,15,16.523579346074257,76,0.0
59,WFAgent3,FEMALE_YOUNG_HIGH_INCOME,3,2.750210359918884,37,0.0
59,WFAgent4,FEMALE_HIGH_INCOME,8,7.779100156258531,8,7.456775725332064
59,WFAgent5,MALE_HIGH_INCOME,15,14.052577224865841,0,0.0
60,SIAgent7,MALE_YOUNG,26,24.264106083945702,412,15.864992439502963
60,SIAgent5,MALE_LOW_INCOME,39,38.02941565147391,39,37.31733915450987
60,SIAgent6,FEMALE_OLD_LOW_INCOME,26,23.46021332341682,431,0.0
60,SIAgent3,OLD_HIGH_INCOME,14,14.026860544591633,39,14.02366531795925
60,SIAgent4,MALE_OLD_LOW_INCOME,20,18.315470275046565,321,0.0
60,SIAgent1,MALE_OLD,28,32.66071350189057,32,31.988638909632257
60,SIAgent2,MALE_OLD_HIGH_INCOME,9,8.988510453260352,113,0.0
60,SIAgent0,FEMALE_OLD_LOW_INCOME,26,29.392750880739623,32,28.87410870574377
60,WFAgent0,MALE_YOUNG_LOW_INCOME,20,20.191769207174044,20,19.46038606420315
60,WFAgent1,MALE_HIGH_INCOME,15,18.243722074407884,19,17.731462138268014
60,WFAgent2,MALE_OLD_HIGH_INCOME,9,9.961398943358164,9,9.017267492951763
60,WFAgent3,MALE_YOUNG_HIGH_INCOME,6,6.360797911699573,6,5.599409096295162
60,WFAgent4,FEMALE_HIGH_INCOME,8,8.023018035883615,51,0.0
60,WFAgent5,OLD_HIGH_INCOME,14,14.87272081163706,14,14.026860544591628
61,SIAgent7,MALE_YOUNG_LOW_INCOME,20,18.115882256592222,356,0.0
61,SIAgent5,MALE_YOUNG_HIGH_INCOME,6,5.208412110741928,6,5.065421596714267
61,SIAgent6,MALE_YOUNG_HIGH_INCOME,6,6.5687666458776715,6,5.822943385751407
61,SIAgent3,YOUNG_HIGH_INCOME,9,8.73441507862711,10,8.585359841884772
61,SIAgent4,YOUNG_HIGH_INCOME,9,7.598132395071401,137,0.0
61,SIAgent1,MALE_OLD,28,26.18569444312833,28,26.185694443128323
61,SIAgent2,MALE_YOUNG_LOW_INCOME,20,20.589872564165546,22,19.92747048225144
61,SIAgent0,FEMALE_OLD,31,29.68625345229955,521,0.0
61,WFAgent0,MALE_YOUNG_LOW_INCOME,20,16.727246075364256,0,0.0
61,WFAgent1,OLD_LOW_INCOME,45,43.2938402611921,354,19.63927083234625
61,WFAgent2,YOUNG_LOW_INCOME,41,39.41450379628245,0,0.0
61,WFAgent3,FEMALE_YOUNG_LOW_INCOME,22,22.813395556698495,399,0.0
61,WFAgent4,OLD_HIGH_INCOME,14,13.504535910526542,161,8.416830356719819
61,WFAgent5,FEMALE_YOUNG_HIGH_INCOME,3,2.476023549434508,0,0.0
62,SIAgent7,FEMALE_OLD,31,25.340463180246992,417,0.0
62,SIAgent5,FEMALE_HIGH_INCOME,8,6.628844138364778,8,6.5394743690959976
62,SIAgent6,FEMALE_YOUNG_LOW_INCOME,22,26.769391011138246,29,26.260835464452395
62,SIAgent3,MALE_OLD,28,24.68809479618823,467,14.10748274067899
62,SIAgent4,MALE_LOW_INCOME,39,38.67656846574448,80,38.03576025073636
62,SIAgent1,FEMALE_YOUNG,24,21.733105211960595,416,1.6572110345911946
62,SIAgent2,MALE_LOW_INCOME,39,42.66970676467958,42,41.79821892290395
62,SIAgent0,OLD_LOW_INCOME,45,43.887415673926576,45,43.70029920878136
62,WFAgent0,MALE_YOUNG_HIGH_INCOME,6,5.687992568448786,100,0.0
62,WFAgent1,MALE_YOUNG_HIGH_INCOME,6,5.884879988447698,6,5.217493268414687
62,WFAgent2,YOUNG_HIGH_INCOME,9,7.826239902622031,0,0.0
62,WFAgent3,MALE_OLD_HIGH_INCOME,9,8.321895880847245,9,7.9354590416319315
62,WFAgent4,MALE_OLD_LOW_INCOME,20,21.76326342912519,21,20.825844558477797
62,WFAgent5,OLD_LOW_INCOME,45,44.880419047692705,48,44.12993605414511
63,SIAgent7,MALE_LOW_INCOME,39,45.62230734187243,43,45.08904461317371
63,SIAgent5,MALE_YOUNG_HIGH_INCOME,6,6.190031746631282,6,5.769103126703335
63,SIAgent6,FEMALE_OLD_HIGH_INCOME,5,4.870244659785137,5,4.606872217719365
63,SIAgent3,FEMALE_OLD,31,28.562607749860064,530,0.0
63,SIAgent4,YOUNG_LOW_INCOME,41,41.8300514718521,164,41.43336788200695
63,SIAgent1,YOUNG_HIGH_INCOME,9,8.653654690055003,136,6.730620314487225
63,SIAgent2,MALE_YOUNG_LOW_INCOME,20,18.913399212058668,252,0.0
63,SIAgent0,MALE_OLD_LOW_INCOME,20,20.993047940029456,337,0.0
63,WFAgent0,MALE_YOUNG,26,27.236588689986906,26,26.52637410410135
63,WFAgent1,MALE_YOUNG_LOW_INCOME,20,21.644805830454377,21,21.42514831485109
63,WFAgent2,YOUNG_LOW_INCOME,41,34.71746559659584,297,0.0
63,WFAgent3,MALE_YOUNG_HIGH_INCOME,6,7.114294126532975,6,6.190031746631283
63,WFAgent4,FEMALE_YOUNG_HIGH_INCOME,3,2.889683944509506,3,2.8845515633516676
63,WFAgent5,OLD_LOW_INCOME,45,44.910044366441035,0,0.0
64,SIAgent7,FEMALE_LOW_INCOME,47,51.148596239545675,101,50.490658854439516
64,SIAgent5,MALE_YOUNG_HIGH_INCOME,6,5.982583063091678,67,0.0
64,SIAgent6,FEMALE_OLD,31,29.033867744989056,31,28.93242037532529
64,SIAgent3,FEMALE_OLD_HIGH_INCOME,5,5.14090348022161,5,4.6828818943530734
64,SIAgent4,FEMALE_OLD,31,28.932420375325307,432,0.0
64,SIAgent1,FEMALE_OLD,31,31.943069887502535,33,31.731459357293666
64,SIAgent2,MALE_YOUNG_LOW_INCOME,20,22.514450454269042,20,22.104888847477945
64,SIAgent0,MALE_YOUNG_LOW_INCOME,20,22.104888847477945,23,21.893148755024402
64,WFAgent0,MALE_YOUNG,26,28.811597623011657,28,27.918720961094486
64,WFAgent1,FEMALE_YOUNG,24,24.748038311931246,357,0.0
64,WFAgent2,FEMALE_YOUNG_HIGH_INCOME,3,2.902543940075213,59,0.0
64,WFAgent3,MALE_YOUNG,26,27.10792750872568,324,0.0
64,WFAgent4,MALE_YOUNG,26,24.748776853505856,0,0.0
64,WFAgent5,FEMALE_OLD_LOW_INCOME,26,23.610601465019045,0,0.0
65,SIAgent7,YOUNG_HIGH_INCOME,9,7.474880586202975,9,7.474880586202975
65,SIAgent5,MALE_YOUNG,26,24.551215743180478,163,24.085726333320697
65,SIAgent6,MALE_OLD_HIGH_INCOME,9,8.691379762321905,123,0.0
65,SIAgent3,MALE_HIGH_INCOME,15,16.88678056151384,17,16.619723210376062
65,SIAgent4,FEMALE_OLD_LOW_INCOME,26,20.023659624283287,383,0.0
65,SIAgent1,MALE_HIGH_INCOME,15,14.664461656214169,15,14.378476267721435
65,SIAgent2,FEMALE_OLD,31,28.607919139969688,38,27.68508303868035
65,SIAgent0,FEMALE_HIGH_INCOME,8,9.84640328391888,10,9.22836101289345
65,WFAgent0,FEMALE_OLD_LOW_INCOME,26,29.623249677598146,32,29.53075524125904
65,WFAgent1,FEMALE_OLD_LOW_INCOME,26,25.028783333650697,28,24.770543410537126
65,WFAgent2,FEMALE_YOUNG_LOW_INCOME,22,18.944524359936644,384,0.0
65,WFAgent3,MALE_OLD,28,26.631601184006904,382,0.0
65,WFAgent4,FEMALE_HIGH_INCOME,8,8.321644158181229,49,2.4916268620676583
65,WFAgent5,MALE_YOUNG_HIGH_INCOME,6,5.6577843931871765,62,0.0
66,SIAgent7,OLD_LOW_INCOME,45,50.09768658444037,81,49.84357237795044
66,SIAgent5,FEMALE_YOUNG_LOW_INCOME,22,21.900290879138456,368,0.0
66,SIAgent6,MALE_OLD_HIGH_INCOME,9,8.319938590489416,9,8.306265624000579
66,SIAgent3,FEMALE_HIGH_INCOME,8,7.647578284915859,10,7.591369644064851
66,SIAgent4,FEMALE_OLD,31,29.19874888745364,515,0.0
66,SIAgent1,MALE_OLD_HIGH_INCOME,9,8.306265624000577,115,0.0
66,SIAgent2,FEMALE_OLD_LOW_INCOME,26,26.99860170472315,28,26.373063511248432
66,SIAgent0,MALE_HIGH_INCOME,15,16.73969989718591,37,16.09852430377381
66,WFAgent0,FEMALE_YOUNG_HIGH_INCOME,3,2.675771238142432,51,0.0
66,WFAgent1,OLD_LOW_INCOME,45,45.1812849411375,345,0.0
66,WFAgent2,FEMALE_OLD_LOW_INCOME,26,24.118106485268612,0,0.0
66,WFAgent3,MALE_OLD_HIGH_INCOME,9,10.22923472406064,9,10.043819938311547
66,WFAgent4,MALE_YOUNG_LOW_INCOME,20,20.735928093954193,341,0.0
66,WFAgent5,FEMALE_YOUNG_HIGH_INCOME,3,3.400724632708936,3,2.867841856843447
67,SIAgent7,OLD_LOW_INCOME,45,44.73926914582866,46,43.87860057484483
67,SIAgent5,YOUNG_LOW_INCOME,41,42.711303136139314,704,0.0
67,SIAgent6,FEMALE_YOUNG_HIGH_INCOME,3,3.1100644196150364,3,2.8443618135196127
67,SIAgent3,FEMALE_YOUNG,24,25.547841004262278,24,24.966381694086348
67,SIAgent4,OLD_LOW_INCOME,45,40.73064952282035,765,0.0
67,SIAgent1,FEMALE_YOUNG_HIGH_INCOME,3,2.8443618135196127,51,2.8443618135196127
67,SIAgent2,FEMALE_OLD_LOW_INCOME,26,25.693022064440484,28,25.343515258643766
67,SIAgent0,FEMALE_YOUNG_LOW_INCOME,22,24.271471061666766,22,23.41885425390708
67,WFAgent0,FEMALE_OLD_HIGH_INCOME,5,5.003989830765931,85,0.0
67,WFAgent1,FEMALE_YOUNG_HIGH_INCOME,3,2.9194363851667084,3,2.8443618135196127
67,WFAgent2,MALE_YOUNG,26,28.19406871220602,100,0.0
67,WFAgent3,MALE_YOUNG,26,24.487526351758827,0,0.0
67,WFAgent4,MALE_OLD,28,25.881719821255345,169,0.0
67,WFAgent5,FEMALE_YOUNG_HIGH_INCOME,3,2.5839635528270573,0,0.0
68,SIAgent7,YOUNG_LOW_INCOME,41,34.65102313951371,728,0.0
68,SIAgent5,FEMALE_OLD_HIGH_INCOME,5,5.475587552503219,5,5.026315837212982
68,SIAgent6,MALE_HIGH_INCOME,15,12.819836057229761,48,12.819836057229761
68,SIAgent3,MALE_OLD_LOW_INCOME,20,20.46027179669444,366,0.0
68,SIAgent4,MALE_YOUNG_LOW_INCOME,20,19.19784472171875,22,18.593231928519554
68,SIAgent1,YOUNG_HIGH_INCOME,9,10.013414917627877,14,9.52366518124237
68,SIAgent2,FEMALE_OLD_LOW_INCOME,26,27.476028913561702,464,0.0
68,SIAgent0,OLD_HIGH_INCOME,14,14.07368434419635,22,13.674491794378412
68,WFAgent0,OLD_HIGH_INCOME,14,13.986577026555517,16,13.674491794378412
68,WFAgent1,FEMALE_YOUNG_HIGH_INCOME,3,3.2074361676824887,54,0.0
68,WFAgent2,MALE_YOUNG,26,28.02837091569704,32,27.348983588756823
68,WFAgent3,MALE_LOW_INCOME,39,35.21438271476142,0,0.0
68,WFAgent4,MALE_YOUNG_HIGH_INCOME,6,5.714199108745422,53,0.0
68,WFAgent5,FEMALE_OLD_HIGH_INCOME,5,4.90182662976011,79,0.0
69,SIAgent7,FEMALE_LOW_INCOME,47,41.628981581726165,46,40.74325856934904
69,SIAgent5,FEMALE_HIGH_INCOME,8,8.172552253850833,139,0.0
69,SIAgent6,MALE_OLD_HIGH_INCOME,9,7.358985522090965,151,0.0
69,SIAgent3,FEMALE_OLD_LOW_INCOME,26,29.323381248364004,33,29.228859408446027
69,SIAgent4,MALE_OLD,28,27.912262635913603,30,27.217973710819614
69,SIAgent1,FEMALE_YOUNG_LOW_INCOME,22,18.893011554695832,344,0.0
69,SIAgent2,MALE_OLD_LOW_INCOME,20,17.22301282052401,312,0.0
69,SIAgent0,MALE_YOUNG_HIGH_INCOME,6,5.8567303587887185,6,5.8567303587887185
69,WFAgent0,FEMALE_OLD_LOW_INCOME,26,26.70844508145032,421,15.05729121041159
69,WFAgent1,MALE_YOUNG_LOW_INCOME,20,20.069624501733497,352,0.0
69,WFAgent2,FEMALE_YOUNG,24,24.668744359010866,27,23.914521334183114
69,WFAgent3,MALE_LOW_INCOME,39,39.46699892130683,43,39.33664755277159
69,WFAgent4,OLD_HIGH_INCOME,14,12.632329041706257,0,0.0
69,WFAgent5,MALE_YOUNG_HIGH_INCOME,6,6.586463254189648,96,5.8567303587887185
70,SIAgent7,MALE_OLD,28,26.72814373003631,31,26.450242990823437
70,SIAgent5,MALE_LOW_INCOME,39,33.91497530608677,618,0.0
70,SIAgent6,MALE_OLD_HIGH_INCOME,9,10.46069081088924,10,9.545765617870112
70,SIAgent3,FEMALE_HIGH_INCOME,8,6.915679954079227,130,0.0
70,SIAgent4,FEMALE_OLD_LOW_INCOME,26,25.894015523901412,486,0.0
70,SIAgent1,FEMALE_YOUNG_HIGH_INCOME,3,2.9300561394087596,3,2.9300561394087596
70,SIAgent2,MALE_YOUNG,26,28.254787457728863,43,27.827672046019895
70,SIAgent0,MALE_OLD_LOW_INCOME,20,21.952701656000926,22,21.505633265187825
70,WFAgent0,OLD_LOW_INCOME,45,43.98879531515693,0,0.0
70,WFAgent1,MALE_OLD_LOW_INCOME,20,20.008873622194837,20,19.091531235740224
70,WFAgent2,OLD_HIGH_INCOME,14,12.756670463614665,131,0.0
70,WFAgent3,MALE_OLD_HIGH_INCOME,9,7.540887217079034,0,0.0
70,WFAgent4,FEMALE_YOUNG_LOW_INCOME,22,22.68859517351499,399,0.0
70,WFAgent5,FEMALE_YOUNG_HIGH_INCOME,3,3.0836934436798287,3,2.817830753865743
71,SIAgent7,MALE_LOW_INCOME,39,45.63068902809523,45,44.98958003426771
71,SIAgent5,YOUNG_HIGH_INCOME,9,8.081531175845178,123,0.0
71,SIAgent6,MALE_YOUNG,26,25.770690316013766,26,25.770690316013766
71,SIAgent3,FEMALE_OLD_LOW_INCOME,26,26.115796506084436,455,0.0
71,SIAgent4,MALE_OLD_LOW_INCOME,20,20.14565975175226,349,0.0
71,SIAgent1,FEMALE_OLD,31,37.93956007051336,36,37.25584424093879
71,SIAgent2,FEMALE_YOUNG_HIGH_INCOME,3,3.0803397121339997,3,2.693843725281726
71,SIAgent0,OLD_HIGH_INCOME,14,16.25337319907388,238,0.0
71,WFAgent0,FEMALE_LOW_INCOME,47,47.333460858124084,373,0.0
71,WFAgent1,FEMALE_YOUNG_LOW_INCOME,22,21.82028548551644,0,0.0
71,WFAgent2,FEMALE_OLD,31,25.521185082932618,0,0.0
71,WFAgent3,MALE_LOW_INCOME,39,27.576870639476617,0,0.0
71,WFAgent4,MALE_YOUNG_LOW_INCOME,20,22.095542990146683,321,7.929443174158082
71,WFAgent5,MALE_YOUNG,26,29.40440134029054,31,28.582245067984633
72,SIAgent7,YOUNG_HIGH_INCOME,9,7.767398784132652,14,6.904354474784581
72,SIAgent5,MALE_LOW_INCOME,39,40.478832200363236,64,39.52790004829429
72,SIAgent6,MALE_OLD,28,26.725434875326037,443,0.0
72,SIAgent3,FEMALE_YOUNG_LOW_INCOME,22,24.051940641798005,407,0.0
72,SIAgent4,FEMALE_OLD,31,28.591039018370953,517,2.766874743713318
72,SIAgent1,MALE_OLD_HIGH_INCOME,9,8.9420732492818,9,8.746653862338226
72,SIAgent2,MALE_YOUNG,26,29.18520049894583,28,28.187353357210974
72,SIAgent0,OLD_LOW_INCOME,45,45.609115440339544,49,45.224475716389
72,WFAgent0,FEMALE_OLD_HIGH_INCOME,5,4.923630271593035,5,4.611457906188863
72,WFAgent1,YOUNG_LOW_INCOME,41,43.006052086038984,0,0.0
72,WFAgent2,MALE_OLD_HIGH_INCOME,9,9.842012426875057,9,8.942073249281798
72,WFAgent3,MALE_YOUNG_HIGH_INCOME,6,5.30017736674463,87,5.178265856088435
72,WFAgent4,OLD_HIGH_INCOME,14,12.816881755313576,0,0.0
72,WFAgent5,OLD_LOW_INCOME,45,40.80083091814831,0,0.0
73,SIAgent7,YOUNG_LOW_INCOME,41,43.6473304049293,41,42.69214641058906
73,SIAgent5,FEMALE_YOUNG_LOW_INCOME,22,23.27419688716944,362,0.0
73,SIAgent6,MALE_YOUNG_HIGH_INCOME,6,5.797779993723086,100,0.0
73,SIAgent3,MALE_YOUNG_LOW_INCOME,20,20.305244253052493,20,20.18036644916719
73,SIAgent4,MALE_OLD,28,27.49201521984601,69,26.510157533422944
73,SIAgent1,OLD_LOW_INCOME,45,41.947326280769104,45,41.94732628076906
73,SIAgent2,MALE_YOUNG_LOW_INCOME,20,20.180366449167188,355,0.0
73,SIAgent0,MALE_OLD,28,29.561202470979826,28,29.312513625936653
73,WFAgent0,FEMALE_OLD,31,33.7928270432494,80,0.0
73,WFAgent1,MALE_LOW_INCOME,39,41.0165359859306,260,37.310592084076724
73,WFAgent2,MALE_OLD_HIGH_INCOME,9,9.458981167736756,9,8.836719177807646
73,WFAgent3,MALE_OLD,28,34.79329893480838,34,34.34385541926801
73,WFAgent4,OLD_HIGH_INCOME,14,14.345395756664342,0,0.0
73,WFAgent5,FEMALE_LOW_INCOME,47,50.77670519001696,449,28.897046993418698
74,SIAgent7,MALE_OLD_HIGH_INCOME,9,8.314058141528697,10,8.209216173557117
74,SIAgent5,FEMALE_YOUNG_LOW_INCOME,22,23.38088744495863,23,22.590030239155524
74,SIAgent6,FEMALE_OLD_LOW_INCOME,26,29.253914093169712,31,28.589236946116262
74,SIAgent3,FEMALE_YOUNG_LOW_INCOME,22,25.61323088000542,24,25.50642266722759
74,SIAgent4,MALE_HIGH_INCOME,15,12.313824260335675,59,12.313824260335675
74,SIAgent1,MALE_OLD_LOW_INCOME,20,19.35747802766597,20,19.35747802766597
74,SIAgent2,OLD_LOW_INCOME,45,41.50050524436232,766,0.0
74,SIAgent0,FEMALE_YOUNG,24,23.5722054669449,24,23.572205466944894
74,WFAgent0,YOUNG_HIGH_INCOME,9,9.075983934874163,50,3.9287009111574833
74,WFAgent1,FEMALE_YOUNG,24,24.99412366601008,336,18.661329327998047
74,WFAgent2,MALE_YOUNG,26,25.82272606030708,91,13.134745877691387
74,WFAgent3,MALE_LOW_INCOME,39,35.07163076253991,0,0.0
74,WFAgent4,FEMALE_OLD_LOW_INCOME,26,22.092160081330363,0,0.0
74,WFAgent5,MALE_OLD_LOW_INCOME,20,20.662296163731636,21,20.05150921999778
75,SIAgent7,MALE_YOUNG_HIGH_INCOME,6,6.589145115803428,7,6.501732793665093
75,SIAgent5,FEMALE_OLD,31,37.30311855642672,37,36.46279865570389
75,SIAgent6,MALE_HIGH_INCOME,15,12.927821212476875,14,12.065966464978422
75,SIAgent3,FEMALE_LOW_INCOME,47,51.97691824325591,796,0.0
75,SIAgent4,YOUNG_HIGH_INCOME,9,8.359370734712263,27,8.359370734712263
75,SIAgent1,MALE_OLD_HIGH_INCOME,9,9.576232030087866,9,9.352236453884395
75,SIAgent2,MALE_OLD_HIGH_INCOME,9,9.352236453884393,10,8.618547474984586
75,SIAgent0,FEMALE_LOW_INCOME,47,55.28230763929295,49,54.188701998288124
75,WFAgent0,MALE_OLD_LOW_INCOME,20,19.35612307829368,339,0.0
75,WFAgent1,MALE_YOUNG_HIGH_INCOME,6,5.272614817522239,55,5.171128484990751
75,WFAgent2,MALE_LOW_INCOME,39,32.1936443139964,0,0.0
75,WFAgent3,MALE_OLD,28,27.699253926132634,110,23.270078182458384
75,WFAgent4,MALE_HIGH_INCOME,15,15.46392917348647,17,15.32117293772506
75,WFAgent5,MALE_OLD_LOW_INCOME,20,20.611030288240148,24,19.811473423997793
76,SIAgent7,OLD_LOW_INCOME,45,46.2453822475562,94,46.120404581927836
76,SIAgent5,FEMALE_OLD_LOW_INCOME,26,23.457682481638635,25,22.555463924652546
76,SIAgent6,FEMALE_OLD,31,31.28440450014325,38,30.675430937527473
76,SIAgent3,MALE_YOUNG,26,22.31977290265429,387,0.0
76,SIAgent4,FEMALE_OLD,31,31.77183426755028,31,31.284404500143264
76,SIAgent1,MALE_YOUNG_HIGH_INCOME,6,5.331482875170671,6,5.331482875170671
76,SIAgent2,FEMALE_OLD_LOW_INCOME,26,29.81188032971799,29,29.80257967064734
76,SIAgent0,YOUNG_LOW_INCOME,41,38.4452893346318,58,37.771923373722636
76,WFAgent0,MALE_HIGH_INCOME,15,17.14890354411113,19,16.642007702732162
76,WFAgent1,MALE_OLD,28,28.99184536723952,164,0.0
76,WFAgent2,FEMALE_YOUNG_LOW_INCOME,22,22.56727174820164,24,22.504559610516168
76,WFAgent3,FEMALE_HIGH_INCOME,8,7.77874302138385,50,0.0
76,WFAgent4,FEMALE_LOW_INCOME,47,46.18096673345168,338,12.631059797805419
76,WFAgent5,MALE_OLD_LOW_INCOME,20,18.428888291578033,312,0.0
77,SIAgent7,MALE_OLD_HIGH_INCOME,9,9.78117519371366,9,9.635204340703035
77,SIAgent5,MALE_YOUNG,26,30.99560659229795,32,30.647310024306467
77,SIAgent6,YOUNG_LOW_INCOME,41,39.14079848225619,670,0.0
77,SIAgent3,OLD_HIGH_INCOME,14,14.988095641093615,14,14.650767307049444
77,SIAgent4,FEMALE_YOUNG_LOW_INCOME,22,21.12480612128029,22,21.080287412962278
77,SIAgent1,MALE_OLD,28,29.230546251965126,534,0.0
77,SIAgent2,FEMALE_YOUNG_HIGH_INCOME,3,3.2102004457106443,2,2.140133630473763
77,SIAgent0,FEMALE_OLD,31,32.58245441586179,535,0.0
77,WFAgent0,FEMALE_HIGH_INCOME,8,8.297625828295072,0,0.0
77,WFAgent1,YOUNG_HIGH_INCOME,9,9.307601847123957,111,0.0
77,WFAgent2,FEMALE_YOUNG_HIGH_INCOME,3,2.9510385976990974,0,0.0
77,WFAgent3,FEMALE_YOUNG_LOW_INCOME,22,21.38933894252754,22,21.124806121280287
77,WFAgent4,FEMALE_HIGH_INCOME,8,8.572349366161049,49,2.140133630473763
77,WFAgent5,MALE_YOUNG,26,25.053562116627106,0,0.0
78,SIAgent7,MALE_HIGH_INCOME,15,17.276493878237115,18,16.722008429811407
78,SIAgent5,FEMALE_OLD,31,34.79289422479216,523,21.324677105517775
78,SIAgent6,MALE_YOUNG,26,30.64339114473337,26,30.369575728496393
78,SIAgent3,MALE_OLD_HIGH_INCOME,9,7.934207333269088,158,0.0
78,SIAgent4,MALE_YOUNG_HIGH_INCOME,6,6.404658952496993,113,4.269772634997995
78,SIAgent1,FEMALE_YOUNG,24,25.32400095481144,413,21.10333412900954
78,SIAgent2,OLD_HIGH_INCOME,14,12.89199492910981,14,12.342100296196355
78,SIAgent0,MALE_LOW_INCOME,39,45.745007445542996,68,45.48758679129965
78,WFAgent0,MALE_OLD,28,27.68809630774764,0,0.0
78,WFAgent1,FEMALE_YOUNG_LOW_INCOME,22,26.18288182078797,24,25.324000954811453
78,WFAgent2,MALE_YOUNG_HIGH_INCOME,6,6.722617381427735,6,6.404658952496993
78,WFAgent3,FEMALE_YOUNG_HIGH_INCOME,3,2.30744877857516,0,0.0
78,WFAgent4,MALE_OLD,28,29.18890735679523,319,0.0
78,WFAgent5,OLD_HIGH_INCOME,14,16.328049919645565,14,15.712919972486786
79,SIAgent7,FEMALE_OLD_HIGH_INCOME,5,4.774011184761636,62,4.774011184761636
79,SIAgent5,FEMALE_OLD_LOW_INCOME,26,25.241263958792604,461,0.0
79,SIAgent6,MALE_OLD,28,26.438694011250558,457,0.0
79,SIAgent3,MALE_LOW_INCOME,39,37.877403475724094,85,37.76956287321508
79,SIAgent4,MALE_OLD,28,27.806656190455445,28,26.92426924556104
79,SIAgent1,MALE_LOW_INCOME,39,39.73344221756475,39,38.93639046794427
79,SIAgent2,MALE_OLD_HIGH_INCOME,9,10.461412259355907,10,9.930948639448374
79,SIAgent0,FEMALE_YOUNG_LOW_INCOME,22,21.864737600368723,385,0.0
79,WFAgent0,FEMALE_OLD_HIGH_INCOME,5,5.01510828209977,5,4.774011184761636
79,WFAgent1,FEMALE_YOUNG_HIGH_INCOME,3,3.0991136362151903,48,0.0
79,WFAgent2,FEMALE_OLD_HIGH_INCOME,5,4.806446933057625,5,4.774011184761636
79,WFAgent3,MALE_YOUNG_LOW_INCOME,20,20.810461323761345,20,20.042989055343853
79,WFAgent4,FEMALE_HIGH_INCOME,8,7.702834507496314,0,0.0
79,WFAgent5,MALE_YOUNG,26,25.423171284234474,101,0.0
80,SIAgent7,MALE_OLD,28,24.48487488640226,451,0.0
80,SIAgent5,OLD_HIGH_INCOME,14,13.846515879407498,14,13.411517179808493
80,SIAgent6,FEMALE_LOW_INCOME,47,44.87072021654446,50,44.36000369607136
80,SIAgent3,MALE_OLD_LOW_INCOME,20,21.471871119942694,20,20.6430937903617
80,SIAgent4,FEMALE_HIGH_INCOME,8,7.379004638923755,29,7.0976005913714175
80,SIAgent1,OLD_LOW_INCOME,45,46.44696102831383,49,45.977748991698796
80,SIAgent2,OLD_HIGH_INCOME,14,13.339017396541996,15,13.116897260572637
80,SIAgent0,FEMALE_YOUNG,24,21.292801774114253,405,0.0
80,WFAgent0,MALE_OLD_HIGH_INCOME,9,7.290313620571352,0,0.0
80,WFAgent1,FEMALE_HIGH_INCOME,8,8.263164989133509,8,7.379004638923754
80,WFAgent2,FEMALE_LOW_INCOME,47,46.81255757750161,404,0.954696174820095
80,WFAgent3,FEMALE_OLD_HIGH_INCOME,5,4.137841462391545,50,0.0
80,WFAgent4,OLD_HIGH_INCOME,14,14.273158946379121,15,14.187674389124894
80,WFAgent5,MALE_OLD_LOW_INCOME,20,14.344156310174863,0,0.0
81,SIAgent7,FEMALE_LOW_INCOME,47,47.33129645938186,164,46.469652388046846
81,SIAgent5,MALE_OLD_LOW_INCOME,20,22.480562328169093,22,21.818329217297936
81,SIAgent6,FEMALE_YOUNG,24,25.870653439939975,25,25.176221520947802
81,SIAgent3,OLD_HIGH_INCOME,14,14.194740219167876,14,13.459655960837182
81,SIAgent4,FEMALE_YOUNG_HIGH_INCOME,3,3.056455242955758,44,1.0188184143185859
81,SIAgent1,MALE_LOW_INCOME,39,38.67794724884634,684,0.0
81,SIAgent2,FEMALE_YOUNG_HIGH_INCOME,3,3.2950887109253566,3,3.233831679992497
81,SIAgent0,OLD_HIGH_INCOME,14,13.459655960837186,246,0.0
81,WFAgent0,FEMALE_YOUNG_HIGH_INCOME,3,3.0982098732133094,3,3.0564552429557574
81,WFAgent1,FEMALE_YOUNG,24,21.89794301970221,284,0.0
81,WFAgent2,FEMALE_OLD_LOW_INCOME,26,24.661221895730232,361,0.0
81,WFAgent3,FEMALE_YOUNG,24,25.47656122492396,25,25.176221520947802
81,WFAgent4,MALE_OLD_LOW_INCOME,20,19.60847204008645,0,0.0
81,WFAgent5,YOUNG_LOW_INCOME,41,36.3141777691107,0,0.0
82,SIAgent7,MALE_HIGH_INCOME,15,14.85609293107262,235,3.9616247816193653
82,SIAgent5,MALE_YOUNG,26,24.08149336251334,26,23.953332450413086
82,SIAgent6,FEMALE_OLD,31,31.053198738933215,31,31.053198738933194
82,SIAgent3,OLD_LOW_INCOME,45,43.97462903789606,672,0.0
82,SIAgent4,MALE_OLD_LOW_INCOME,20,24.302500535123492,24,23.810198662352487
82,SIAgent1,OLD_LOW_INCOME,45,44.6441224919109,45,44.3465698456821
82,SIAgent2,YOUNG_LOW_INCOME,41,37.77256271026677,745,0.0
82,SIAgent0,MALE_HIGH_INCOME,15,15.576130129496894,15,14.856092931072615
82,WFAgent0,OLD_HIGH_INCOME,14,11.455834090782218,0,0.0
82,WFAgent1,OLD_HIGH_INCOME,14,15.257124676834728,17,14.460982355840269
82,WFAgent2,OLD_HIGH_INCOME,14,12.790305727908876,63,0.0
82,WFAgent3,MALE_OLD,28,31.14125694575104,31,30.72508467424908
82,WFAgent4,OLD_LOW_INCOME,45,50.42777169864378,50,49.88369039178625
82,WFAgent5,MALE_YOUNG_HIGH_INCOME,6,5.965946876483717,6,5.942437172429047
83,SIAgent7,FEMALE_HIGH_INCOME,8,9.588637301070966,19,8.701821665501638
83,SIAgent5,YOUNG_HIGH_INCOME,9,8.425718193806551,9,8.425718193806551
83,SIAgent6,MALE_LOW_INCOME,39,36.51952636526176,710,0.0
83,SIAgent3,MALE_HIGH_INCOME,15,12.418031882496255,218,0.0
83,SIAgent4,FEMALE_YOUNG,24,26.105464996504917,292,25.30268666146715
83,SIAgent1,MALE_YOUNG_LOW_INCOME,20,19.85326416481674,21,19.66436035052557
83,SIAgent2,FEMALE_YOUNG_HIGH_INCOME,3,2.811409629051904,16,0.0
83,SIAgent0,MALE_OLD,28,27.622236607614987,30,26.898120840496578
83,WFAgent0,FEMALE_OLD,31,35.049821704573674,479,0.0
83,WFAgent1,MALE_YOUNG,26,21.79074068379051,0,0.0
83,WFAgent2,YOUNG_HIGH_INCOME,9,9.542841419565297,10,9.3619091042295
83,WFAgent3,FEMALE_YOUNG_LOW_INCOME,22,20.528134376587243,114,0.0
83,WFAgent4,YOUNG_HIGH_INCOME,9,8.340847761575608,0,0.0
83,WFAgent5,YOUNG_HIGH_INCOME,9,9.195182735295749,9,8.425718193806551
84,SIAgent7,MALE_LOW_INCOME,39,45.34988693387083,46,45.309753302450844
84,SIAgent5,FEMALE_YOUNG_LOW_INCOME,22,20.253420790937646,22,20.253420790937643
84,SIAgent6,YOUNG_HIGH_INCOME,9,9.783795540675438,32,9.72227653443879
84,SIAgent3,FEMALE_OLD,31,32.851093026760104,39,31.946579282432808
84,SIAgent4,OLD_LOW_INCOME,45,41.612707017338636,728,24.967624210403176
84,SIAgent1,FEMALE_YOUNG_HIGH_INCOME,3,2.9166829603316375,41,0.0
84,SIAgent2,FEMALE_OLD_LOW_INCOME,26,26.793905204621087,28,25.8923510330107
84,SIAgent0,MALE_YOUNG_LOW_INCOME,20,21.014826872609323,341,0.0
84,WFAgent0,OLD_HIGH_INCOME,14,16.717580513052635,156,0.0
84,WFAgent1,FEMALE_OLD_LOW_INCOME,26,23.970632339082115,0,0.0
84,WFAgent2,MALE_OLD_LOW_INCOME,20,21.05084174107945,22,20.343990097365552
84,WFAgent3,FEMALE_HIGH_INCOME,8,8.17652694599246,73,0.0
84,WFAgent4,YOUNG_LOW_INCOME,41,56.16282645914257,385,12.888540503323954
84,WFAgent5,MALE_YOUNG_HIGH_INCOME,6,5.832115616654343,87,0.0
85,SIAgent7,OLD_LOW_INCOME,45,39.9606615183606,102,39.0726468179526
85,SIAgent5,FEMALE_HIGH_INCOME,8,7.71199723266657,8,7.693907840417158
85,SIAgent6,FEMALE_LOW_INCOME,47,53.56264170537586,59,52.87706735668638
85,SIAgent3,MALE_YOUNG_HIGH_INCOME,6,6.656418471776589,107,0.0
85,SIAgent4,FEMALE_YOUNG_LOW_INCOME,22,25.74668240225757,22,25.071874840814242
85,SIAgent1,FEMALE_HIGH_INCOME,8,7.687878043000689,113,0.9609847553750861
85,SIAgent2,FEMALE_YOUNG_LOW_INCOME,22,19.962419437676274,358,19.055036735963718
85,SIAgent0,MALE_OLD_LOW_INCOME,20,18.47598330562168,20,17.760294008160262
85,WFAgent0,FEMALE_OLD_HIGH_INCOME,5,4.58448524395936,0,0.0
85,WFAgent1,OLD_LOW_INCOME,45,47.32717749641699,409,31.96852921468849
85,WFAgent2,FEMALE_OLD_HIGH_INCOME,5,4.847377704634356,5,4.8199982704166064
85,WFAgent3,MALE_YOUNG_HIGH_INCOME,6,5.7409182216608725,0,0.0
85,WFAgent4,FEMALE_YOUNG_HIGH_INCOME,3,2.888697860358922,3,2.8829542661252585
85,WFAgent5,FEMALE_YOUNG_LOW_INCOME,22,23.23218191922099,25,22.684567542813944
86,SIAgent7,MALE_HIGH_INCOME,15,14.935095408846486,15,14.901236789279587
86,SIAgent5,MALE_OLD_HIGH_INCOME,9,8.94074207356775,134,0.0
86,SIAgent6,YOUNG_HIGH_INCOME,9,9.36143333215308,11,9.058296045384438
86,SIAgent3,MALE_YOUNG,26,24.845400960574835,448,0.0
86,SIAgent4,YOUNG_LOW_INCOME,41,45.287002540161915,47,44.796643350777494
86,SIAgent1,MALE_YOUNG_HIGH_INCOME,6,6.038864030256292,6,5.733554067824962
86,SIAgent2,FEMALE_OLD_LOW_INCOME,26,24.913725800467375,494,0.0
86,SIAgent0,MALE_OLD_LOW_INCOME,20,23.871685870669438,363,0.0
86,WFAgent0,FEMALE_HIGH_INCOME,8,7.842052843629015,0,0.0
86,WFAgent1,FEMALE_YOUNG_LOW_INCOME,22,21.34909848971461,22,20.821089175822163
86,WFAgent2,FEMALE_YOUNG_LOW_INCOME,22,20.924711172868584,333,0.0
86,WFAgent3,FEMALE_YOUNG,24,22.713915464533265,45,0.0
86,WFAgent4,FEMALE_OLD_HIGH_INCOME,5,4.939530583215112,82,0.0
86,WFAgent5,MALE_OLD_HIGH_INCOME,9,8.798821946188841,0,0.0
87,SIAgent7,FEMALE_YOUNG_HIGH_INCOME,3,3.054234078932763,3,2.912319737787511
87,SIAgent5,FEMALE_LOW_INCOME,47,46.29957699792845,109,45.64260891602566
87,SIAgent6,MALE_HIGH_INCOME,15,14.502856301856145,15,14.405175995193552
87,SIAgent3,MALE_OLD_LOW_INCOME,20,21.29802599163938,331,0.0
87,SIAgent4,YOUNG_HIGH_INCOME,9,8.64310559711613,127,0.0
87,SIAgent1,FEMALE_YOUNG_LOW_INCOME,22,20.082747923051294,331,0.0
87,SIAgent2,YOUNG_HIGH_INCOME,9,8.736959213362534,9,8.701713781113687
87,SIAgent0,OLD_LOW_INCOME,45,52.04725162598643,50,51.090359229620766
87,WFAgent0,MALE_OLD_LOW_INCOME,20,20.151002684794246,0,0.0
87,WFAgent1,YOUNG_LOW_INCOME,41,44.860370691502524,396,0.0
87,WFAgent2,MALE_OLD,28,32.36558960256306,33,31.90628386408351
87,WFAgent3,FEMALE_YOUNG_LOW_INCOME,22,24.44965758663803,24,23.64233719043154
87,WFAgent4,MALE_YOUNG,26,21.46899453945864,0,0.0
87,WFAgent5,MALE_OLD_HIGH_INCOME,9,9.462663893366575,103,0.0
88,SIAgent7,FEMALE_YOUNG_LOW_INCOME,22,25.09848349158095,23,24.731965722225887
88,SIAgent5,FEMALE_OLD_HIGH_INCOME,5,4.793035167211851,5,4.422090473734402
88,SIAgent6,FEMALE_LOW_INCOME,47,47.79503021327387,837,0.0
88,SIAgent3,FEMALE_YOUNG_HIGH_INCOME,3,2.9355388489565115,60,0.0
88,SIAgent4,FEMALE_OLD_HIGH_INCOME,5,4.422090473734402,62,0.0
88,SIAgent1,MALE_OLD_LOW_INCOME,20,20.884418768183426,318,18.79597689136509
88,SIAgent2,FEMALE_YOUNG_LOW_INCOME,22,23.6566628647378,23,23.389057338410623
88,SIAgent0,FEMALE_OLD_HIGH_INCOME,5,4.978768259865452,5,4.978768259865452
88,WFAgent0,YOUNG_LOW_INCOME,41,44.653025942103106,371,0.0
88,WFAgent1,MALE_OLD_LOW_INCOME,20,22.206516013710594,21,21.928639706592605
88,WFAgent2,FEMALE_OLD_LOW_INCOME,26,24.200932475670204,0,0.0
88,WFAgent3,MALE_YOUNG,26,25.8189350735407,91,0.0
88,WFAgent4,MALE_OLD_HIGH_INCOME,9,9.564673606202078,168,0.0
88,WFAgent5,OLD_HIGH_INCOME,14,15.756414700587095,16,15.56059224626224
89,SIAgent7,FEMALE_LOW_INCOME,47,52.95559847536226,49,52.583094240965345
89,SIAgent5,OLD_LOW_INCOME,45,45.69222264987078,46,44.91340504834112
89,SIAgent6,FEMALE_LOW_INCOME,47,48.54689907217252,737,0.0
89,SIAgent3,FEMALE_YOUNG,24,26.48040944265013,26,25.822818655410902
89,SIAgent4,FEMALE_OLD_LOW_INCOME,26,27.44491826236845,25,26.389344483046592
89,SIAgent1,MALE_OLD_LOW_INCOME,20,19.52756741232224,301,0.0
89,SIAgent2,FEMALE_OLD_HIGH_INCOME,5,5.0461546732876075,5,5.0461546732876075
89,SIAgent0,MALE_OLD,28,29.622129611157575,36,29.446099041027825
89,WFAgent0,MALE_OLD,28,26.930063777210727,0,0.0
89,WFAgent1,OLD_LOW_INCOME,45,44.1139051923847,0,0.0
89,WFAgent2,YOUNG_HIGH_INCOME,9,9.24453225357751,94,0.0
89,WFAgent3,FEMALE_HIGH_INCOME,8,7.377908933645124,49,0.0
89,WFAgent4,FEMALE_OLD_HIGH_INCOME,5,6.376201954262396,77,3.027692803972564
89,WFAgent5,OLD_LOW_INCOME,45,48.42823551358201,46,48.125834219802655
90,SIAgent7,OLD_LOW_INCOME,45,37.74334476503231,107,36.90460377025385
90,SIAgent5,FEMALE_LOW_INCOME,47,48.64156654348889,51,48.32052322562865
90,SIAgent6,OLD_LOW_INCOME,45,46.693975266218175,46,46.20346787234216
90,SIAgent3,FEMALE_YOUNG,24,22.622323462331963,404,0.0
90,SIAgent4,YOUNG_HIGH_INCOME,9,9.063994732380731,26,8.483371298374486
90,SIAgent1,FEMALE_OLD,31,30.758633521519524,35,30.27677275596728
90,SIAgent2,OLD_LOW_INCOME,45,50.38461942589933,48,49.80690695063277
90,SIAgent0,MALE_OLD_HIGH_INCOME,9,9.554740672991583,187,0.0
90,WFAgent0,FEMALE_OLD_HIGH_INCOME,5,4.786196207579221,0,0.0
90,WFAgent1,OLD_LOW_INCOME,45,44.33853458182351,324,29.355934817247377
90,WFAgent2,MALE_OLD,28,27.3409208592315,0,0.0
90,WFAgent3,MALE_YOUNG,26,24.00433271301458,63,0.0
90,WFAgent4,FEMALE_OLD,31,35.58840948502925,83,6.945497891956022
90,WFAgent5,MALE_OLD,28,27.48554384237108,32,26.839711832911885
91,SIAgent7,YOUNG_LOW_INCOME,41,37.45886421234794,61,37.42811097091789
91,SIAgent5,MALE_YOUNG_LOW_INCOME,20,18.204276152439014,222,0.0
91,SIAgent6,YOUNG_LOW_INCOME,41,41.14392565877697,43,41.08371683072051
91,SIAgent3,MALE_YOUNG,26,24.72448719417744,55,24.668032530082787
91,SIAgent4,MALE_LOW_INCOME,39,38.18339926086132,84,38.037672606426824
91,SIAgent1,MALE_HIGH_INCOME,15,16.677875610483593,36,16.166010857731397
91,SIAgent2,OLD_LOW_INCOME,45,48.12788583368261,44,47.0583772596008
91,SIAgent0,FEMALE_YOUNG_LOW_INCOME,22,23.167895466341246,23,23.080738784191965
91,WFAgent0,MALE_OLD_LOW_INCOME,20,23.07403616103367,21,22.097891837428268
91,WFAgent1,OLD_HIGH_INCOME,14,17.040773809380866,84,0.0
91,WFAgent2,YOUNG_LOW_INCOME,41,40.13995636409376,43,39.286125881242945
91,WFAgent3,FEMALE_LOW_INCOME,47,50.472995530728426,456,32.085257222455084
91,WFAgent4,OLD_HIGH_INCOME,14,14.18132309972117,0,0.0
91,WFAgent5,YOUNG_LOW_INCOME,41,43.85929969418228,44,43.59213296906229
92,SIAgent7,MALE_YOUNG_LOW_INCOME,20,17.218560824134595,20,17.170275550925574
92,SIAgent5,MALE_YOUNG_LOW_INCOME,20,19.758554174974712,22,18.940416906548055
92,SIAgent6,MALE_YOUNG_LOW_INCOME,20,17.17027555092558,320,0.0
92,SIAgent3,MALE_OLD_LOW_INCOME,20,19.89995935705438,20,19.899959357054378
92,SIAgent4,FEMALE_YOUNG_LOW_INCOME,22,19.429137893715257,384,0.0
92,SIAgent1,FEMALE_OLD_LOW_INCOME,26,26.135569236574167,465,0.0
92,SIAgent2,FEMALE_YOUNG_HIGH_INCOME,3,2.691181709230209,60,0.0
92,SIAgent0,MALE_YOUNG_HIGH_INCOME,6,4.905334580911159,6,4.905334580911159
92,WFAgent0,OLD_HIGH_INCOME,14,14.151454919625678,86,0.0
92,WFAgent1,MALE_OLD_HIGH_INCOME,9,8.55510635848816,166,0.0
92,WFAgent2,MALE_OLD,28,27.501259285148453,0,0.0
92,WFAgent3,FEMALE_OLD,31,27.86916388946018,0,0.0
92,WFAgent4,MALE_HIGH_INCOME,15,14.986894138913392,99,5.722890344396352
92,WFAgent5,OLD_LOW_INCOME,45,45.41896429719292,352,18.90496138920166
93,SIAgent7,MALE_YOUNG_HIGH_INCOME,6,5.960391800543197,6,5.333243494059917
93,SIAgent5,FEMALE_OLD_HIGH_INCOME,5,4.641626442726891,34,4.641626442726891
93,SIAgent6,MALE_YOUNG_HIGH_INCOME,6,5.333243494059917,93,0.0
93,SIAgent3,MALE_LOW_INCOME,39,36.4154189426685,644,0.0
93,SIAgent4,OLD_HIGH_INCOME,14,14.39879734040469,72,13.697675690019997
93,SIAgent1,FEMALE_YOUNG_HIGH_INCOME,3,2.8885709865719544,54,0.0
93,SIAgent2,YOUNG_LOW_INCOME,41,40.714373774918776,78,39.88410635277125
93,SIAgent0,OLD_LOW_INCOME,45,42.543284014823946,45,42.20463301734047
93,WFAgent0,MALE_LOW_INCOME,39,34.966423588745265,0,0.0
93,WFAgent1,MALE_OLD_HIGH_INCOME,9,10.099717839933607,9,9.256369718831586
93,WFAgent2,MALE_YOUNG_LOW_INCOME,20,20.830884146955952,20,19.860670134106726
93,WFAgent3,FEMALE_LOW_INCOME,47,48.37122715505056,457,15.126500983048514
93,WFAgent4,OLD_HIGH_INCOME,14,14.959588876652209,14,14.398797340404686
93,WFAgent5,FEMALE_HIGH_INCOME,8,8.174673015331473,8,7.426602308363025
94,SIAgent7,MALE_YOUNG_LOW_INCOME,20,24.02459619952007,28,23.308487802182974
94,SIAgent5,MALE_YOUNG,26,21.64359581631275,277,20.811149823377654
94,SIAgent6,FEMALE_YOUNG_LOW_INCOME,22,24.34455927646348,23,23.503932836114
94,SIAgent3,OLD_LOW_INCOME,45,47.54796919536409,46,46.96549955670271
94,SIAgent4,MALE_HIGH_INCOME,15,16.2259936179814,53,15.816473865767016
94,SIAgent1,OLD_LOW_INCOME,45,45.94451043590478,729,0.0
94,SIAgent2,YOUNG_HIGH_INCOME,9,10.586365882879264,13,9.735596170788837
94,SIAgent0,OLD_LOW_INCOME,45,51.527659208468044,48,50.71783380838837
94,WFAgent0,MALE_OLD,28,29.649727178254057,137,0.0
94,WFAgent1,FEMALE_OLD,31,30.308681381995314,0,0.0
94,WFAgent2,FEMALE_YOUNG_LOW_INCOME,22,23.526474438496063,387,0.0
94,WFAgent3,FEMALE_LOW_INCOME,47,48.02977579553732,0,0.0
94,WFAgent4,MALE_YOUNG,26,24.08864316709423,38,16.648919858702122
94,WFAgent5,FEMALE_OLD_HIGH_INCOME,5,5.36589121126768,81,0.0
95,SIAgent7,FEMALE_LOW_INCOME,47,51.475533441238625,58,50.64938974185396
95,SIAgent5,MALE_OLD_HIGH_INCOME,9,10.69969800869295,10,9.819473901084177
95,SIAgent6,MALE_YOUNG,26,26.173039000005957,77,25.53716810007904
95,SIAgent3,FEMALE_OLD,31,30.97701746185445,537,0.0
95,SIAgent4,MALE_LOW_INCOME,39,41.094048824384224,40,40.11661827721665
95,SIAgent1,MALE_OLD_LOW_INCOME,20,19.833915785188772,312,0.0
95,SIAgent2,OLD_LOW_INCOME,45,54.81454291021723,51,54.7766354438653
95,SIAgent0,YOUNG_HIGH_INCOME,9,7.182328528147229,163,4.78821901876482
95,WFAgent0,YOUNG_LOW_INCOME,41,34.16023925131374,0,0.0
95,WFAgent1,FEMALE_LOW_INCOME,47,43.40548354874307,341,0.0
95,WFAgent2,MALE_OLD,28,28.05923637544586,156,0.0
95,WFAgent3,MALE_YOUNG_HIGH_INCOME,6,5.276768527341365,6,4.78821901876482
95,WFAgent4,OLD_LOW_INCOME,45,38.527445648063974,0,0.0
95,WFAgent5,MALE_HIGH_INCOME,15,14.729210851626265,0,0.0
96,SIAgent7,FEMALE_YOUNG_LOW_INCOME,22,22.76844413199556,402,0.0
96,SIAgent5,MALE_LOW_INCOME,39,35.6091752245417,137,35.6091752245417
96,SIAgent6,MALE_YOUNG_HIGH_INCOME,6,5.833471306137146,93,0.0
96,SIAgent3,FEMALE_OLD,31,28.984385854319463,463,26.179445287772403
96,SIAgent4,MALE_OLD,28,29.193017609221382,30,28.43676598558219
96,SIAgent1,FEMALE_OLD,31,29.93038011290352,31,29.777800393777056
96,SIAgent2,OLD_HIGH_INCOME,14,14.245910680144101,46,13.394882082139128
96,SIAgent0,FEMALE_YOUNG_HIGH_INCOME,3,2.807648774159199,3,2.807648774159199
96,WFAgent0,FEMALE_OLD_LOW_INCOME,26,28.82725818138219,29,27.999387847554907
96,WFAgent1,YOUNG_LOW_INCOME,41,43.212875665262224,308,30.1308405746122
96,WFAgent2,FEMALE_OLD,31,29.470681766647296,31,28.984385854319445
96,WFAgent3,YOUNG_LOW_INCOME,41,35.985995932532894,0,0.0
96,WFAgent4,FEMALE_YOUNG_HIGH_INCOME,3,3.1504532721539724,39,1.871765849439466
96,WFAgent5,MALE_YOUNG_LOW_INCOME,20,21.790501926316796,23,21.000282824729723
97,SIAgent7,FEMALE_YOUNG_HIGH_INCOME,3,3.042367527813723,3,2.595588203588214
97,SIAgent5,MALE_OLD_HIGH_INCOME,9,8.820805770668903,129,0.0
97,SIAgent6,MALE_OLD_HIGH_INCOME,9,10.138189156362825,10,9.800895300743225
97,SIAgent3,MALE_OLD_LOW_INCOME,20,18.779071699921488,328,0.0
97,SIAgent4,FEMALE_YOUNG_HIGH_INCOME,3,2.595588203588214,3,2.4827192666110616
97,SIAgent1,MALE_OLD_LOW_INCOME,20,19.348183710260475,20,19.348183710260475
97,SIAgent2,FEMALE_OLD_LOW_INCOME,26,23.405481216633117,494,0.0
97,SIAgent0,YOUNG_HIGH_INCOME,9,7.448157799833185,14,7.448157799833185
97,WFAgent0,YOUNG_HIGH_INCOME,9,9.658059890856917,11,9.103303977573892
97,WFAgent1,FEMALE_YOUNG,24,21.221759608082255,392,0.0
97,WFAgent2,YOUNG_LOW_INCOME,41,34.97499883561339,0,0.0
97,WFAgent3,MALE_OLD_LOW_INCOME,20,22.37956155528443,23,22.1081332642148
97,WFAgent4,YOUNG_HIGH_INCOME,9,8.624011574718764,76,6.620584710962831
97,WFAgent5,FEMALE_YOUNG_HIGH_INCOME,3,3.626014325934674,3,3.042367527813723
98,SIAgent7,MALE_OLD,28,27.86972205372973,28,27.614462833351144
98,SIAgent5,FEMALE_YOUNG,24,24.726142852118237,26,24.39944403297925
98,SIAgent6,FEMALE_YOUNG,24,21.766108861066616,30,21.766108861066616
98,SIAgent3,FEMALE_YOUNG_HIGH_INCOME,3,3.0280733951922336,3,2.720763607633327
98,SIAgent4,FEMALE_YOUNG_LOW_INCOME,22,24.808284434664174,24,24.72614285211824
98,SIAgent1,OLD_LOW_INCOME,45,44.380386696457194,771,28.60069364882797
98,SIAgent2,MALE_YOUNG_LOW_INCOME,20,22.881191747252494,371,0.0
98,SIAgent0,MALE_HIGH_INCOME,15,15.502254700341158,278,9.953472162046333
98,WFAgent0,FEMALE_HIGH_INCOME,8,8.681284312240345,85,0.0
98,WFAgent1,MALE_YOUNG_HIGH_INCOME,6,5.465190200405109,0,0.0
98,WFAgent2,YOUNG_LOW_INCOME,41,40.904199075837816,321,38.0906905068666
98,WFAgent3,FEMALE_OLD_LOW_INCOME,26,29.67337412523775,30,29.586924464304797
98,WFAgent4,MALE_LOW_INCOME,39,36.45855552575418,0,0.0
98,WFAgent5,MALE_OLD,28,25.822038424016572,0,0.0
99,SIAgent7,MALE_OLD_LOW_INCOME,20,17.930221602456584,20,17.769378709465894
99,SIAgent5,MALE_OLD,28,24.22827062701854,452,0.0
99,SIAgent6,MALE_YOUNG_HIGH_INCOME,6,5.147004779235407,5,4.289170649362839
99,SIAgent3,OLD_HIGH_INCOME,14,12.665268664676937,21,12.438565096626126
99,SIAgent4,MALE_OLD,28,24.87713019325225,28,24.228270627018553
99,SIAgent1,MALE_YOUNG_LOW_INCOME,20,18.895522958251814,365,0.0
99,SIAgent2,MALE_YOUNG_HIGH_INCOME,6,6.371762258931696,6,5.555257272467504
99,SIAgent0,FEMALE_OLD_LOW_INCOME,26,27.23949348810375,454,0.0
99,WFAgent0,FEMALE_OLD_HIGH_INCOME,5,3.6660072678454063,92,0.0
99,WFAgent1,FEMALE_OLD,31,29.342657106962687,0,0.0
99,WFAgent2,MALE_YOUNG,26,23.76064452672358,96,1.7156682597451356
99,WFAgent3,MALE_YOUNG_HIGH_INCOME,6,6.512688597298679,6,6.371762258931697
99,WFAgent4,MALE_LOW_INCOME,39,34.6559071509549,0,0.0
99,WFAgent5,FEMALE_HIGH_INCOME,8,8.904962842244625,43,0.0

