0,WEAgent1,FEMALE_OLD,39,31.541071275853305,70,5.661217921307004
0,WEAgent2,FEMALE_OLD_HIGH_INCOME,6,6.497126834714806,8,6.469963338636576
0,WEAgent0,YOUNG_LOW_INCOME,53,62.46969037634867,386,0.0
0,WEAgent5,FEMALE_YOUNG,31,32.2639108961357,33,31.471679941614447
0,WEAgent6,FEMALE_LOW_INCOME,60,60.20972581223131,355,22.888494502992323
0,WEAgent3,FEMALE_YOUNG_HIGH_INCOME,4,3.832212470014556,0,0.0
0,WEAgent4,FEMALE_YOUNG_HIGH_INCOME,4,4.96922086226555,0,0.0
0,WEAgent9,FEMALE_YOUNG,31,32.29091410730205,52,5.722123625748079
0,WEAgent10,FEMALE_OLD_LOW_INCOME,33,31.471679941614436,502,0.0
0,WEAgent7,MALE_YOUNG_HIGH_INCOME,8,8.320576714474761,93,6.398019545743494
0,WEAgent8,MALE_YOUNG_HIGH_INCOME,8,6.398019545743494,8,6.398019545743494
1,WEAgent1,MALE_OLD_HIGH_INCOME,12,14.08795165153665,15,13.37090011335112
1,WEAgent2,MALE_YOUNG,33,37.994279350600486,28,24.959013544922104
1,WEAgent0,MALE_YOUNG_LOW_INCOME,26,25.911265713948723,351,21.924917142571985
1,WEAgent5,MALE_YOUNG,33,33.5813069101709,37,32.981553612932785
1,WEAgent6,MALE_OLD,36,32.090160272042695,132,8.913933408900748
1,WEAgent3,MALE_HIGH_INCOME,19,20.561116741976598,23,20.502046840471724
1,WEAgent4,MALE_OLD_LOW_INCOME,25,28.87353063313062,337,0.0
1,WEAgent9,FEMALE_YOUNG_LOW_INCOME,27,28.202431504179923,29,28.15298752152218
1,WEAgent10,FEMALE_LOW_INCOME,60,58.24756038935621,372,19.415853463118744
1,WEAgent7,MALE_YOUNG_LOW_INCOME,26,26.081567636722074,26,25.91126571394871
1,WEAgent8,FEMALE_OLD,39,38.942842614621526,85,0.0
2,WEAgent1,FEMALE_YOUNG_LOW_INCOME,27,27.478050231837194,398,0.0
2,WEAgent2,FEMALE_HIGH_INCOME,10,10.063961787877062,10,9.473812152319214
2,WEAgent0,YOUNG_HIGH_INCOME,11,11.026877022836649,11,10.421193367551135
2,WEAgent5,FEMALE_YOUNG_HIGH_INCOME,4,3.7895248609276866,4,3.7895248609276866
2,WEAgent6,FEMALE_OLD,39,40.9020220070688,27,23.956296853533658
2,WEAgent3,FEMALE_OLD,39,41.248350483832624,43,41.2048305880779
2,WEAgent4,MALE_OLD,36,36.24150907419372,134,10.540770615554806
2,WEAgent9,OLD_HIGH_INCOME,17,16.893173436238488,17,16.290281860402885
2,WEAgent10,FEMALE_HIGH_INCOME,10,9.860241856491195,28,7.579049721855371
2,WEAgent7,MALE_OLD_LOW_INCOME,25,23.956296853533647,24,22.99804497939231
2,WEAgent8,MALE_LOW_INCOME,50,51.85511949844104,360,27.789304350099044
3,WEAgent1,MALE_YOUNG,33,33.34796006489137,39,32.90407326047566
3,WEAgent2,MALE_YOUNG,33,32.86848171093488,72,28.68560232964545
3,WEAgent0,FEMALE_HIGH_INCOME,10,12.646438108329761,11,12.384820137845027
3,WEAgent5,MALE_YOUNG_LOW_INCOME,26,21.936048840317092,355,0.0
3,WEAgent6,MALE_OLD_LOW_INCOME,25,24.947744298100783,29,24.467131398815233
3,WEAgent3,MALE_OLD_HIGH_INCOME,12,11.673019037338074,141,8.754764278003558
3,WEAgent4,FEMALE_LOW_INCOME,60,62.612987013193234,365,33.393593073703066
3,WEAgent9,MALE_LOW_INCOME,50,49.60952623424656,329,32.06037907430962
3,WEAgent10,FEMALE_HIGH_INCOME,10,11.258927398040932,46,5.629463699020466
3,WEAgent7,MALE_OLD_HIGH_INCOME,12,12.011289953681311,12,11.673019037338078
3,WEAgent8,FEMALE_YOUNG_LOW_INCOME,27,28.522431913742395,27,28.175844155936964
4,WEAgent1,FEMALE_YOUNG_LOW_INCOME,27,26.782862127704092,30,25.924371362567552
4,WEAgent2,FEMALE_YOUNG_HIGH_INCOME,4,4.103735376322102,41,0.0
4,WEAgent0,OLD_HIGH_INCOME,17,16.563441537983792,18,16.236267120210776
4,WEAgent5,FEMALE_YOUNG_LOW_INCOME,27,25.803976092445424,29,25.060225650481968
4,WEAgent6,MALE_OLD,36,42.29338701047173,120,24.35440068031616
4,WEAgent3,MALE_OLD_HIGH_INCOME,12,12.054490615227742,13,11.72619292015223
4,WEAgent4,MALE_OLD,36,34.05864413195878,37,33.374549080433255
4,WEAgent9,YOUNG_LOW_INCOME,53,45.79972274053604,53,45.79972274053604
4,WEAgent10,OLD_HIGH_INCOME,17,18.117030376570355,62,14.432237440187357
4,WEAgent7,MALE_HIGH_INCOME,19,17.138281960222493,19,17.138281960222486
4,WEAgent8,FEMALE_LOW_INCOME,60,58.156250336799204,279,47.528014164707216
5,WEAgent1,MALE_YOUNG_LOW_INCOME,26,28.98233242818558,35,28.193030296993996
5,WEAgent2,YOUNG_LOW_INCOME,53,59.166071873941604,280,41.88678786981961
5,WEAgent0,YOUNG_LOW_INCOME,53,44.84760450910693,55,44.30333332384765
5,WEAgent5,FEMALE_YOUNG_HIGH_INCOME,4,3.6304829109831855,57,0.0
5,WEAgent6,FEMALE_OLD_LOW_INCOME,33,29.197062000937375,468,0.0
5,WEAgent3,YOUNG_HIGH_INCOME,11,10.080375029395842,12,9.666181816112227
5,WEAgent4,FEMALE_OLD_HIGH_INCOME,6,6.119439591204353,6,5.389174735321007
5,WEAgent9,FEMALE_YOUNG_LOW_INCOME,27,21.74890908625251,382,0.0
5,WEAgent10,MALE_YOUNG,33,33.418375026244675,60,33.0261212050501
5,WEAgent7,OLD_HIGH_INCOME,17,15.269328416742853,68,2.6945873676605037
5,WEAgent8,MALE_YOUNG,33,34.385330883018995,42,33.831636356392785
6,WEAgent1,MALE_LOW_INCOME,50,45.119127532281404,368,0.0
6,WEAgent2,FEMALE_LOW_INCOME,60,64.51373755688694,271,61.56610771908302
6,WEAgent0,MALE_YOUNG_LOW_INCOME,26,26.24129181469112,399,0.0
6,WEAgent5,FEMALE_YOUNG_HIGH_INCOME,4,4.813829413400583,5,4.783930082396703
6,WEAgent6,YOUNG_LOW_INCOME,53,57.55435939624598,57,57.52898590143823
6,WEAgent3,FEMALE_OLD_LOW_INCOME,33,34.28734682204884,449,0.0
6,WEAgent4,FEMALE_YOUNG,31,29.660366510859557,32,5.740716098876043
6,WEAgent9,OLD_HIGH_INCOME,17,15.943079122579489,84,0.0
6,WEAgent10,MALE_OLD,36,30.069646627954135,155,0.0
6,WEAgent7,YOUNG_HIGH_INCOME,11,12.08229088913641,12,11.481432197752085
6,WEAgent8,FEMALE_LOW_INCOME,60,69.80652975820709,69,69.6403513543726
7,WEAgent1,FEMALE_YOUNG_HIGH_INCOME,4,3.5904278147727435,4,3.205073055069211
7,WEAgent2,MALE_YOUNG,33,26.44185270432099,86,0.0
7,WEAgent0,YOUNG_LOW_INCOME,53,56.97436365909839,290,43.59285848671082
7,WEAgent5,FEMALE_HIGH_INCOME,10,8.562670183830845,10,8.012682637673027
7,WEAgent6,MALE_OLD_LOW_INCOME,25,23.8675268548319,25,23.859809144545178
7,WEAgent3,OLD_LOW_INCOME,58,55.354757215344826,345,19.087847315636143
7,WEAgent4,MALE_OLD_HIGH_INCOME,12,13.928767878168163,170,0.0
7,WEAgent9,FEMALE_YOUNG_LOW_INCOME,27,25.587112590025924,360,24.639441753358287
7,WEAgent10,FEMALE_YOUNG_LOW_INCOME,27,32.14079964321348,33,31.27313761003167
7,WEAgent7,YOUNG_LOW_INCOME,53,53.57344992551121,56,53.06956685338708
7,WEAgent8,YOUNG_HIGH_INCOME,11,11.298723253961807,41,0.0
8,WEAgent1,MALE_YOUNG_HIGH_INCOME,8,8.650482988566388,102,0.0
8,WEAgent2,YOUNG_LOW_INCOME,53,50.3315689440497,296,39.663849001338555
8,WEAgent0,YOUNG_HIGH_INCOME,11,10.209601834801106,11,10.209601834801106
8,WEAgent5,YOUNG_LOW_INCOME,53,52.84992257907665,57,52.577660304099915
8,WEAgent6,FEMALE_LOW_INCOME,60,55.34490558326309,399,0.0
8,WEAgent3,OLD_LOW_INCOME,58,56.150220719207745,58,56.15022071920773
8,WEAgent4,YOUNG_HIGH_INCOME,11,12.243528009724043,29,5.5688737280733305
8,WEAgent9,FEMALE_OLD_HIGH_INCOME,6,5.375844352189025,74,0.0
8,WEAgent10,FEMALE_OLD_LOW_INCOME,33,34.89278883187428,543,0.0
8,WEAgent7,OLD_LOW_INCOME,58,57.363644753298686,280,49.373469942751626
8,WEAgent8,MALE_OLD,36,31.885636621553015,151,0.0
9,WEAgent1,YOUNG_HIGH_INCOME,11,11.485770556687774,95,5.803983634191654
9,WEAgent2,FEMALE_OLD_HIGH_INCOME,6,5.978245259849845,6,5.463110644668066
9,WEAgent0,FEMALE_YOUNG,31,29.936576300284177,30,19.89937246008568
9,WEAgent5,FEMALE_OLD_LOW_INCOME,33,31.401474897084498,495,0.0
9,WEAgent6,MALE_OLD_LOW_INCOME,25,26.327242215285736,30,25.996355969503565
9,WEAgent3,FEMALE_OLD,39,35.510219190342426,64,4.552592203890055
9,WEAgent4,YOUNG_HIGH_INCOME,11,11.541983814701819,13,10.778826749213072
9,WEAgent9,MALE_OLD,36,32.75914402018989,153,0.0
9,WEAgent10,MALE_LOW_INCOME,50,48.06041616309407,55,47.65998594408987
9,WEAgent7,FEMALE_YOUNG,31,25.703356094277325,389,24.874215575107108
9,WEAgent8,OLD_LOW_INCOME,58,50.25962154104022,278,45.926895546122964
10,WEAgent1,MALE_YOUNG_LOW_INCOME,26,23.158685584521848,354,0.0
10,WEAgent2,FEMALE_LOW_INCOME,60,55.32089716475575,338,43.80419961979903
10,WEAgent0,FEMALE_OLD_HIGH_INCOME,6,5.243454403122588,6,5.243454403122588
10,WEAgent5,FEMALE_OLD,39,48.450563657049216,66,3.4956362687483917
10,WEAgent6,MALE_YOUNG_HIGH_INCOME,8,8.378704713990693,8,7.586773338566664
10,WEAgent3,FEMALE_LOW_INCOME,60,51.53435249388119,59,50.675446618983194
10,WEAgent4,FEMALE_YOUNG_LOW_INCOME,27,26.206183419254057,30,25.767176246940597
10,WEAgent9,MALE_HIGH_INCOME,19,18.018586679095826,93,3.7933866692833313
10,WEAgent10,MALE_OLD_HIGH_INCOME,12,11.935982864989356,12,11.935982864989354
10,WEAgent7,MALE_OLD_HIGH_INCOME,12,13.080660534028361,151,4.973326193745565
10,WEAgent8,OLD_LOW_INCOME,58,56.8333468198686,330,0.0
11,WEAgent1,MALE_HIGH_INCOME,19,20.636605329419364,104,11.707767507423583
11,WEAgent2,MALE_OLD_LOW_INCOME,25,28.10875019408352,27,27.151903464497828
11,WEAgent0,FEMALE_OLD_LOW_INCOME,33,33.185659789941774,482,0.0
11,WEAgent5,MALE_YOUNG_HIGH_INCOME,8,8.038033889044062,8,7.204780004568357
11,WEAgent6,OLD_HIGH_INCOME,17,17.909776698509752,19,17.111352510849855
11,WEAgent3,OLD_LOW_INCOME,58,60.44971808361966,382,21.11814713905386
11,WEAgent4,FEMALE_HIGH_INCOME,10,8.459447270931854,10,8.459447270931852
11,WEAgent9,MALE_OLD_HIGH_INCOME,12,10.807170006852537,161,0.0
11,WEAgent10,FEMALE_OLD,39,35.79237510534174,55,18.0119500114209
11,WEAgent7,MALE_YOUNG_LOW_INCOME,26,25.665571631341596,352,0.0
11,WEAgent8,FEMALE_YOUNG,31,33.56264815145333,40,6.767557816745482
12,WEAgent1,MALE_OLD_LOW_INCOME,25,24.830070589956478,26,24.279621801260813
12,WEAgent2,FEMALE_YOUNG,31,32.22867495853908,39,0.0
12,WEAgent0,MALE_YOUNG,33,34.27765117984524,111,7.666141136627167
12,WEAgent5,OLD_LOW_INCOME,58,54.16223324896643,58,54.1622332489664
12,WEAgent6,FEMALE_LOW_INCOME,60,59.4931292732571,375,16.844745693251863
12,WEAgent3,MALE_YOUNG_HIGH_INCOME,8,7.666141136627166,7,6.707873494548771
12,WEAgent4,FEMALE_OLD_HIGH_INCOME,6,5.73000631136384,6,5.053423707975561
12,WEAgent9,MALE_LOW_INCOME,50,50.30015733038995,53,49.493075210262404
12,WEAgent10,OLD_LOW_INCOME,58,59.08784886600852,207,53.2284016412256
12,WEAgent7,FEMALE_YOUNG,31,26.109355824540398,30,25.26711853987781
12,WEAgent8,FEMALE_HIGH_INCOME,10,10.23857110843524,72,6.737898277300749
13,WEAgent1,YOUNG_LOW_INCOME,53,65.3147583792348,355,0.0
13,WEAgent2,FEMALE_YOUNG_HIGH_INCOME,4,4.076300164233193,4,3.829599357877806
13,WEAgent0,FEMALE_YOUNG_LOW_INCOME,27,26.97966965090162,405,0.0
13,WEAgent5,YOUNG_HIGH_INCOME,11,11.234346205585524,11,10.531398234163966
13,WEAgent6,FEMALE_HIGH_INCOME,10,11.174420986183815,11,10.531398234163966
13,WEAgent3,FEMALE_HIGH_INCOME,10,9.573998394694515,14,9.573998394694515
13,WEAgent4,FEMALE_OLD_LOW_INCOME,33,35.277783102232966,426,0.0
13,WEAgent9,YOUNG_HIGH_INCOME,11,11.797828973453266,12,11.488798073633417
13,WEAgent10,MALE_OLD_LOW_INCOME,25,28.598705266233523,31,27.849509061546325
13,WEAgent7,OLD_LOW_INCOME,58,55.77990377609819,300,47.61367678264377
13,WEAgent8,MALE_LOW_INCOME,50,44.9185630024941,49,44.02019174244423
14,WEAgent1,MALE_OLD,36,43.99821443682569,145,16.34934088834757
14,WEAgent2,OLD_HIGH_INCOME,17,15.059758509919948,16,14.173890362277602
14,WEAgent0,FEMALE_YOUNG_HIGH_INCOME,4,4.320044968721511,61,0.0
14,WEAgent5,MALE_YOUNG_LOW_INCOME,26,23.182964676482268,391,0.0
14,WEAgent6,OLD_LOW_INCOME,58,58.85466046390232,61,58.75635595688581
14,WEAgent3,MALE_HIGH_INCOME,19,20.002094823265594,111,0.0
14,WEAgent4,OLD_LOW_INCOME,58,55.86669910654718,291,48.16094750564411
14,WEAgent9,MALE_OLD_HIGH_INCOME,12,10.89956059223171,11,9.991263876212404
14,WEAgent10,OLD_HIGH_INCOME,17,17.19162729114305,45,13.288022214635252
14,WEAgent7,FEMALE_OLD_HIGH_INCOME,6,6.217902512699697,7,6.20107703349645
14,WEAgent8,FEMALE_HIGH_INCOME,10,9.276752693706143,10,8.8586814764235
15,WEAgent1,MALE_YOUNG_LOW_INCOME,26,25.38515759400635,27,25.296637045959443
15,WEAgent2,MALE_YOUNG_LOW_INCOME,26,26.312957406085218,328,20.61207463004103
15,WEAgent0,MALE_YOUNG_LOW_INCOME,26,24.359724562775767,26,24.35972456277576
15,WEAgent5,MALE_YOUNG_HIGH_INCOME,8,9.073180286709924,9,9.01362971238982
15,WEAgent6,FEMALE_YOUNG_LOW_INCOME,27,27.755761814784154,400,0.0
15,WEAgent3,FEMALE_HIGH_INCOME,10,8.88281787450677,10,8.88281787450677
15,WEAgent4,MALE_HIGH_INCOME,19,19.028773837267394,83,8.012115299902062
15,WEAgent9,FEMALE_YOUNG,31,34.04765641680197,60,20.430481111365562
15,WEAgent10,FEMALE_OLD_HIGH_INCOME,6,5.845323200791539,6,5.446523298286986
15,WEAgent7,FEMALE_OLD_HIGH_INCOME,6,5.446523298286987,65,5.446523298286986
15,WEAgent8,OLD_LOW_INCOME,58,62.69323186283247,348,0.0
16,WEAgent1,FEMALE_OLD_HIGH_INCOME,6,6.781710086594346,0,0.0
16,WEAgent2,YOUNG_LOW_INCOME,53,51.969164794977914,52,50.988614515827415
16,WEAgent0,YOUNG_LOW_INCOME,53,54.21193566401054,55,53.930265353279
16,WEAgent5,FEMALE_OLD,39,38.44475940651908,33,29.311016032869738
16,WEAgent6,YOUNG_LOW_INCOME,53,54.58939722501552,55,53.930265353279
16,WEAgent3,MALE_LOW_INCOME,50,50.85372434785594,51,50.00806423667689
16,WEAgent4,MALE_OLD_HIGH_INCOME,12,12.95663954776591,190,0.0
16,WEAgent9,MALE_LOW_INCOME,50,49.3369769937584,50,49.02751395752636
16,WEAgent10,YOUNG_LOW_INCOME,53,52.23749819995842,124,50.00806423667689
16,WEAgent7,MALE_YOUNG_HIGH_INCOME,8,7.246427458572606,110,0.0
16,WEAgent8,FEMALE_OLD,39,34.6402916752097,36,31.975653854039713
17,WEAgent1,YOUNG_HIGH_INCOME,11,11.212275974708241,36,8.077698819308102
17,WEAgent2,YOUNG_LOW_INCOME,53,55.623251523392135,56,55.210592372597915
17,WEAgent0,YOUNG_LOW_INCOME,53,61.94336048163149,282,54.22468893737295
17,WEAgent5,FEMALE_OLD_LOW_INCOME,33,27.89095733860842,470,0.0
17,WEAgent6,MALE_YOUNG_HIGH_INCOME,8,7.180176728273868,7,6.282654637239635
17,WEAgent3,FEMALE_OLD_HIGH_INCOME,6,6.828801838935655,85,0.0
17,WEAgent4,YOUNG_HIGH_INCOME,11,10.934377763283601,12,10.770265092410801
17,WEAgent9,YOUNG_LOW_INCOME,53,52.25288206692309,53,52.25288206692303
17,WEAgent10,MALE_YOUNG_HIGH_INCOME,8,7.828065804371353,8,7.180176728273869
17,WEAgent7,MALE_YOUNG,33,34.072195730310675,56,13.4628313655135
17,WEAgent8,MALE_HIGH_INCOME,19,19.22112525971731,21,18.8479639117189
18,WEAgent1,FEMALE_YOUNG_LOW_INCOME,27,25.697755134755855,26,24.745986426061197
18,WEAgent2,MALE_OLD_HIGH_INCOME,12,11.833360807283196,12,10.983741185408604
18,WEAgent0,MALE_OLD_HIGH_INCOME,12,14.253928374544756,15,13.729676481760755
18,WEAgent5,MALE_OLD,36,44.210118019159864,83,38.443094148930115
18,WEAgent6,YOUNG_HIGH_INCOME,11,11.598888035600437,62,0.0
18,WEAgent3,FEMALE_YOUNG_LOW_INCOME,27,33.90437039786111,341,24.745986426061197
18,WEAgent4,FEMALE_YOUNG_LOW_INCOME,27,27.28732750778876,28,26.64952384345052
18,WEAgent9,MALE_OLD,36,32.95122355622581,36,32.95122355622581
18,WEAgent10,MALE_OLD_LOW_INCOME,25,25.405503199904,335,0.0
18,WEAgent7,FEMALE_OLD,39,42.99849312926257,46,40.15889955068692
18,WEAgent8,FEMALE_OLD,39,34.0477626625389,34,29.682664885290333
19,WEAgent1,MALE_YOUNG_HIGH_INCOME,8,7.864313978913388,8,7.423744447950101
19,WEAgent2,FEMALE_YOUNG_HIGH_INCOME,4,4.283700447902391,5,4.143627870646886
19,WEAgent0,FEMALE_HIGH_INCOME,10,9.461952494015765,11,9.115981315423149
19,WEAgent5,MALE_OLD_HIGH_INCOME,12,12.112296023089497,13,11.725190530127026
19,WEAgent6,MALE_YOUNG,33,38.848346553724774,80,31.550913903787926
19,WEAgent3,MALE_LOW_INCOME,50,57.931333563909035,362,0.0
19,WEAgent4,MALE_YOUNG,33,30.622945847794174,33,30.622945847794163
19,WEAgent9,FEMALE_YOUNG,31,25.690492798010695,27,8.287255741293771
19,WEAgent10,MALE_OLD,36,32.469758391121005,134,25.254256526427433
19,WEAgent7,MALE_OLD_HIGH_INCOME,12,11.729672380541341,13,11.725190530127026
19,WEAgent8,OLD_HIGH_INCOME,17,18.677822007450036,72,0.0
20,WEAgent1,OLD_HIGH_INCOME,17,17.46446307682009,55,11.740856481115168
20,WEAgent2,FEMALE_HIGH_INCOME,10,10.443064655744228,13,10.346959460058535
20,WEAgent0,MALE_OLD,36,37.74041143344008,143,10.83771367487554
20,WEAgent5,MALE_OLD_HIGH_INCOME,12,11.954105766554747,13,11.740856481115168
20,WEAgent6,MALE_YOUNG_HIGH_INCOME,8,9.527655976965832,98,0.0
20,WEAgent3,MALE_LOW_INCOME,50,57.97667244928886,336,35.22256944334551
20,WEAgent4,FEMALE_YOUNG,31,24.67351871244728,34,7.163279626194371
20,WEAgent9,MALE_OLD_LOW_INCOME,25,22.578570155990704,24,21.675427349751082
20,WEAgent10,MALE_YOUNG_LOW_INCOME,26,30.92984638691709,366,0.0
20,WEAgent7,OLD_HIGH_INCOME,17,17.620954399766827,19,17.15971331855294
20,WEAgent8,FEMALE_OLD_LOW_INCOME,33,25.848353584624714,475,0.0
21,WEAgent1,OLD_LOW_INCOME,58,53.808813733593475,57,52.881075565772946
21,WEAgent2,FEMALE_LOW_INCOME,60,56.388817249786705,355,30.60257794333167
21,WEAgent0,FEMALE_YOUNG_LOW_INCOME,27,25.0384728627259,26,24.11112201595828
21,WEAgent5,FEMALE_HIGH_INCOME,10,8.247417554094845,10,8.247417554094845
21,WEAgent6,FEMALE_OLD,39,35.59872709260128,82,0.0
21,WEAgent3,MALE_HIGH_INCOME,19,21.50374646282289,89,0.0
21,WEAgent4,YOUNG_HIGH_INCOME,11,11.610440681598076,14,11.54638457573278
21,WEAgent9,MALE_LOW_INCOME,50,57.38328020232958,344,46.386908391028896
21,WEAgent10,MALE_OLD,36,41.50825780003507,165,13.916072517308653
21,WEAgent7,FEMALE_YOUNG,31,29.840020684667866,36,4.948450532456907
21,WEAgent8,MALE_OLD_HIGH_INCOME,12,14.322550060368684,15,13.916072517308653
22,WEAgent1,FEMALE_YOUNG_HIGH_INCOME,4,4.378385731912553,5,4.136818119566207
22,WEAgent2,MALE_OLD,36,39.967828098793596,162,0.0
22,WEAgent0,MALE_HIGH_INCOME,19,16.31316753499106,19,15.719908854351583
22,WEAgent5,YOUNG_HIGH_INCOME,11,11.187518579584768,51,9.100999863045654
22,WEAgent6,MALE_LOW_INCOME,50,50.38181763265384,49,49.374181280000805
22,WEAgent3,MALE_HIGH_INCOME,19,15.719908854351587,106,9.100999863045654
22,WEAgent4,FEMALE_OLD_LOW_INCOME,33,34.38296817869024,34,34.20454172280342
22,WEAgent9,FEMALE_OLD_LOW_INCOME,33,33.198525789779794,435,32.19250985675615
22,WEAgent10,FEMALE_OLD,39,40.38195317887785,80,0.0
22,WEAgent7,MALE_LOW_INCOME,50,57.231367261778026,282,29.22145422693922
22,WEAgent8,FEMALE_YOUNG_HIGH_INCOME,4,4.096217242041927,4,3.3094544956529655
23,WEAgent1,FEMALE_OLD_LOW_INCOME,33,29.69327387573086,461,26.094089163521062
23,WEAgent2,FEMALE_HIGH_INCOME,10,10.179466645361337,12,9.901454873365012
23,WEAgent0,MALE_LOW_INCOME,50,52.92715378362456,306,41.390624190412694
23,WEAgent5,MALE_OLD_HIGH_INCOME,12,11.784532310070961,13,11.69735031468185
23,WEAgent6,OLD_LOW_INCOME,58,55.61071382354549,61,54.88756686119941
23,WEAgent3,MALE_YOUNG_LOW_INCOME,26,28.205154042352298,337,0.0
23,WEAgent4,MALE_OLD,36,34.5707080990836,174,14.396738848839199
23,WEAgent9,FEMALE_OLD,39,37.42244795777991,57,8.251212394470844
23,WEAgent10,FEMALE_OLD_LOW_INCOME,33,33.30178058521783,37,33.292458587940665
23,WEAgent7,YOUNG_HIGH_INCOME,11,9.076333633917926,46,0.0
23,WEAgent8,FEMALE_HIGH_INCOME,10,8.98324053236751,10,8.251212394470844
24,WEAgent1,FEMALE_YOUNG_LOW_INCOME,27,32.55094674194493,412,0.0
24,WEAgent2,FEMALE_YOUNG,31,30.0387753846223,49,7.75194203474124
24,WEAgent0,YOUNG_HIGH_INCOME,11,11.476996079712366,11,10.658920297769203
24,WEAgent5,MALE_YOUNG_HIGH_INCOME,8,9.103020456190547,98,7.75194203474124
24,WEAgent6,YOUNG_HIGH_INCOME,11,11.455693226628675,11,10.658920297769203
24,WEAgent3,FEMALE_OLD_HIGH_INCOME,6,6.881648313116683,7,6.380202947962996
24,WEAgent4,OLD_LOW_INCOME,58,53.97362029300441,283,31.90101473981497
24,WEAgent9,MALE_LOW_INCOME,50,45.57287819973569,49,44.661420635740996
24,WEAgent10,MALE_OLD,36,39.204336603072875,146,0.0
24,WEAgent7,FEMALE_YOUNG_HIGH_INCOME,4,4.346014990201326,0,0.0
24,WEAgent8,OLD_HIGH_INCOME,17,16.757381287095594,69,6.380202947962996
25,WEAgent1,FEMALE_OLD,39,39.998394361697365,38,33.361683857829654
25,WEAgent2,MALE_OLD_HIGH_INCOME,12,10.873902397846933,12,10.873902397846933
25,WEAgent0,FEMALE_YOUNG_HIGH_INCOME,4,4.424304418539356,63,0.0
25,WEAgent5,MALE_YOUNG,33,32.0634528810467,102,10.687817627015567
25,WEAgent6,MALE_OLD_HIGH_INCOME,12,11.554605148571786,159,10.873902397846933
25,WEAgent3,MALE_LOW_INCOME,50,55.107958722198596,349,23.32975567336135
25,WEAgent4,MALE_YOUNG_HIGH_INCOME,8,7.838043740415566,8,7.7729582741931385
25,WEAgent9,MALE_YOUNG_LOW_INCOME,26,28.613945147479026,351,0.0
25,WEAgent10,MALE_OLD_LOW_INCOME,25,26.511085992456074,24,25.450642552757838
25,WEAgent7,FEMALE_OLD,39,34.239622906719895,38,33.361683857829654
25,WEAgent8,FEMALE_LOW_INCOME,60,47.42729888190705,397,0.0
26,WEAgent1,MALE_YOUNG,33,35.04216361735984,99,8.764632009359643
26,WEAgent2,FEMALE_HIGH_INCOME,10,10.063600403268389,66,7.662310401393092
26,WEAgent0,MALE_OLD_HIGH_INCOME,12,13.8077257453596,123,5.840416253151394
26,WEAgent5,FEMALE_YOUNG_LOW_INCOME,27,24.02376315295681,27,24.023763152956807
26,WEAgent6,MALE_YOUNG_HIGH_INCOME,8,7.011705607487716,8,7.011705607487714
26,WEAgent3,MALE_OLD_HIGH_INCOME,12,12.426713766281846,14,11.680832506302792
26,WEAgent4,FEMALE_YOUNG_HIGH_INCOME,4,3.8311552006965455,4,3.8311552006965455
26,WEAgent9,YOUNG_LOW_INCOME,53,55.86806443467258,62,55.16567835123412
26,WEAgent10,MALE_OLD_HIGH_INCOME,12,10.012142148259535,12,10.012142148259535
26,WEAgent7,FEMALE_LOW_INCOME,60,62.40891800631937,276,57.83498536822932
26,WEAgent8,OLD_LOW_INCOME,58,65.13172424055135,381,0.0
27,WEAgent1,FEMALE_LOW_INCOME,60,64.55276178749932,318,46.10832735356487
27,WEAgent2,FEMALE_OLD_LOW_INCOME,33,32.028778412736884,33,32.02877841273688
27,WEAgent0,OLD_LOW_INCOME,58,54.27858073416607,333,40.24101675119211
27,WEAgent5,YOUNG_LOW_INCOME,53,50.91127811956121,52,49.95068796636195
27,WEAgent6,MALE_YOUNG_LOW_INCOME,26,25.453206306846393,335,0.0
27,WEAgent3,MALE_YOUNG,33,40.44170368992117,133,0.0
27,WEAgent4,FEMALE_OLD_LOW_INCOME,33,42.98597953912115,395,38.82276171240836
27,WEAgent9,FEMALE_YOUNG_HIGH_INCOME,4,4.366278894267789,56,0.0
27,WEAgent10,FEMALE_OLD_LOW_INCOME,33,33.75523541601361,34,32.99934745554709
27,WEAgent7,MALE_LOW_INCOME,50,52.03867733511148,55,51.47106793757134
27,WEAgent8,MALE_OLD_HIGH_INCOME,12,11.536593397117509,157,0.0
28,WEAgent1,FEMALE_HIGH_INCOME,10,10.380337957335323,44,9.867585783921587
28,WEAgent2,MALE_OLD_HIGH_INCOME,12,12.812188896166887,14,12.558745543172934
28,WEAgent0,FEMALE_OLD,39,39.839528019491944,55,26.014544339429627
28,WEAgent5,FEMALE_YOUNG_LOW_INCOME,27,24.683937443156715,26,23.76971753785462
28,WEAgent6,OLD_HIGH_INCOME,17,15.365760120789231,17,15.249905302424274
28,WEAgent3,OLD_HIGH_INCOME,17,17.586233081784957,19,17.044011808591833
28,WEAgent4,FEMALE_YOUNG_HIGH_INCOME,4,3.899219646637289,4,3.5882130123351224
28,WEAgent9,MALE_YOUNG_LOW_INCOME,26,25.476258617078017,358,0.0
28,WEAgent10,FEMALE_LOW_INCOME,60,61.60107632705801,354,29.255036969667227
28,WEAgent7,OLD_HIGH_INCOME,17,15.249905302424272,16,14.352852049340495
28,WEAgent8,MALE_OLD,36,35.55329006508765,135,14.352852049340497
29,WEAgent1,MALE_YOUNG_LOW_INCOME,26,29.044237337513877,33,28.71880481919719
29,WEAgent2,MALE_OLD_LOW_INCOME,25,22.325752501181864,365,0.0
29,WEAgent0,FEMALE_OLD_HIGH_INCOME,6,5.905120984938108,6,5.555549979742218
29,WEAgent5,MALE_OLD_HIGH_INCOME,12,13.180975709782913,169,0.0
29,WEAgent6,OLD_HIGH_INCOME,17,15.74072494260295,69,8.333324969613328
29,WEAgent3,FEMALE_YOUNG,31,30.922067409276643,61,0.0
29,WEAgent4,YOUNG_LOW_INCOME,53,53.19476668055205,61,53.08627557487962
29,WEAgent9,MALE_YOUNG_LOW_INCOME,26,30.48224965833169,35,30.459338444603077
29,WEAgent10,MALE_LOW_INCOME,50,43.51334063514729,50,43.51334063514724
29,WEAgent7,FEMALE_OLD_HIGH_INCOME,6,7.1925661293719525,7,6.481474976365921
29,WEAgent8,MALE_LOW_INCOME,50,47.239485422660486,192,46.12414107325607
30,WEAgent1,MALE_OLD_LOW_INCOME,25,24.743847563536555,25,24.65312023156212
30,WEAgent2,FEMALE_OLD,39,38.509138176129056,83,0.0
30,WEAgent0,MALE_LOW_INCOME,50,59.987708590770026,266,55.22298931869915
30,WEAgent5,FEMALE_YOUNG,31,30.966388507119976,75,0.0
30,WEAgent6,MALE_OLD_HIGH_INCOME,12,8.492132338614383,164,0.0
30,WEAgent3,MALE_YOUNG,33,28.540218962249938,82,10.378261440818159
30,WEAgent4,FEMALE_LOW_INCOME,60,59.17101221898358,62,58.3698551645221
30,WEAgent9,YOUNG_LOW_INCOME,53,49.896811672897925,53,49.896811672897925
30,WEAgent10,MALE_YOUNG_HIGH_INCOME,8,8.086279671985434,9,7.783696080613619
30,WEAgent7,FEMALE_LOW_INCOME,60,63.956503131726784,279,62.13565227191062
30,WEAgent8,MALE_LOW_INCOME,50,49.30624046312424,50,49.30624046312424
31,WEAgent1,YOUNG_LOW_INCOME,53,62.645865827480094,218,58.33886475091352
31,WEAgent2,MALE_YOUNG_HIGH_INCOME,8,8.592376504029843,9,8.303589723701831
31,WEAgent0,FEMALE_OLD_HIGH_INCOME,6,5.651242326156607,88,0.0
31,WEAgent5,MALE_YOUNG_LOW_INCOME,26,25.82553635179993,29,25.251150414574514
31,WEAgent6,YOUNG_HIGH_INCOME,11,10.212505985317234,61,0.0
31,WEAgent3,FEMALE_OLD_LOW_INCOME,33,34.0338952671889,512,0.0
31,WEAgent4,FEMALE_LOW_INCOME,60,62.380137645912676,318,44.40719555666552
31,WEAgent9,FEMALE_LOW_INCOME,60,52.243759478430064,60,52.24375947843002
31,WEAgent10,MALE_LOW_INCOME,50,53.10696737029468,60,52.24375947843002
31,WEAgent7,MALE_LOW_INCOME,50,56.491957663333096,64,55.72667677699202
31,WEAgent8,MALE_HIGH_INCOME,19,17.52980052781498,78,9.226210804113146
32,WEAgent1,FEMALE_HIGH_INCOME,10,11.075274895265038,12,10.380765850475582
32,WEAgent2,FEMALE_OLD_LOW_INCOME,33,33.207372749125184,34,32.94097559513736
32,WEAgent0,FEMALE_OLD,39,33.73748901404564,55,11.245829671348547
32,WEAgent5,FEMALE_OLD_LOW_INCOME,33,31.972123371750985,466,26.159010031432615
32,WEAgent6,FEMALE_YOUNG_LOW_INCOME,27,24.671675927289662,377,0.0
32,WEAgent3,MALE_YOUNG,33,28.47652963539528,75,20.710203371196567
32,WEAgent4,FEMALE_HIGH_INCOME,10,9.138845857509141,10,8.650638208729651
32,WEAgent9,MALE_LOW_INCOME,50,52.515768173330656,308,46.443895905355
32,WEAgent10,MALE_HIGH_INCOME,19,20.63953559899018,23,19.847278230730044
32,WEAgent7,OLD_HIGH_INCOME,17,15.538100815931553,17,14.706084954840408
32,WEAgent8,MALE_LOW_INCOME,50,50.482495549298946,50,50.48249554929891
33,WEAgent1,FEMALE_OLD_HIGH_INCOME,6,4.991554813963439,0,0.0
33,WEAgent2,FEMALE_YOUNG_LOW_INCOME,27,24.42935001112572,399,0.0
33,WEAgent0,FEMALE_YOUNG_HIGH_INCOME,4,3.8518227962040563,46,0.0
33,WEAgent5,MALE_YOUNG_LOW_INCOME,26,24.40411076055255,26,23.524559269972926
33,WEAgent6,MALE_OLD,36,37.61198061331892,176,0.0
33,WEAgent3,MALE_LOW_INCOME,50,48.08223862650452,53,47.9539092810986
33,WEAgent4,FEMALE_OLD,39,37.305734059208476,497,20.087702954958406
33,WEAgent9,YOUNG_LOW_INCOME,53,51.97127910770182,356,20.81018704651451
33,WEAgent10,OLD_LOW_INCOME,58,63.421155571891575,294,54.287444469168214
33,WEAgent7,FEMALE_OLD,39,39.49714894739115,31,29.653275790652895
33,WEAgent8,FEMALE_OLD,39,43.04417086325733,21,20.087702954958406
34,WEAgent1,OLD_LOW_INCOME,58,56.925463932399374,66,56.67736419046588
34,WEAgent2,OLD_HIGH_INCOME,17,15.531319028036735,16,14.61771202638752
34,WEAgent0,MALE_YOUNG_HIGH_INCOME,8,6.922072606755767,8,6.8699835382383
34,WEAgent5,FEMALE_YOUNG_LOW_INCOME,27,25.720831222558935,389,0.0
34,WEAgent6,FEMALE_OLD_HIGH_INCOME,6,6.439248678448051,7,6.395249011544539
34,WEAgent3,YOUNG_LOW_INCOME,53,45.51364094082873,289,40.36115328714998
34,WEAgent4,MALE_YOUNG,33,29.16850098707802,106,6.011235595958512
34,WEAgent9,MALE_OLD_LOW_INCOME,25,25.97131718866104,30,25.762438268393627
34,WEAgent10,FEMALE_OLD,39,38.78463271254732,64,20.099354036282833
34,WEAgent7,MALE_LOW_INCOME,50,54.50406519712421,281,54.10112036362653
34,WEAgent8,YOUNG_LOW_INCOME,53,53.51412747688103,62,53.242372421346744
35,WEAgent1,MALE_HIGH_INCOME,19,18.04465470508013,92,8.54746801819585
35,WEAgent2,FEMALE_YOUNG_LOW_INCOME,27,28.844704159354503,36,28.37832941832501
35,WEAgent0,FEMALE_OLD_HIGH_INCOME,6,7.073284475036317,69,0.0
35,WEAgent5,MALE_YOUNG_HIGH_INCOME,8,7.973566119684574,8,7.597749349507423
35,WEAgent6,FEMALE_LOW_INCOME,60,68.6683595804881,301,45.720641840634784
35,WEAgent3,MALE_YOUNG_HIGH_INCOME,8,8.281854882195436,8,7.597749349507423
35,WEAgent4,YOUNG_HIGH_INCOME,11,10.221666773859697,13,9.86023980495576
35,WEAgent9,FEMALE_HIGH_INCOME,10,7.584799849965969,46,6.067839879972775
35,WEAgent10,FEMALE_OLD_LOW_INCOME,33,29.253960815355562,492,0.0
35,WEAgent7,YOUNG_LOW_INCOME,53,41.779207199200734,52,40.99092027091393
35,WEAgent8,MALE_YOUNG_LOW_INCOME,26,29.35794900783551,379,0.0
36,WEAgent1,FEMALE_HIGH_INCOME,10,8.757577389841073,9,7.8818196508569685
36,WEAgent2,MALE_YOUNG,33,30.23749898504696,99,7.949879370149918
36,WEAgent0,FEMALE_YOUNG_LOW_INCOME,27,25.075780339517113,385,0.0
36,WEAgent5,MALE_HIGH_INCOME,19,18.125763400755236,20,17.66639860033315
36,WEAgent6,MALE_YOUNG_LOW_INCOME,26,23.6613381991134,26,22.966318180433095
36,WEAgent3,FEMALE_YOUNG,31,28.15891249754552,24,17.515154779682153
36,WEAgent4,YOUNG_LOW_INCOME,53,58.79995664162444,339,21.19967832039978
36,WEAgent9,MALE_YOUNG_LOW_INCOME,26,22.966318180433092,25,22.082998250416438
36,WEAgent10,FEMALE_OLD,39,42.273958024782154,101,0.0
36,WEAgent7,FEMALE_HIGH_INCOME,10,10.462937755092465,11,9.633335128825184
36,WEAgent8,MALE_OLD_HIGH_INCOME,12,12.096924843817284,146,0.0
37,WEAgent1,YOUNG_HIGH_INCOME,11,8.317933198509506,54,1.512351490638092
37,WEAgent2,MALE_YOUNG_LOW_INCOME,26,23.214511468711425,26,22.516397012359587
37,WEAgent0,MALE_YOUNG_LOW_INCOME,26,25.579764108709316,325,19.91835120324117
37,WEAgent5,MALE_YOUNG,33,33.789007008312645,95,0.0
37,WEAgent6,MALE_YOUNG_LOW_INCOME,26,22.516397012359583,25,21.650381742653448
37,WEAgent3,FEMALE_YOUNG_LOW_INCOME,27,30.66643974416648,28,29.76445507623729
37,WEAgent4,FEMALE_OLD_HIGH_INCOME,6,5.681011139564079,76,0.0
37,WEAgent9,FEMALE_YOUNG_HIGH_INCOME,4,3.519951309588289,4,3.024702981276184
37,WEAgent10,FEMALE_LOW_INCOME,60,63.7809751633656,335,34.016520087128335
37,WEAgent7,OLD_LOW_INCOME,58,56.66860003669942,369,0.0
37,WEAgent8,MALE_OLD,36,43.68945341712678,174,0.0
38,WEAgent1,MALE_YOUNG,33,30.442082805920528,49,20.105125930320188
38,WEAgent2,MALE_YOUNG_HIGH_INCOME,8,6.892716307218822,10,6.485524493651677
38,WEAgent0,OLD_HIGH_INCOME,17,17.504471882263775,69,0.9948719635771377
38,WEAgent5,MALE_LOW_INCOME,50,44.42715044923905,50,43.67970660247712
38,WEAgent6,MALE_OLD_LOW_INCOME,25,21.83985330123857,24,20.966259169189037
38,WEAgent3,MALE_HIGH_INCOME,19,20.418002274476798,31,20.105125930320188
38,WEAgent4,FEMALE_HIGH_INCOME,10,9.938851144978312,11,9.266711385973396
38,WEAgent9,MALE_LOW_INCOME,50,54.872736722433885,280,53.28924205502206
38,WEAgent10,FEMALE_OLD_HIGH_INCOME,6,5.969231781462827,6,5.969231781462827
38,WEAgent7,FEMALE_YOUNG,31,26.11527754228866,42,17.69099446413103
38,WEAgent8,MALE_HIGH_INCOME,19,12.322496537938184,18,11.673944088573018
39,WEAgent1,YOUNG_LOW_INCOME,53,53.89117719057858,281,43.963523164441156
39,WEAgent2,MALE_OLD,36,40.195802854913445,68,30.178358966450737
39,WEAgent0,MALE_YOUNG_HIGH_INCOME,8,8.603601067040737,98,0.0
39,WEAgent5,FEMALE_YOUNG_HIGH_INCOME,4,3.8461577083189398,4,3.8461577083189398
39,WEAgent6,YOUNG_LOW_INCOME,53,49.57588782373149,52,48.64049371384979
39,WEAgent3,MALE_OLD,36,31.697146551090164,37,31.016646715518814
39,WEAgent4,FEMALE_OLD_LOW_INCOME,33,33.595745909776724,482,0.0
39,WEAgent9,YOUNG_HIGH_INCOME,11,11.607216066977852,52,5.76923656247841
39,WEAgent10,MALE_OLD,36,37.92685681989872,45,37.7229487080634
39,WEAgent7,MALE_OLD_HIGH_INCOME,12,10.059452988816908,12,10.059452988816908
39,WEAgent8,MALE_YOUNG_LOW_INCOME,26,25.8505734728093,27,25.255640966806613
40,WEAgent1,MALE_YOUNG,33,30.274671736543432,33,29.95096856625801
40,WEAgent2,YOUNG_HIGH_INCOME,11,10.112244513700187,11,9.983656188752674
40,WEAgent0,MALE_OLD_LOW_INCOME,25,19.16931484966416,25,19.169314849664158
40,WEAgent5,FEMALE_OLD,39,43.154429603367475,73,12.791994532874098
40,WEAgent6,MALE_YOUNG_HIGH_INCOME,8,7.260840864547398,8,7.260840864547398
40,WEAgent3,OLD_HIGH_INCOME,17,18.249423593116223,17,18.12199225490497
40,WEAgent4,FEMALE_YOUNG_LOW_INCOME,27,28.96258343440706,403,26.98461598570686
40,WEAgent9,OLD_LOW_INCOME,58,63.550312439167925,354,19.169314849664158
40,WEAgent10,MALE_OLD_HIGH_INCOME,12,12.791994532874098,145,0.0
40,WEAgent7,MALE_YOUNG,33,34.77801202583157,34,29.95096856625801
40,WEAgent8,FEMALE_YOUNG_LOW_INCOME,27,26.984615985706856,26,25.985185764014012
41,WEAgent1,FEMALE_YOUNG_LOW_INCOME,27,27.023684435305974,413,0.0
41,WEAgent2,FEMALE_YOUNG_HIGH_INCOME,4,4.25006359117558,4,3.5795998530125916
41,WEAgent0,MALE_YOUNG_LOW_INCOME,26,25.143017032081485,320,19.340782332370377
41,WEAgent5,MALE_YOUNG,33,34.486047683372306,105,6.7692738163296315
41,WEAgent6,FEMALE_OLD_HIGH_INCOME,6,6.741204675934775,72,0.0
41,WEAgent3,MALE_YOUNG_LOW_INCOME,26,30.447385076466865,31,29.978212615174087
41,WEAgent4,MALE_YOUNG_HIGH_INCOME,8,8.633868753945967,8,7.736312932948151
41,WEAgent9,MALE_OLD_HIGH_INCOME,12,10.934462390674677,12,10.934462390674677
41,WEAgent10,MALE_OLD,36,34.96986286129715,130,12.756872789120456
41,WEAgent7,FEMALE_YOUNG_HIGH_INCOME,4,3.5795998530125916,4,3.5795998530125916
41,WEAgent8,YOUNG_HIGH_INCOME,11,11.375149853700876,39,5.369399779518887
42,WEAgent1,FEMALE_LOW_INCOME,60,66.91196932850471,185,51.372414700799034
42,WEAgent2,MALE_YOUNG,33,32.411479681418975,66,29.80031463589136
42,WEAgent0,FEMALE_YOUNG_LOW_INCOME,27,24.33430170037851,26,23.43303126703117
42,WEAgent5,OLD_LOW_INCOME,58,55.48317775369815,326,0.0
42,WEAgent6,YOUNG_LOW_INCOME,53,53.88189786193724,59,53.17495556749373
42,WEAgent3,MALE_OLD,36,32.71216818545419,165,0.0
42,WEAgent4,FEMALE_YOUNG_LOW_INCOME,27,25.560589333487012,28,25.235572133725874
42,WEAgent9,MALE_YOUNG,33,30.73157446826294,32,29.80031463589136
42,WEAgent10,FEMALE_YOUNG_LOW_INCOME,27,27.84194112019708,30,27.03811300042058
42,WEAgent7,YOUNG_LOW_INCOME,53,54.09251497235639,60,54.07622600084108
42,WEAgent8,FEMALE_HIGH_INCOME,10,10.325092509005584,59,0.0
43,WEAgent1,MALE_YOUNG_HIGH_INCOME,8,7.841236551835059,9,7.39344555730809
43,WEAgent2,FEMALE_YOUNG_HIGH_INCOME,4,4.599254204001486,0,0.0
43,WEAgent0,FEMALE_YOUNG,31,33.582936192389944,33,28.947681416391934
43,WEAgent5,MALE_YOUNG,33,27.109300376796334,99,7.39344555730809
43,WEAgent6,FEMALE_OLD,39,37.623852698719084,40,26.3512381325357
43,WEAgent3,OLD_HIGH_INCOME,17,14.450678975906666,17,14.450678975906664
43,WEAgent4,FEMALE_HIGH_INCOME,10,8.91530302001982,10,8.500399397592158
43,WEAgent9,MALE_OLD,36,39.92606069219955,169,0.0
43,WEAgent10,FEMALE_OLD_HIGH_INCOME,6,5.671484497501281,6,5.100239638555294
43,WEAgent7,FEMALE_YOUNG,31,27.19327648206513,438,21.052859211921398
43,WEAgent8,FEMALE_YOUNG_HIGH_INCOME,4,4.239488951336203,0,0.0
44,WEAgent1,FEMALE_LOW_INCOME,60,68.3818623277788,359,22.816580489193402
44,WEAgent2,MALE_YOUNG,33,26.139158228149434,103,10.297244150483108
44,WEAgent0,FEMALE_OLD_HIGH_INCOME,6,5.926617360496597,70,0.0
44,WEAgent5,FEMALE_YOUNG_HIGH_INCOME,4,3.959733828791361,4,3.434109057016064
44,WEAgent6,MALE_OLD_HIGH_INCOME,12,12.02910961146144,167,0.0
44,WEAgent3,FEMALE_OLD_LOW_INCOME,33,35.1818933720414,482,0.0
44,WEAgent4,FEMALE_YOUNG_LOW_INCOME,27,28.002166964010076,26,26.965049669046753
44,WEAgent9,MALE_YOUNG_LOW_INCOME,26,26.749615688837583,376,0.0
44,WEAgent10,MALE_YOUNG_HIGH_INCOME,8,7.822116784912176,9,7.128861334949844
44,WEAgent7,MALE_LOW_INCOME,50,55.56223416431942,353,0.0
44,WEAgent8,FEMALE_YOUNG,31,26.6143451918745,51,2.575581792762048
45,WEAgent1,YOUNG_LOW_INCOME,53,53.08666086704446,330,33.10400633762873
45,WEAgent2,YOUNG_LOW_INCOME,53,48.736453774842275,53,48.736453774842246
45,WEAgent0,MALE_OLD_LOW_INCOME,25,23.4389933237865,25,22.988893290019956
45,WEAgent5,YOUNG_HIGH_INCOME,11,11.197758512356062,13,10.782452006040279
45,WEAgent6,YOUNG_HIGH_INCOME,11,11.055152314748176,13,10.782452006040279
45,WEAgent3,FEMALE_YOUNG,31,35.14776233019243,34,18.24722647176047
45,WEAgent4,MALE_LOW_INCOME,50,56.668485485148764,299,29.425783411225545
45,WEAgent9,FEMALE_OLD_LOW_INCOME,33,28.191620668119146,483,0.0
45,WEAgent10,MALE_OLD,36,34.965918338130024,152,0.0
45,WEAgent7,MALE_HIGH_INCOME,19,15.758968316520413,95,13.270710161280341
45,WEAgent8,FEMALE_YOUNG_LOW_INCOME,27,25.35288352653749,420,0.0
46,WEAgent1,FEMALE_YOUNG_LOW_INCOME,27,21.028979756597423,406,0.0
46,WEAgent2,MALE_OLD_LOW_INCOME,25,24.5696048866184,31,24.38892971498123
46,WEAgent0,OLD_HIGH_INCOME,17,16.16435753641604,17,15.619240587639379
46,WEAgent5,MALE_LOW_INCOME,50,49.77876098503135,195,40.910462747710476
46,WEAgent6,MALE_YOUNG_HIGH_INCOME,8,9.191095660394877,86,0.0
46,WEAgent3,MALE_OLD_LOW_INCOME,25,19.66849170563001,24,18.881752037404816
46,WEAgent4,FEMALE_OLD,39,35.83237546576091,68,16.538019445735813
46,WEAgent9,YOUNG_HIGH_INCOME,11,11.214204061027395,52,0.0
46,WEAgent10,MALE_LOW_INCOME,50,41.73150790379885,53,41.69720241593568
46,WEAgent7,MALE_YOUNG_LOW_INCOME,26,27.851046377140232,368,0.0
46,WEAgent8,MALE_OLD_LOW_INCOME,25,25.35287612869411,32,25.175669383206433
47,WEAgent1,MALE_OLD,36,35.91607657477196,37,35.66667984890612
47,WEAgent2,FEMALE_OLD,39,41.52059659370811,77,11.033030459682992
47,WEAgent0,MALE_OLD,36,34.70271552866544,36,34.702715528665415
47,WEAgent5,MALE_OLD,36,37.52943958713609,49,28.91892960722118
47,WEAgent6,FEMALE_YOUNG_HIGH_INCOME,4,3.874534273234469,4,3.6776768198943306
47,WEAgent3,FEMALE_HIGH_INCOME,10,10.501150710947869,11,10.11361125470941
47,WEAgent4,YOUNG_LOW_INCOME,53,56.97047616284704,259,39.185446379449836
47,WEAgent9,MALE_YOUNG_LOW_INCOME,26,21.677055443950962,26,21.67705544395096
47,WEAgent10,FEMALE_YOUNG_HIGH_INCOME,4,3.6776768198943306,31,0.9194192049735826
47,WEAgent7,MALE_HIGH_INCOME,19,20.070906040753634,20,19.279286404814123
47,WEAgent8,MALE_LOW_INCOME,50,45.2186191462727,54,45.02157669128281
48,WEAgent1,FEMALE_OLD_HIGH_INCOME,6,5.762620439600939,6,5.562685170788651
48,WEAgent2,FEMALE_OLD_LOW_INCOME,33,35.256574041353566,456,26.931991108344636
48,WEAgent0,OLD_LOW_INCOME,58,65.06227677203618,280,58.79073534156538
48,WEAgent5,FEMALE_YOUNG,31,31.70511252655897,31,31.705112526558953
48,WEAgent6,FEMALE_YOUNG,31,35.169533862509624,48,5.11372782686435
48,WEAgent3,FEMALE_OLD_LOW_INCOME,33,34.18291179136049,32,33.14706597950109
48,WEAgent4,OLD_LOW_INCOME,58,56.83104416351318,57,55.85119857448711
48,WEAgent9,MALE_YOUNG_HIGH_INCOME,8,8.063070272190355,103,0.0
48,WEAgent10,FEMALE_YOUNG_LOW_INCOME,27,29.34955419161423,374,20.454911307457387
48,WEAgent7,FEMALE_OLD,39,36.15745361012623,77,2.7813425853943254
48,WEAgent8,FEMALE_YOUNG_HIGH_INCOME,4,4.269432191744837,0,0.0
49,WEAgent1,FEMALE_YOUNG_LOW_INCOME,27,30.143775609388914,32,29.793379062703487
49,WEAgent2,MALE_OLD_LOW_INCOME,25,26.01914385483756,25,26.019143854837548
49,WEAgent0,FEMALE_LOW_INCOME,60,55.86258574256907,372,28.862335966994003
49,WEAgent5,FEMALE_OLD,39,44.04012370635295,30,32.48856837243903
49,WEAgent6,MALE_OLD_LOW_INCOME,25,29.50654234132886,331,21.856080838063544
49,WEAgent3,MALE_HIGH_INCOME,19,22.57107993271883,110,0.0
49,WEAgent4,FEMALE_OLD,39,42.235138884170766,30,32.48856837243903
49,WEAgent9,MALE_YOUNG_LOW_INCOME,26,24.274441695859313,335,24.274441695859302
49,WEAgent10,YOUNG_HIGH_INCOME,11,13.058388159295767,52,0.0
49,WEAgent7,MALE_YOUNG_LOW_INCOME,26,29.04679062957415,31,28.942603560447623
49,WEAgent8,FEMALE_OLD_HIGH_INCOME,6,5.986909788870663,0,0.0
50,WEAgent1,MALE_OLD_HIGH_INCOME,12,10.578251426307661,11,9.696730474115359
50,WEAgent2,FEMALE_YOUNG_LOW_INCOME,27,29.78095052637607,31,29.558367614652457
50,WEAgent0,FEMALE_OLD,39,36.536509564030794,52,14.985856187269192
50,WEAgent5,MALE_YOUNG,33,31.56565449273584,37,30.885245435362254
50,WEAgent6,YOUNG_HIGH_INCOME,11,9.182099994296891,10,8.347363631178995
50,WEAgent3,OLD_HIGH_INCOME,17,19.95824784921708,22,19.393460948230715
50,WEAgent4,FEMALE_LOW_INCOME,60,57.209743770295034,345,35.27934199168196
50,WEAgent9,FEMALE_YOUNG_LOW_INCOME,27,27.43747579942919,28,26.6978804261377
50,WEAgent10,FEMALE_HIGH_INCOME,10,9.633958360614178,10,8.815209521923054
50,WEAgent7,MALE_OLD_HIGH_INCOME,12,11.08175160702199,163,6.170646665346137
50,WEAgent8,MALE_YOUNG,33,34.76133499642866,44,28.38103634600856
51,WEAgent1,MALE_OLD_HIGH_INCOME,12,11.391999270538333,12,11.39199927053833
51,WEAgent2,FEMALE_YOUNG_HIGH_INCOME,4,3.9702231190595874,48,0.0
51,WEAgent0,MALE_YOUNG_LOW_INCOME,26,22.237280630517958,332,0.0
51,WEAgent5,YOUNG_LOW_INCOME,53,47.72683436976964,59,46.952766034867864
51,WEAgent6,MALE_YOUNG_HIGH_INCOME,8,9.775344278396572,10,9.493332725448608
51,WEAgent3,FEMALE_LOW_INCOME,60,51.66072378351015,302,46.952766034867864
51,WEAgent4,FEMALE_LOW_INCOME,60,47.74857562867914,59,46.952766034867864
51,WEAgent9,MALE_YOUNG_HIGH_INCOME,8,9.44464181976781,9,8.543999452903748
51,WEAgent10,MALE_HIGH_INCOME,19,18.478647443846317,108,7.594666180358887
51,WEAgent7,MALE_OLD_HIGH_INCOME,12,14.553452540765775,157,4.746666362724305
51,WEAgent8,FEMALE_OLD,39,35.873395055804934,72,0.0
52,WEAgent1,MALE_YOUNG,33,38.976933889249885,21,17.59195274875631
52,WEAgent2,FEMALE_LOW_INCOME,60,71.7224507471619,369,17.86991742622176
52,WEAgent0,FEMALE_YOUNG_LOW_INCOME,27,29.603681564300913,29,28.79042252002393
52,WEAgent5,MALE_YOUNG,33,27.644497176617044,392,26.806785140962
52,WEAgent6,YOUNG_HIGH_INCOME,11,10.630061415074017,12,10.052544427860745
52,WEAgent3,MALE_YOUNG,33,30.504321359380484,20,16.754240713101247
52,WEAgent4,MALE_OLD,36,34.915796264071716,149,4.30147335408238
52,WEAgent9,MALE_OLD_HIGH_INCOME,12,10.323536049797712,12,10.323536049797712
52,WEAgent10,FEMALE_OLD_LOW_INCOME,33,32.76151528140656,478,0.0
52,WEAgent7,FEMALE_YOUNG,31,31.33097026803379,43,17.59195274875631
52,WEAgent8,MALE_YOUNG,33,33.23571475926859,24,20.105088855721498
53,WEAgent1,FEMALE_LOW_INCOME,60,58.510724647317346,60,58.510724647317296
53,WEAgent2,FEMALE_LOW_INCOME,60,70.62351400171792,365,69.23769083265884
53,WEAgent0,FEMALE_YOUNG_HIGH_INCOME,4,4.182521809251218,53,3.0414971381956555
53,WEAgent5,FEMALE_YOUNG_HIGH_INCOME,4,4.055329517594207,4,4.055329517594207
53,WEAgent6,MALE_OLD_LOW_INCOME,25,22.407159277615992,24,21.51087290651136
53,WEAgent3,MALE_YOUNG_LOW_INCOME,26,24.663359853456274,26,24.663359853456264
53,WEAgent4,MALE_OLD_LOW_INCOME,25,23.863839352748556,26,23.30344564872064
53,WEAgent9,MALE_YOUNG_LOW_INCOME,26,29.426365808301906,338,23.714769089861793
53,WEAgent10,MALE_HIGH_INCOME,19,19.489885367189906,82,8.91240234422919
53,WEAgent7,MALE_OLD_LOW_INCOME,25,26.714084399831602,314,25.99230476203456
53,WEAgent8,MALE_YOUNG_HIGH_INCOME,8,7.922135417092614,8,7.922135417092613
54,WEAgent1,FEMALE_OLD,39,45.29686311366938,75,14.778403852448793
54,WEAgent2,OLD_LOW_INCOME,58,58.26914007717189,183,58.016501535586144
54,WEAgent0,FEMALE_LOW_INCOME,60,55.114863134914316,388,29.394593671954315
54,WEAgent5,MALE_OLD_LOW_INCOME,25,24.070637958216917,29,23.696880908901424
54,WEAgent6,YOUNG_HIGH_INCOME,11,11.135539343673729,46,0.0
54,WEAgent3,OLD_LOW_INCOME,58,47.393761817802826,58,47.39376181780279
54,WEAgent4,OLD_HIGH_INCOME,17,16.748857699441963,16,15.76363077594538
54,WEAgent9,MALE_HIGH_INCOME,19,17.733175361768758,84,9.333250190404609
54,WEAgent10,MALE_YOUNG_HIGH_INCOME,8,9.137321318857838,9,8.399925171364147
54,WEAgent7,MALE_LOW_INCOME,50,57.52970080459335,70,57.19936771114127
54,WEAgent8,FEMALE_YOUNG_LOW_INCOME,27,26.968425447287427,29,26.638850515208595
55,WEAgent1,MALE_LOW_INCOME,50,54.4260205509957,282,50.81997529925621
55,WEAgent2,FEMALE_LOW_INCOME,60,59.92169404750888,361,45.92220096700542
55,WEAgent0,MALE_YOUNG_LOW_INCOME,26,27.115432538655995,358,0.0
55,WEAgent5,MALE_OLD_LOW_INCOME,25,26.02008077370666,26,25.409987649628135
55,WEAgent6,MALE_LOW_INCOME,50,48.86536086466947,50,48.865360864669434
55,WEAgent3,MALE_HIGH_INCOME,19,17.25211871404309,19,17.25211871404309
55,WEAgent4,FEMALE_YOUNG,31,31.513468458938558,47,4.685938874184229
55,WEAgent9,MALE_YOUNG,33,34.13444913203784,77,19.976137458365677
55,WEAgent10,MALE_OLD_HIGH_INCOME,12,13.309232087844283,139,0.0
55,WEAgent7,FEMALE_LOW_INCOME,60,56.23126649021076,60,56.2312664902107
55,WEAgent8,FEMALE_YOUNG_HIGH_INCOME,4,3.9148785421567407,4,3.7487510993473836
56,WEAgent1,FEMALE_OLD,39,38.595132412786185,84,0.0
56,WEAgent2,FEMALE_YOUNG,31,29.70688868887066,52,7.11306562980709
56,WEAgent0,MALE_LOW_INCOME,50,55.841273421999574,262,45.83032357813689
56,WEAgent5,MALE_OLD_LOW_INCOME,25,25.777427907652505,28,25.161746278192787
56,WEAgent6,MALE_OLD_LOW_INCOME,25,22.465844891243545,24,21.567211095593812
56,WEAgent3,MALE_YOUNG_HIGH_INCOME,8,9.385448766068201,116,0.0
56,WEAgent4,MALE_OLD,36,41.743643018682825,152,0.0
56,WEAgent9,YOUNG_LOW_INCOME,53,47.12405979747198,53,47.12405979747194
56,WEAgent10,FEMALE_LOW_INCOME,60,53.903514549157094,306,46.23492659374606
56,WEAgent7,FEMALE_YOUNG,31,29.6386603689841,33,29.341395722954264
56,WEAgent8,MALE_LOW_INCOME,50,53.543357634354955,59,53.01939394333484
57,WEAgent1,FEMALE_OLD_HIGH_INCOME,6,5.580574614586359,6,5.024895794055701
57,WEAgent2,MALE_YOUNG,33,35.62732315571714,101,0.0
57,WEAgent0,OLD_HIGH_INCOME,17,17.873287790849567,64,15.912170014509721
57,WEAgent5,YOUNG_HIGH_INCOME,11,10.418584526393735,49,1.8942880957079518
57,WEAgent6,OLD_HIGH_INCOME,17,14.89995277181658,17,14.237204749824487
57,WEAgent3,MALE_OLD,36,35.23820835417201,158,0.0
57,WEAgent4,MALE_OLD_LOW_INCOME,25,20.93706580856542,25,20.93706580856542
57,WEAgent9,FEMALE_OLD_LOW_INCOME,33,29.231482449358808,489,0.0
57,WEAgent10,MALE_YOUNG_LOW_INCOME,26,29.237747463014117,346,0.0
57,WEAgent7,FEMALE_YOUNG_HIGH_INCOME,4,3.9238624355332754,4,3.7885761914159035
57,WEAgent8,MALE_OLD_LOW_INCOME,25,23.674754145769025,329,12.562239485139253
58,WEAgent1,FEMALE_OLD_HIGH_INCOME,6,6.625355551244193,7,6.587676969782304
58,WEAgent2,FEMALE_HIGH_INCOME,10,11.644607825218793,31,8.469870389720105
58,WEAgent0,YOUNG_HIGH_INCOME,11,11.142471067880066,11,10.352063809657908
58,WEAgent5,FEMALE_OLD_HIGH_INCOME,6,6.530521509241653,6,5.646580259813404
58,WEAgent6,MALE_HIGH_INCOME,19,19.632713330663652,19,18.85628264903765
58,WEAgent3,OLD_LOW_INCOME,58,58.22524709450722,368,0.0
58,WEAgent4,MALE_YOUNG_LOW_INCOME,26,21.454860230749585,371,0.0
58,WEAgent9,FEMALE_OLD_HIGH_INCOME,6,5.646580259813404,6,5.646580259813404
58,WEAgent10,MALE_OLD_HIGH_INCOME,12,11.909231146760622,153,0.0
58,WEAgent7,MALE_HIGH_INCOME,19,20.88473915958747,80,19.848718577934367
58,WEAgent8,FEMALE_OLD_HIGH_INCOME,6,6.17213517195832,54,3.7643868398756024
59,WEAgent1,FEMALE_YOUNG_LOW_INCOME,27,26.7142094213447,388,0.0
59,WEAgent2,MALE_HIGH_INCOME,19,19.739626903018518,97,0.0
59,WEAgent0,MALE_OLD_HIGH_INCOME,12,11.326714558807415,166,0.0
59,WEAgent5,FEMALE_YOUNG,31,35.09125480287695,36,6.401715897762566
59,WEAgent6,OLD_HIGH_INCOME,17,15.547024323137663,85,1.8290616850750192
59,WEAgent3,FEMALE_YOUNG_HIGH_INCOME,4,4.439266355364609,0,0.0
59,WEAgent4,MALE_YOUNG_LOW_INCOME,26,28.275224186495954,337,25.023576591514257
59,WEAgent9,FEMALE_HIGH_INCOME,10,10.297430578383683,11,10.059839267912603
59,WEAgent10,MALE_YOUNG_LOW_INCOME,26,25.023576591514264,26,25.023576591514257
59,WEAgent7,YOUNG_HIGH_INCOME,11,10.588455368240746,11,10.059839267912603
59,WEAgent8,FEMALE_OLD_HIGH_INCOME,6,6.825599463979899,7,6.401715897762566
60,WEAgent1,MALE_YOUNG_HIGH_INCOME,8,8.204444791601514,9,7.902975279544508
60,WEAgent2,FEMALE_YOUNG_LOW_INCOME,27,26.37597909981245,30,26.34325093181503
60,WEAgent0,FEMALE_OLD_HIGH_INCOME,6,5.985053325105941,6,5.268650186363005
60,WEAgent5,MALE_OLD_LOW_INCOME,25,24.451582035082712,27,23.708925838633526
60,WEAgent6,FEMALE_LOW_INCOME,60,60.250522507513445,347,15.805950559089009
60,WEAgent3,MALE_YOUNG_HIGH_INCOME,8,8.234028907597061,9,7.902975279544508
60,WEAgent4,OLD_LOW_INCOME,58,64.32034182530144,331,27.221359296208867
60,WEAgent9,OLD_HIGH_INCOME,17,17.291566116186928,72,5.268650186363005
60,WEAgent10,MALE_HIGH_INCOME,19,18.587335544757646,76,4.390541821969171
60,WEAgent7,MALE_OLD,36,32.99013415459495,162,0.0
60,WEAgent8,FEMALE_OLD_LOW_INCOME,33,28.977576024996523,480,0.0
61,WEAgent1,YOUNG_HIGH_INCOME,11,12.523438083348742,13,11.540578306128088
61,WEAgent2,FEMALE_YOUNG,31,27.519840576151594,23,20.417946233918926
61,WEAgent0,MALE_OLD,36,33.124907193805214,39,33.07454967781651
61,WEAgent5,FEMALE_OLD,39,36.653522979793976,72,8.480653763542687
61,WEAgent6,MALE_LOW_INCOME,50,42.40326881771343,340,23.745830537919538
61,WEAgent3,MALE_OLD,36,34.587605908603194,101,27.98615741969089
61,WEAgent4,YOUNG_LOW_INCOME,53,54.102185437744495,53,53.589047409257894
61,WEAgent9,MALE_OLD_LOW_INCOME,25,22.206125087083585,26,22.049699785210997
61,WEAgent10,FEMALE_LOW_INCOME,60,60.66684612368822,333,58.64461791956524
61,WEAgent7,OLD_HIGH_INCOME,17,16.607639834650712,19,16.113242150731104
61,WEAgent8,MALE_OLD_HIGH_INCOME,12,12.973359272412388,15,12.72098064531403
62,WEAgent1,FEMALE_OLD,39,43.03399996800793,28,21.440167254302736
62,WEAgent2,OLD_LOW_INCOME,58,62.61699653699217,318,33.77335634862924
62,WEAgent0,YOUNG_HIGH_INCOME,11,9.819944049005615,11,9.819944049005615
62,WEAgent5,FEMALE_OLD_LOW_INCOME,33,41.22588683711214,512,0.0
62,WEAgent6,MALE_YOUNG_HIGH_INCOME,8,7.215972355346574,8,7.215972355346573
62,WEAgent3,MALE_OLD_LOW_INCOME,25,22.819835370695436,25,22.819835370695433
62,WEAgent4,FEMALE_OLD,39,38.00756922353665,39,38.00756922353665
62,WEAgent9,MALE_YOUNG_LOW_INCOME,26,26.162352490928896,368,0.0
62,WEAgent10,YOUNG_HIGH_INCOME,11,11.030553904915635,35,8.03449967645914
62,WEAgent7,FEMALE_YOUNG_HIGH_INCOME,4,4.444497575038332,4,3.570888745092951
62,WEAgent8,MALE_YOUNG,33,36.260188766539606,92,4.509982722091609
63,WEAgent1,YOUNG_LOW_INCOME,53,46.31392947685521,52,45.44008175087682
63,WEAgent2,MALE_YOUNG_HIGH_INCOME,8,8.086813689483938,9,7.384499531508186
63,WEAgent0,MALE_HIGH_INCOME,19,19.277320447511613,23,18.87149880274314
63,WEAgent5,FEMALE_LOW_INCOME,60,52.515842778825075,276,46.31392947685522
63,WEAgent6,FEMALE_OLD_HIGH_INCOME,6,5.155830301352968,83,0.0
63,WEAgent3,MALE_YOUNG,33,34.623838720592516,22,18.050998854797786
63,WEAgent4,YOUNG_HIGH_INCOME,11,9.34414988992786,11,9.025499427398893
63,WEAgent9,FEMALE_YOUNG_HIGH_INCOME,4,3.281999791781416,53,0.0
63,WEAgent10,MALE_YOUNG,33,31.785093546148378,26,21.332998646579203
63,WEAgent7,FEMALE_LOW_INCOME,60,59.34257126767218,67,58.54779764055283
63,WEAgent8,MALE_YOUNG_LOW_INCOME,26,25.753366752406702,375,0.0
64,WEAgent1,FEMALE_OLD,39,40.53365703764931,58,16.68056912912304
64,WEAgent2,FEMALE_HIGH_INCOME,10,10.891119924789503,12,10.53509629207771
64,WEAgent0,OLD_HIGH_INCOME,17,18.523126731230796,21,18.436418511135994
64,WEAgent5,MALE_OLD_LOW_INCOME,25,22.35836879619294,24,21.46403404434523
64,WEAgent6,OLD_LOW_INCOME,58,59.244825723874094,324,25.041373051736105
64,WEAgent3,FEMALE_LOW_INCOME,60,57.39293783425811,410,0.0
64,WEAgent4,FEMALE_OLD_HIGH_INCOME,6,6.939972850639259,7,6.145472837045332
64,WEAgent9,MALE_OLD_HIGH_INCOME,12,10.535096292077712,150,0.0
64,WEAgent10,MALE_YOUNG,33,35.24166254677872,104,0.0
64,WEAgent7,YOUNG_LOW_INCOME,53,58.016935107508644,387,0.0
64,WEAgent8,FEMALE_OLD_HIGH_INCOME,6,6.648563444705411,7,6.145472837045332
65,WEAgent1,YOUNG_LOW_INCOME,53,50.649078197665894,53,50.64907819766584
65,WEAgent2,OLD_HIGH_INCOME,17,15.541801462100544,18,15.540432069949258
65,WEAgent0,OLD_HIGH_INCOME,17,16.901923172183924,28,11.223645383852242
65,WEAgent5,OLD_HIGH_INCOME,17,17.225886532040583,19,16.40378940716866
65,WEAgent6,FEMALE_YOUNG,31,28.145900210344678,43,0.0
65,WEAgent3,OLD_LOW_INCOME,58,58.47524387107286,303,30.298760979316736
65,WEAgent4,FEMALE_LOW_INCOME,60,61.37879945933418,361,54.47165013711231
65,WEAgent9,FEMALE_OLD_HIGH_INCOME,6,5.180144023316419,6,5.180144023316419
65,WEAgent10,FEMALE_OLD_HIGH_INCOME,6,5.691237962174985,6,5.180144023316419
65,WEAgent7,MALE_LOW_INCOME,50,38.84456535809835,49,38.06767405093641
65,WEAgent8,FEMALE_OLD_HIGH_INCOME,6,6.940899400144641,8,6.906858697755226
66,WEAgent1,MALE_YOUNG_LOW_INCOME,26,26.680043227192392,26,25.772135057755534
66,WEAgent2,MALE_HIGH_INCOME,19,18.9223879924218,19,18.833483311436744
66,WEAgent0,MALE_OLD,36,36.96677193793475,165,0.0
66,WEAgent5,MALE_OLD_LOW_INCOME,25,27.843944935422357,332,0.0
66,WEAgent6,FEMALE_OLD_HIGH_INCOME,6,6.958506485546957,8,6.347589976964265
66,WEAgent3,FEMALE_OLD_HIGH_INCOME,6,4.760692482723199,6,4.760692482723199
66,WEAgent4,FEMALE_YOUNG_HIGH_INCOME,4,3.7386985602294067,58,0.0
66,WEAgent9,FEMALE_OLD_HIGH_INCOME,6,5.8687718624734915,7,5.554141229843732
66,WEAgent10,FEMALE_OLD,39,45.02607990207958,67,9.521384965446398
66,WEAgent7,YOUNG_LOW_INCOME,53,52.53550607927092,355,15.859775420157261
66,WEAgent8,MALE_YOUNG,33,33.00681336419038,67,16.85101138391709
67,WEAgent1,MALE_YOUNG,33,32.5145442716879,41,28.85254789298463
67,WEAgent2,MALE_OLD_HIGH_INCOME,12,12.79540537180997,147,10.662837809841642
67,WEAgent0,MALE_YOUNG_LOW_INCOME,26,28.444119914636126,387,0.0
67,WEAgent5,MALE_HIGH_INCOME,19,18.885770874517384,20,18.032842433115405
67,WEAgent6,FEMALE_OLD,39,42.32784166840921,83,0.0
67,WEAgent3,MALE_HIGH_INCOME,19,17.131200311459637,19,17.131200311459637
67,WEAgent4,MALE_YOUNG_HIGH_INCOME,8,7.493029378052766,8,7.213136973246163
67,WEAgent9,YOUNG_HIGH_INCOME,11,11.378845820772558,12,10.819705459869246
67,WEAgent10,FEMALE_YOUNG_HIGH_INCOME,4,3.7456703806571174,4,3.606568486623081
67,WEAgent7,FEMALE_YOUNG,31,29.609625216154953,31,13.524631824836558
67,WEAgent8,MALE_OLD_HIGH_INCOME,12,14.206975381269173,13,13.861689152794137
68,WEAgent1,MALE_LOW_INCOME,50,53.24116158088268,51,44.617475520159005
68,WEAgent2,MALE_OLD_LOW_INCOME,25,27.592943774336465,31,27.120426296567267
68,WEAgent0,FEMALE_OLD_HIGH_INCOME,6,6.716716691407134,6,6.366339542362222
68,WEAgent5,MALE_OLD_LOW_INCOME,25,25.73442487817534,29,25.370721374208088
68,WEAgent6,MALE_LOW_INCOME,50,45.31033337193136,51,44.617475520159005
68,WEAgent3,MALE_LOW_INCOME,50,51.50796062663874,56,48.991737826056934
68,WEAgent4,OLD_HIGH_INCOME,17,18.037962036692964,74,9.549509313543334
68,WEAgent9,MALE_YOUNG_HIGH_INCOME,8,7.073234965540266,116,0.0
68,WEAgent10,MALE_OLD_LOW_INCOME,25,21.871311529489727,24,20.99645906831014
68,WEAgent7,OLD_LOW_INCOME,58,51.93321743501312,45,39.36836075308149
68,WEAgent8,MALE_LOW_INCOME,50,51.74147119529863,59,51.61629520959569
69,WEAgent1,MALE_HIGH_INCOME,19,17.19795726594465,99,0.0
69,WEAgent2,MALE_OLD_HIGH_INCOME,12,10.128578751406257,12,9.98437792622834
69,WEAgent0,YOUNG_LOW_INCOME,53,43.50538923437831,53,43.50538923437827
69,WEAgent5,MALE_OLD_HIGH_INCOME,12,9.98437792622834,12,9.98437792622834
69,WEAgent6,MALE_YOUNG_LOW_INCOME,26,29.801501266715672,36,29.55083042335131
69,WEAgent3,YOUNG_LOW_INCOME,53,62.290888949150556,265,56.639091644756576
69,WEAgent4,MALE_OLD,36,39.15599014375597,108,11.648440913933065
69,WEAgent9,MALE_OLD_HIGH_INCOME,12,12.434276505889178,14,11.648440913933065
69,WEAgent10,FEMALE_YOUNG_HIGH_INCOME,4,3.72318700120844,51,0.0
69,WEAgent7,MALE_OLD_LOW_INCOME,25,25.608471904261698,377,0.0
69,WEAgent8,FEMALE_OLD,39,39.13978617620667,78,0.0
70,WEAgent1,MALE_LOW_INCOME,50,47.74947413334622,195,45.69225566559428
70,WEAgent2,YOUNG_HIGH_INCOME,11,11.872031840177838,50,0.0
70,WEAgent0,OLD_LOW_INCOME,58,60.42947152999369,67,60.02708097244736
70,WEAgent5,OLD_HIGH_INCOME,17,16.636740716607804,19,16.08291256727885
70,WEAgent6,OLD_HIGH_INCOME,17,15.072922667176154,38,13.543505319813768
70,WEAgent3,MALE_OLD_LOW_INCOME,25,25.577474839692712,28,25.085944286992955
70,WEAgent4,OLD_HIGH_INCOME,17,14.389974402302135,17,14.389974402302128
70,WEAgent9,YOUNG_LOW_INCOME,53,47.48410882895094,358,0.0
70,WEAgent10,OLD_LOW_INCOME,58,53.13284652581573,59,52.85966831902082
70,WEAgent7,MALE_OLD,36,43.07418087577109,181,0.0
70,WEAgent8,MALE_OLD_LOW_INCOME,25,29.006456461556777,32,28.66965061370624
71,WEAgent1,FEMALE_YOUNG,31,32.52592050806969,33,12.287389715787343
71,WEAgent2,OLD_LOW_INCOME,58,57.348668150487406,346,0.0
71,WEAgent0,MALE_YOUNG,33,28.507713162704952,104,0.0
71,WEAgent5,YOUNG_LOW_INCOME,53,54.2428904554468,326,42.4659548360414
71,WEAgent6,MALE_OLD_HIGH_INCOME,12,10.721368939220081,157,0.0
71,WEAgent3,FEMALE_HIGH_INCOME,10,10.759220697746215,11,10.397022067204675
71,WEAgent4,FEMALE_OLD_HIGH_INCOME,6,6.64791263972001,0,0.0
71,WEAgent9,FEMALE_OLD,39,38.58661767338724,25,23.629595607283353
71,WEAgent10,FEMALE_OLD,39,36.86216914736204,507,20.79404413440935
71,WEAgent7,YOUNG_LOW_INCOME,53,44.13128639823906,52,43.29862061714025
71,WEAgent8,FEMALE_OLD,39,37.470781307656466,28,26.465147080157355
72,WEAgent1,FEMALE_YOUNG,31,36.42253871150711,34,35.83177958588263
72,WEAgent2,FEMALE_YOUNG,31,32.67015197536356,409,25.293020884152444
72,WEAgent0,MALE_YOUNG,33,29.961356674758385,94,7.145366866448041
72,WEAgent5,MALE_LOW_INCOME,50,53.38877068991247,277,44.61354045205302
72,WEAgent6,YOUNG_HIGH_INCOME,11,9.824879441366054,10,8.931708583060052
72,WEAgent3,FEMALE_OLD_HIGH_INCOME,6,5.746747518285518,7,5.682078471897269
72,WEAgent4,MALE_OLD,36,40.86425957905871,117,36.24850161729306
72,WEAgent9,FEMALE_OLD,39,31.657294343427644,71,4.870352975911945
72,WEAgent10,MALE_OLD,36,37.71596647252601,40,37.17795037671083
72,WEAgent7,YOUNG_LOW_INCOME,53,51.35750717723305,394,0.0
72,WEAgent8,OLD_LOW_INCOME,58,53.9080280462307,57,52.97857928681299
73,WEAgent1,FEMALE_OLD_HIGH_INCOME,6,8.028519761918677,78,4.1962990001743155
73,WEAgent2,MALE_OLD_LOW_INCOME,25,24.40887794220931,357,0.0
73,WEAgent0,MALE_YOUNG_LOW_INCOME,26,23.958258141368937,26,23.95825814136893
73,WEAgent5,YOUNG_LOW_INCOME,53,57.18096365478683,292,33.172972811126215
73,WEAgent6,MALE_HIGH_INCOME,19,18.452765548838553,21,18.156516977418423
73,WEAgent3,FEMALE_OLD_HIGH_INCOME,6,6.294448500261474,6,6.294448500261472
73,WEAgent4,FEMALE_YOUNG,31,24.01297778849544,29,14.717631547787533
73,WEAgent9,MALE_YOUNG,33,28.531669535943227,84,19.021113023962158
73,WEAgent10,MALE_YOUNG_LOW_INCOME,26,26.99798502013778,29,26.722672542296113
73,WEAgent7,YOUNG_HIGH_INCOME,11,10.157328019815333,13,10.069958427433573
73,WEAgent8,FEMALE_YOUNG_HIGH_INCOME,4,4.273555876008102,5,3.8730609336282966
74,WEAgent1,FEMALE_LOW_INCOME,60,68.43116235634002,417,0.0
74,WEAgent2,MALE_YOUNG_HIGH_INCOME,8,9.048691874965666,10,8.291545287336193
74,WEAgent0,FEMALE_YOUNG_HIGH_INCOME,4,3.7882785585974434,41,3.7882785585974434
74,WEAgent5,MALE_OLD,36,37.332970957103015,180,0.0
74,WEAgent6,MALE_OLD_LOW_INCOME,25,21.086018938422463,24,20.24257818088557
74,WEAgent3,OLD_LOW_INCOME,58,62.894217483146726,296,44.702360149455615
74,WEAgent4,FEMALE_YOUNG_HIGH_INCOME,4,4.071475925409875,4,3.7882785585974434
74,WEAgent9,FEMALE_OLD_HIGH_INCOME,6,5.913725853593264,77,0.0
74,WEAgent10,MALE_YOUNG,33,27.362099448209435,71,21.558017747074093
74,WEAgent7,MALE_HIGH_INCOME,19,20.364850791552993,24,19.899708689606857
74,WEAgent8,MALE_LOW_INCOME,50,49.52910673243788,58,48.9195639371401
75,WEAgent1,FEMALE_YOUNG_HIGH_INCOME,4,4.142976002957878,4,3.699754026587437
75,WEAgent2,OLD_LOW_INCOME,58,58.979790903589446,289,48.810861437453326
75,WEAgent0,YOUNG_HIGH_INCOME,11,11.078180779964333,11,10.174323573115451
75,WEAgent5,FEMALE_YOUNG,31,28.67309370605264,43,9.249385066468593
75,WEAgent6,MALE_OLD,36,35.78047778504746,174,0.0
75,WEAgent3,MALE_HIGH_INCOME,19,18.97464613909767,97,0.0
75,WEAgent4,MALE_OLD_LOW_INCOME,25,28.86998592707475,28,28.47300250518113
75,WEAgent9,FEMALE_OLD,39,37.12387869869021,40,36.99754026587439
75,WEAgent10,FEMALE_OLD,39,44.50178037353679,38,35.14766325258067
75,WEAgent7,MALE_LOW_INCOME,50,51.62286419807718,50,50.844647330680544
75,WEAgent8,FEMALE_HIGH_INCOME,10,9.390203214483801,10,9.249385066468593
76,WEAgent1,FEMALE_OLD,39,34.97181242117432,80,17.037549641084926
76,WEAgent2,FEMALE_YOUNG_HIGH_INCOME,4,3.5917842510444093,47,2.693838188283307
76,WEAgent0,FEMALE_OLD_LOW_INCOME,33,34.87173373478596,471,0.0
76,WEAgent5,FEMALE_YOUNG_HIGH_INCOME,4,4.731918547110924,5,4.489730313805512
76,WEAgent6,MALE_HIGH_INCOME,19,22.157081481016945,24,22.124327506001205
76,WEAgent3,FEMALE_LOW_INCOME,60,63.08455992720846,382,0.0
76,WEAgent4,MALE_YOUNG_HIGH_INCOME,8,7.374775835333734,7,6.452928855917018
76,WEAgent9,MALE_OLD_LOW_INCOME,25,25.65637952631345,380,0.0
76,WEAgent10,MALE_YOUNG,33,31.433418640182072,64,20.28063354716777
76,WEAgent7,MALE_YOUNG_LOW_INCOME,26,27.8749185565536,355,0.0
76,WEAgent8,OLD_HIGH_INCOME,17,16.89154229038311,18,16.140836502080457
77,WEAgent1,MALE_LOW_INCOME,50,48.2848459665301,53,47.95021022541224
77,WEAgent2,FEMALE_YOUNG_LOW_INCOME,27,26.905014093529683,380,0.0
77,WEAgent0,FEMALE_HIGH_INCOME,10,8.53967429979968,10,8.255804518089576
77,WEAgent5,FEMALE_OLD_LOW_INCOME,33,40.44183916734062,492,0.0
77,WEAgent6,MALE_HIGH_INCOME,19,19.93027655928957,94,0.0
77,WEAgent3,MALE_OLD,36,29.72089626512247,182,0.0
77,WEAgent4,OLD_HIGH_INCOME,17,16.595087979624445,35,14.034867680752274
77,WEAgent9,OLD_HIGH_INCOME,17,17.932890179268433,21,17.337189487988102
77,WEAgent10,MALE_YOUNG_LOW_INCOME,26,23.522744638881456,346,0.0
77,WEAgent7,OLD_LOW_INCOME,58,56.75582848657822,305,35.28411695832221
77,WEAgent8,MALE_OLD_LOW_INCOME,25,27.155491706637115,30,27.141628429478615
78,WEAgent1,FEMALE_YOUNG_LOW_INCOME,27,24.898030587485408,26,23.975881306467443
78,WEAgent2,FEMALE_YOUNG,31,32.95239943118801,35,32.27522483562926
78,WEAgent0,FEMALE_LOW_INCOME,60,63.048119384386595,179,58.09540470413269
78,WEAgent5,FEMALE_YOUNG,31,33.8173594610766,36,33.19737411664724
78,WEAgent6,FEMALE_YOUNG,31,30.71776201149037,33,30.4309262735933
78,WEAgent3,OLD_HIGH_INCOME,17,15.019659511597615,76,0.0
78,WEAgent4,FEMALE_YOUNG,31,35.04558349952163,52,21.209433463413504
78,WEAgent9,MALE_OLD,36,34.82067832975676,163,0.0
78,WEAgent10,YOUNG_LOW_INCOME,53,51.57206257160029,55,50.71821045598885
78,WEAgent7,MALE_YOUNG_HIGH_INCOME,8,7.021450847844164,89,0.0
78,WEAgent8,YOUNG_LOW_INCOME,53,49.94565710853578,54,49.79606117497087
79,WEAgent1,FEMALE_LOW_INCOME,60,58.08865025072754,362,19.240595276172513
79,WEAgent2,MALE_HIGH_INCOME,19,18.118297517434197,92,10.49487015063955
79,WEAgent0,FEMALE_YOUNG,31,27.111747889152166,30,26.237175376598884
79,WEAgent5,YOUNG_HIGH_INCOME,11,11.363787597815456,12,10.49487015063955
79,WEAgent6,FEMALE_YOUNG,31,28.030012557187955,47,3.498290050213183
79,WEAgent3,FEMALE_HIGH_INCOME,10,11.671548565649504,13,11.369442663192846
79,WEAgent4,FEMALE_OLD_HIGH_INCOME,6,6.394679501338253,7,6.122007587873069
79,WEAgent9,MALE_YOUNG_HIGH_INCOME,8,7.157637022850605,8,6.996580100426365
79,WEAgent10,FEMALE_OLD,39,40.468983049276034,66,6.122007587873069
79,WEAgent7,FEMALE_OLD_LOW_INCOME,33,32.572947014502674,470,0.0
79,WEAgent8,MALE_OLD_LOW_INCOME,25,26.47520472107268,339,0.0
80,WEAgent1,FEMALE_YOUNG_HIGH_INCOME,4,3.9841772310062367,56,1.477576403867877
80,WEAgent2,OLD_LOW_INCOME,58,61.13010982851806,373,0.0
80,WEAgent0,FEMALE_HIGH_INCOME,10,7.387882019339385,10,7.387882019339385
80,WEAgent5,YOUNG_LOW_INCOME,53,56.40695800943754,323,20.877954301578047
80,WEAgent6,MALE_OLD_HIGH_INCOME,12,12.319977837567173,171,0.0
80,WEAgent3,MALE_HIGH_INCOME,19,19.46332334439684,23,19.405271354643965
80,WEAgent4,FEMALE_OLD_LOW_INCOME,33,33.45225067710094,497,0.0
80,WEAgent9,MALE_YOUNG,33,33.70056951792963,49,23.623808605653522
80,WEAgent10,MALE_YOUNG_LOW_INCOME,26,27.846602768749143,26,27.14134059205146
80,WEAgent7,FEMALE_YOUNG_LOW_INCOME,27,28.185238307130373,364,0.0
80,WEAgent8,MALE_HIGH_INCOME,19,16.03044155383632,19,16.03044155383632
81,WEAgent1,MALE_LOW_INCOME,50,46.26209081190123,53,45.619701046776164
81,WEAgent2,FEMALE_OLD_HIGH_INCOME,6,5.03724939049971,0,0.0
81,WEAgent0,FEMALE_OLD,39,41.22610647739455,38,34.72895756113926
81,WEAgent5,FEMALE_OLD,39,44.09910398414714,47,42.95423698351438
81,WEAgent6,FEMALE_YOUNG_LOW_INCOME,27,26.057263882887867,379,0.0
81,WEAgent3,FEMALE_HIGH_INCOME,10,9.941648316062203,37,5.4835196149167285
81,WEAgent4,FEMALE_HIGH_INCOME,10,9.139199358194547,10,9.139199358194546
81,WEAgent9,YOUNG_LOW_INCOME,53,47.11676901340186,359,0.0
81,WEAgent10,FEMALE_HIGH_INCOME,10,10.691684688911694,11,10.053119294014
81,WEAgent7,OLD_LOW_INCOME,58,49.923446428547535,299,33.569213977816425
81,WEAgent8,FEMALE_OLD_LOW_INCOME,33,32.6152553214278,495,0.0
82,WEAgent1,FEMALE_OLD_HIGH_INCOME,6,5.569284441739911,6,5.536640502486583
82,WEAgent2,FEMALE_OLD_LOW_INCOME,33,32.848682555625125,482,0.0
82,WEAgent0,FEMALE_OLD_HIGH_INCOME,6,6.64792367186497,7,6.45941391956768
82,WEAgent5,OLD_HIGH_INCOME,17,16.633526750549436,18,16.609921507459756
82,WEAgent6,MALE_YOUNG_LOW_INCOME,26,21.950669242608683,26,21.950669242608683
82,WEAgent3,MALE_OLD_LOW_INCOME,25,24.348922417830735,366,0.0
82,WEAgent4,FEMALE_OLD,39,35.98816326616279,56,26.760429095351814
82,WEAgent9,MALE_OLD,36,39.984997554039296,154,0.0
82,WEAgent10,FEMALE_YOUNG_LOW_INCOME,27,24.544080590791456,27,24.544080590791445
82,WEAgent7,YOUNG_LOW_INCOME,53,54.24012944046157,321,25.327695279933096
82,WEAgent8,FEMALE_YOUNG_LOW_INCOME,27,28.613403886931984,383,21.81696052514795
83,WEAgent1,OLD_HIGH_INCOME,17,19.609505773149895,22,19.425410115079327
83,WEAgent2,MALE_OLD_LOW_INCOME,25,24.58633215804417,25,24.443509991887073
83,WEAgent0,FEMALE_HIGH_INCOME,10,9.656030028417648,10,8.829731870490603
83,WEAgent5,YOUNG_HIGH_INCOME,11,9.992332101516775,50,0.0
83,WEAgent6,OLD_LOW_INCOME,58,58.15679087343371,344,24.443509991887073
83,WEAgent3,MALE_OLD_HIGH_INCOME,12,13.993498143081766,155,0.0
83,WEAgent4,FEMALE_OLD_LOW_INCOME,33,32.26543318929094,480,0.0
83,WEAgent9,FEMALE_OLD,39,34.43595429491335,43,18.542436928030266
83,WEAgent10,FEMALE_YOUNG_LOW_INCOME,27,29.51537228838798,32,29.074608888278814
83,WEAgent7,FEMALE_LOW_INCOME,60,59.93278031682574,65,59.05779930431634
83,WEAgent8,FEMALE_LOW_INCOME,60,54.51489166552277,289,50.88056555448792
84,WEAgent1,MALE_OLD_HIGH_INCOME,12,10.896576171526856,14,10.804626659199032
84,WEAgent2,YOUNG_LOW_INCOME,53,48.03110428287561,338,28.09366476922911
84,WEAgent0,FEMALE_OLD,39,46.82196509511709,63,9.261108565027742
84,WEAgent5,MALE_YOUNG_LOW_INCOME,26,27.696792463294564,30,27.187417518608818
84,WEAgent6,FEMALE_YOUNG,31,33.91604286987191,22,14.663421894627257
84,WEAgent3,OLD_HIGH_INCOME,17,14.975780224810151,19,14.663421894627257
84,WEAgent4,MALE_OLD_LOW_INCOME,25,24.677823082506716,365,0.0
84,WEAgent9,MALE_OLD,36,27.78332569508323,36,27.783325695083224
84,WEAgent10,FEMALE_HIGH_INCOME,10,11.17153004499028,14,10.804626659199032
84,WEAgent7,MALE_HIGH_INCOME,19,17.739652367516033,22,16.978699035884194
84,WEAgent8,MALE_OLD,36,36.430763199653676,116,28.55508474216887
85,WEAgent1,YOUNG_LOW_INCOME,53,52.06264810812757,321,51.08033399287985
85,WEAgent2,MALE_OLD,36,34.74566050367144,36,34.745660503671424
85,WEAgent0,OLD_LOW_INCOME,58,60.10732207527081,351,0.0
85,WEAgent5,FEMALE_YOUNG_HIGH_INCOME,4,4.593414206753162,59,0.0
85,WEAgent6,FEMALE_OLD_HIGH_INCOME,6,6.3683751129993285,6,5.790943417278573
85,WEAgent3,YOUNG_LOW_INCOME,53,54.38698238307253,55,54.02727633862292
85,WEAgent4,MALE_OLD,36,39.06161759159201,104,31.85018879503214
85,WEAgent9,MALE_YOUNG,33,33.115290026829406,92,6.7795409458760805
85,WEAgent10,FEMALE_OLD_LOW_INCOME,33,32.32364002827998,528,0.0
85,WEAgent7,MALE_YOUNG_HIGH_INCOME,8,6.779540945876082,8,6.7795409458760805
85,WEAgent8,OLD_HIGH_INCOME,17,17.504092440500827,62,6.756100653491669
86,WEAgent1,MALE_YOUNG,33,33.46691143396169,119,0.0
86,WEAgent2,FEMALE_YOUNG_LOW_INCOME,27,26.03479276951586,380,0.0
86,WEAgent0,FEMALE_OLD_HIGH_INCOME,6,6.745024281617517,7,6.197505499413877
86,WEAgent5,YOUNG_HIGH_INCOME,11,10.646848511253141,12,10.62429514185236
86,WEAgent6,FEMALE_YOUNG_HIGH_INCOME,4,3.871717592338159,4,3.5414317139507876
86,WEAgent3,FEMALE_OLD_LOW_INCOME,33,32.79591651116155,455,27.82683825189466
86,WEAgent4,YOUNG_LOW_INCOME,53,56.31851124557131,374,0.0
86,WEAgent9,FEMALE_OLD,39,34.52895921102018,79,7.082863427901573
86,WEAgent10,OLD_LOW_INCOME,58,51.016066005483175,351,0.0
86,WEAgent7,FEMALE_OLD_LOW_INCOME,33,33.96464690160002,34,33.789732163014946
86,WEAgent8,FEMALE_HIGH_INCOME,10,9.037505300216996,32,7.96822135638927
87,WEAgent1,FEMALE_HIGH_INCOME,10,10.63465935489505,9,9.571193419405546
87,WEAgent2,OLD_LOW_INCOME,58,62.920577815206826,228,40.41708143813695
87,WEAgent0,FEMALE_YOUNG,31,33.0615357551172,40,6.380795612937031
87,WEAgent5,FEMALE_OLD_LOW_INCOME,33,33.69670638972985,495,0.0
87,WEAgent6,MALE_OLD_LOW_INCOME,25,24.33325621367189,31,24.094798549658567
87,WEAgent3,MALE_LOW_INCOME,50,42.99543522656801,55,42.748836136491
87,WEAgent4,MALE_YOUNG_LOW_INCOME,26,29.843634007596428,31,29.799489406993356
87,WEAgent9,MALE_YOUNG_HIGH_INCOME,8,9.04101041402736,11,8.906496166564422
87,WEAgent10,MALE_YOUNG,33,26.71948849969326,94,12.145222045315121
87,WEAgent7,MALE_LOW_INCOME,50,38.86257830590093,50,38.86257830590091
87,WEAgent8,YOUNG_LOW_INCOME,53,50.94751414744027,347,33.64458481434734
88,WEAgent1,FEMALE_LOW_INCOME,60,64.88749402082131,392,30.91543662788474
88,WEAgent2,OLD_HIGH_INCOME,17,18.915635428921384,68,2.3719027639448846
88,WEAgent0,FEMALE_YOUNG,31,31.649995138485096,35,6.685917036490467
88,WEAgent5,MALE_OLD_LOW_INCOME,25,18.358142117899384,340,0.0
88,WEAgent6,FEMALE_OLD_HIGH_INCOME,6,4.743805527889769,6,4.743805527889769
88,WEAgent3,YOUNG_HIGH_INCOME,11,10.253471555530147,12,10.0288755547357
88,WEAgent4,FEMALE_YOUNG_LOW_INCOME,27,28.78333755009957,26,27.717288011207007
88,WEAgent9,MALE_YOUNG,33,34.13055573116158,118,0.0
88,WEAgent10,FEMALE_OLD_HIGH_INCOME,6,5.167043573873431,6,4.743805527889769
88,WEAgent7,MALE_YOUNG_LOW_INCOME,26,21.729230368594024,346,0.0
88,WEAgent8,FEMALE_YOUNG_HIGH_INCOME,4,4.098025988637924,4,3.3429585182452346
89,WEAgent1,YOUNG_HIGH_INCOME,11,10.104540182438534,48,6.4301619342790675
89,WEAgent2,FEMALE_OLD,39,42.22018880719832,72,9.14620082212757
89,WEAgent0,OLD_LOW_INCOME,58,75.79643085991565,292,50.4961712490011
89,WEAgent5,MALE_YOUNG_HIGH_INCOME,8,8.154615007716796,8,7.508008464960624
89,WEAgent6,MALE_HIGH_INCOME,19,20.34854485393449,21,19.708522220521637
89,WEAgent3,MALE_OLD,36,33.786038092322805,142,0.0
89,WEAgent4,MALE_HIGH_INCOME,19,19.292883400760697,76,10.323511639320857
89,WEAgent9,FEMALE_YOUNG_HIGH_INCOME,4,4.164058973175555,4,3.674378248159467
89,WEAgent10,FEMALE_OLD_HIGH_INCOME,6,5.4877204932765435,6,5.487720493276543
89,WEAgent7,MALE_OLD_LOW_INCOME,25,23.81894870235902,24,22.866190754264665
89,WEAgent8,OLD_LOW_INCOME,58,60.42092811590692,63,60.02375072994469
90,WEAgent1,FEMALE_YOUNG_LOW_INCOME,27,22.872974929100224,371,0.0
90,WEAgent2,MALE_OLD_HIGH_INCOME,12,13.081920324022452,12,13.059738959097906
90,WEAgent0,FEMALE_OLD_LOW_INCOME,33,37.42977773199971,37,36.44791205368245
90,WEAgent5,FEMALE_YOUNG,31,31.54332817920407,46,0.0
90,WEAgent6,FEMALE_OLD_HIGH_INCOME,6,5.851935145672129,6,5.230478702173749
90,WEAgent3,FEMALE_OLD_LOW_INCOME,33,32.50759723706813,455,27.58220371630023
90,WEAgent4,MALE_OLD_LOW_INCOME,25,21.313854001309846,353,0.0
90,WEAgent9,OLD_HIGH_INCOME,17,15.5981249559521,17,14.819689656158955
90,WEAgent10,FEMALE_OLD,39,33.998111564129374,53,25.280647060506453
90,WEAgent7,MALE_YOUNG_LOW_INCOME,26,23.293783405811617,370,0.0
90,WEAgent8,MALE_OLD_HIGH_INCOME,12,13.059738959097908,169,9.79480421932343
91,WEAgent1,FEMALE_LOW_INCOME,60,54.31566187992648,372,35.30518022195225
91,WEAgent2,MALE_YOUNG,33,30.313159042628516,90,2.755741731148047
91,WEAgent0,MALE_YOUNG_HIGH_INCOME,8,8.928200365110756,9,8.26722519344414
91,WEAgent5,MALE_OLD_HIGH_INCOME,12,12.006742987548689,158,0.0
91,WEAgent6,OLD_HIGH_INCOME,17,17.54155893066316,98,7.848540980801859
91,WEAgent3,FEMALE_YOUNG,31,32.91158359038067,36,32.58939712795592
91,WEAgent4,FEMALE_YOUNG,31,36.896436095638656,51,4.52630515666054
91,WEAgent9,FEMALE_YOUNG_HIGH_INCOME,4,3.3075019313815957,0,0.0
91,WEAgent10,OLD_LOW_INCOME,58,62.24306004601662,309,31.652163467270753
91,WEAgent7,FEMALE_OLD_HIGH_INCOME,6,5.886405735601396,6,5.886405735601395
91,WEAgent8,MALE_OLD_LOW_INCOME,25,24.72825270880529,25,24.728252708805282
92,WEAgent1,FEMALE_OLD_HIGH_INCOME,6,5.571769310772221,6,5.571769310772221
92,WEAgent2,MALE_HIGH_INCOME,19,19.685687401885527,19,19.685687401885524
92,WEAgent0,FEMALE_YOUNG,31,29.433719437390973,383,24.686345334585994
92,WEAgent5,FEMALE_HIGH_INCOME,10,12.994981138450665,13,12.072166840006481
92,WEAgent6,FEMALE_YOUNG,31,31.848785964054883,25,23.736870514024993
92,WEAgent3,OLD_HIGH_INCOME,17,15.967493112173038,58,11.143538621544444
92,WEAgent4,YOUNG_LOW_INCOME,53,51.09603353889311,383,0.0
92,WEAgent9,MALE_LOW_INCOME,50,53.64068902523143,340,45.58803259708957
92,WEAgent10,FEMALE_HIGH_INCOME,10,11.006650048890362,11,10.214910403082406
92,WEAgent7,MALE_HIGH_INCOME,19,20.133057669638852,70,15.541332159383307
92,WEAgent8,MALE_LOW_INCOME,50,43.83464672797074,50,43.83464672797074
93,WEAgent1,FEMALE_OLD_LOW_INCOME,33,25.063360908557023,449,0.0
93,WEAgent2,MALE_YOUNG_LOW_INCOME,26,30.030286087281322,376,0.0
93,WEAgent0,MALE_OLD,36,31.786914904721904,172,0.0
93,WEAgent5,MALE_YOUNG,33,33.91280210313055,101,0.0
93,WEAgent6,OLD_HIGH_INCOME,17,16.006701277329174,21,15.949411487263555
93,WEAgent3,YOUNG_HIGH_INCOME,11,10.878885429061143,42,8.732292344080788
93,WEAgent4,OLD_LOW_INCOME,58,60.72727371331729,284,56.20268809797632
93,WEAgent9,FEMALE_YOUNG_LOW_INCOME,27,27.738287029882372,413,0.0
93,WEAgent10,FEMALE_YOUNG_HIGH_INCOME,4,3.881018819591461,4,3.881018819591461
93,WEAgent7,OLD_LOW_INCOME,58,59.15898872573633,77,58.481175453299684
93,WEAgent8,FEMALE_OLD,39,38.87914231150822,61,14.43041991704798
94,WEAgent1,OLD_LOW_INCOME,58,51.737859228450795,265,42.50011057674322
94,WEAgent2,YOUNG_HIGH_INCOME,11,12.661110608874774,36,9.511573494402084
94,WEAgent0,MALE_OLD_LOW_INCOME,25,25.03169907931898,31,24.398211627389625
94,WEAgent5,MALE_LOW_INCOME,50,45.11835165744577,57,44.86122783100673
94,WEAgent6,YOUNG_LOW_INCOME,53,57.27152494740847,380,0.0
94,WEAgent3,MALE_HIGH_INCOME,19,18.071989639363956,84,9.511573494402084
94,WEAgent4,FEMALE_OLD_LOW_INCOME,33,25.972289796898636,463,0.0
94,WEAgent9,FEMALE_HIGH_INCOME,10,9.667182364623095,10,9.511573494402084
94,WEAgent10,FEMALE_YOUNG_LOW_INCOME,27,27.674270749094536,413,0.0
94,WEAgent7,FEMALE_OLD_HIGH_INCOME,6,5.7253552888665435,85,0.0
94,WEAgent8,MALE_HIGH_INCOME,19,20.86195364575506,21,19.974304338244377
95,WEAgent1,FEMALE_OLD_LOW_INCOME,33,29.406442617375898,498,0.0
95,WEAgent2,MALE_YOUNG,33,32.97714275216133,63,17.084349987644817
95,WEAgent0,MALE_YOUNG_HIGH_INCOME,8,8.233081462635006,9,8.092586836252808
95,WEAgent5,YOUNG_HIGH_INCOME,11,10.8696450048873,12,10.79011578167041
95,WEAgent6,MALE_OLD,36,36.09983934130708,157,0.0
95,WEAgent3,MALE_YOUNG_LOW_INCOME,26,26.474951600751282,27,26.36894141126773
95,WEAgent4,MALE_YOUNG,33,29.672818399593627,33,29.672818399593627
95,WEAgent9,FEMALE_OLD,39,34.78604749493079,72,0.0
95,WEAgent10,MALE_LOW_INCOME,50,46.124176945508935,346,20.29463785602393
95,WEAgent7,MALE_YOUNG_LOW_INCOME,26,25.392313951591152,311,24.415686491914567
95,WEAgent8,MALE_OLD_LOW_INCOME,25,24.954775718362534,27,24.90705555057482
96,WEAgent1,FEMALE_OLD,39,37.204992492175556,76,20.540936077411494
96,WEAgent2,MALE_OLD,36,36.48254274854526,39,36.41347759177495
96,WEAgent0,FEMALE_OLD_LOW_INCOME,33,35.69154310685407,473,0.0
96,WEAgent5,MALE_LOW_INCOME,50,53.29682128470845,367,0.0
96,WEAgent6,MALE_YOUNG_HIGH_INCOME,8,6.928456353504477,7,6.062399309316418
96,WEAgent3,OLD_HIGH_INCOME,17,19.246784517043828,20,18.673578252192264
96,WEAgent4,MALE_OLD_HIGH_INCOME,12,11.204146951315359,12,11.204146951315359
96,WEAgent9,YOUNG_HIGH_INCOME,11,11.622000644139924,48,0.0
96,WEAgent10,MALE_YOUNG_HIGH_INCOME,8,8.369376829762682,96,5.196342265128358
96,WEAgent7,MALE_OLD_HIGH_INCOME,12,11.697628834569237,12,11.204146951315359
96,WEAgent8,MALE_OLD,36,37.891070124009794,100,27.0766884656788
97,WEAgent1,FEMALE_OLD_HIGH_INCOME,6,5.621354694423292,6,5.0598608137060666
97,WEAgent2,MALE_OLD,36,40.51558774160836,141,0.0
97,WEAgent0,FEMALE_YOUNG_HIGH_INCOME,4,3.2307069976592806,4,3.2307069976592806
97,WEAgent5,MALE_YOUNG_HIGH_INCOME,8,7.630788207707028,8,6.847043724781842
97,WEAgent6,FEMALE_YOUNG_LOW_INCOME,27,31.818705006231013,35,31.72242543946765
97,WEAgent3,MALE_OLD_LOW_INCOME,25,26.771093109611957,337,0.0
97,WEAgent4,FEMALE_YOUNG_LOW_INCOME,27,24.471585339017892,26,23.56523032646168
97,WEAgent9,FEMALE_OLD_HIGH_INCOME,6,5.0598608137060666,91,4.216550678088389
97,WEAgent10,MALE_YOUNG,33,28.2440553647251,89,6.847043724781842
97,WEAgent7,YOUNG_HIGH_INCOME,11,11.585955895752333,42,9.692120992977841
97,WEAgent8,FEMALE_LOW_INCOME,60,68.46072950800561,310,21.752520301349243
98,WEAgent1,FEMALE_LOW_INCOME,60,56.66386766038849,414,0.0
98,WEAgent2,FEMALE_YOUNG_HIGH_INCOME,4,3.9557153467494053,61,0.0
98,WEAgent0,MALE_YOUNG_HIGH_INCOME,8,8.049727239756239,9,7.529606240193873
98,WEAgent5,MALE_YOUNG_HIGH_INCOME,8,8.196403890770585,9,7.529606240193873
98,WEAgent6,MALE_YOUNG_LOW_INCOME,26,26.828636125174985,329,11.002008978068426
98,WEAgent3,MALE_YOUNG_LOW_INCOME,26,26.004748493616287,26,26.00474849361628
98,WEAgent4,FEMALE_OLD_LOW_INCOME,33,30.261187561718355,483,0.0
98,WEAgent9,MALE_OLD,36,37.507149285798064,140,27.742766170140616
98,WEAgent10,MALE_HIGH_INCOME,19,19.71793249988006,23,19.242327058273226
98,WEAgent7,MALE_YOUNG,33,27.6085562140442,57,19.242327058273226
98,WEAgent8,MALE_OLD,36,31.2106119414082,36,31.210611941408192
99,WEAgent1,FEMALE_YOUNG_HIGH_INCOME,4,3.909619431789952,4,3.3989132697425495
99,WEAgent2,FEMALE_LOW_INCOME,60,57.251418970668745,60,56.79647541694112
99,WEAgent0,MALE_YOUNG,33,31.81408695001638,108,0.0
99,WEAgent5,MALE_OLD_HIGH_INCOME,12,10.684046493071609,12,10.304639802173815
99,WEAgent6,OLD_HIGH_INCOME,17,18.520739642837192,83,6.7978265394851
99,WEAgent3,FEMALE_HIGH_INCOME,10,9.371348390747025,52,6.7978265394851
99,WEAgent4,FEMALE_LOW_INCOME,60,60.3045896316876,324,37.864316944627376
99,WEAgent9,FEMALE_OLD_HIGH_INCOME,6,5.098369904613825,6,5.098369904613825
99,WEAgent10,MALE_LOW_INCOME,50,42.93599917572422,377,0.0
99,WEAgent7,MALE_OLD,36,40.779846889516634,159,20.609279604347623
99,WEAgent8,FEMALE_OLD_LOW_INCOME,33,31.238061479317583,485,0.0

