0,SIAgent5,MALE_YOUNG_LOW_INCOME,42,43.934864474718204,52,43.620304845918234
0,SIAgent3,YOUNG_LOW_INCOME,87,72.98012541528624,515,0.0
0,WFAgent0,FEMALE_OLD,64,69.3648502261209,33,25.991881156220032
0,SIAgent4,FEMALE_LOW_INCOME,100,101.21039275562998,268,101.21039275562975
0,WFAgent1,YOUNG_LOW_INCOME,87,102.70831823306247,106,102.43196280488547
0,SIAgent1,OLD_HIGH_INCOME,28,25.99188115622002,151,25.06359968635503
0,WFAgent2,MALE_HIGH_INCOME,31,30.436678742166155,0,0.0
0,SIAgent2,MALE_YOUNG_HIGH_INCOME,12,13.067650252631678,103,0.0
0,WFAgent3,FEMALE_OLD_LOW_INCOME,55,62.29278175843748,61,61.73833958093419
0,WFAgent4,MALE_OLD_LOW_INCOME,41,41.36350490455406,342,0.0
0,SIAgent0,OLD_HIGH_INCOME,28,30.48256476418314,32,29.70500703568004
1,SIAgent5,YOUNG_HIGH_INCOME,18,22.766758484503566,38,21.757847074580955
1,SIAgent3,MALE_YOUNG_LOW_INCOME,42,51.06510552997365,42,49.89241505895898
1,WFAgent0,FEMALE_YOUNG_HIGH_INCOME,6,6.813381396569696,38,0.0
1,SIAgent4,MALE_YOUNG_LOW_INCOME,42,55.09315455687105,45,54.71261306782889
1,WFAgent1,MALE_OLD_LOW_INCOME,41,41.72238698276112,347,0.0
1,SIAgent1,YOUNG_LOW_INCOME,87,103.34857405070073,302,102.57270763731026
1,WFAgent2,MALE_YOUNG_HIGH_INCOME,12,11.28562822736352,0,0.0
1,SIAgent2,MALE_YOUNG,54,55.948749620350995,57,55.61052837255962
1,WFAgent3,MALE_YOUNG_LOW_INCOME,42,45.470915207353464,172,8.288703647459407
1,WFAgent4,YOUNG_LOW_INCOME,87,79.24834274433476,178,0.0
1,SIAgent0,MALE_HIGH_INCOME,31,29.690521211558675,207,0.0
2,SIAgent5,MALE_YOUNG_HIGH_INCOME,12,11.401068708742857,101,0.0
2,SIAgent3,OLD_HIGH_INCOME,28,27.10612401294421,248,15.489213721682406
2,WFAgent0,FEMALE_YOUNG_LOW_INCOME,45,48.210968400695705,363,23.47708229657532
2,SIAgent4,MALE_LOW_INCOME,83,102.75716059595814,99,102.47817787892262
2,WFAgent1,YOUNG_HIGH_INCOME,18,17.939614919887916,40,3.1302776395433756
2,SIAgent1,FEMALE_YOUNG,51,39.91103990417804,50,39.128470494292216
2,WFAgent2,MALE_OLD_HIGH_INCOME,19,20.420304739427074,21,20.32959300970816
2,SIAgent2,MALE_LOW_INCOME,83,85.91604812071282,178,85.1238027166585
2,WFAgent3,MALE_LOW_INCOME,83,71.54722226273569,217,0.0
2,WFAgent4,MALE_OLD_HIGH_INCOME,19,17.6195349237424,0,0.0
2,SIAgent0,MALE_OLD_LOW_INCOME,41,38.778621237588894,229,0.0
3,SIAgent5,MALE_OLD_HIGH_INCOME,19,17.596274637100517,102,9.261197177421325
3,SIAgent3,MALE_YOUNG_LOW_INCOME,42,47.78586024734223,48,47.02105771054655
3,WFAgent0,YOUNG_HIGH_INCOME,18,17.310045503193493,0,0.0
3,SIAgent4,MALE_YOUNG_HIGH_INCOME,12,10.938739062797724,68,0.0
3,WFAgent1,MALE_OLD_HIGH_INCOME,19,18.014006179504683,19,17.596274637100517
3,SIAgent1,MALE_YOUNG_LOW_INCOME,42,41.14342549672821,295,0.0
3,WFAgent2,YOUNG_LOW_INCOME,87,85.86689910116525,429,0.0
3,SIAgent2,FEMALE_YOUNG_HIGH_INCOME,6,6.830955824467258,54,0.0
3,WFAgent3,MALE_HIGH_INCOME,31,36.0664019623476,37,35.919897018197325
3,WFAgent4,MALE_OLD_HIGH_INCOME,19,19.749175272251048,21,19.448514072584782
3,SIAgent0,MALE_HIGH_INCOME,31,34.436197016321465,35,34.1601324537103
4,SIAgent5,MALE_OLD_HIGH_INCOME,19,20.38270739360485,166,0.0
4,SIAgent3,FEMALE_YOUNG,51,50.08094325420482,370,50.003236363424314
4,WFAgent0,YOUNG_HIGH_INCOME,18,18.957156615085694,19,18.62865668441299
4,SIAgent4,MALE_LOW_INCOME,83,64.08868081305009,163,64.08868081304999
4,WFAgent1,MALE_LOW_INCOME,83,90.52455396506905,261,67.94944471745059
4,SIAgent1,FEMALE_YOUNG_LOW_INCOME,45,46.419831579755176,47,46.15302613622796
4,WFAgent2,FEMALE_OLD_LOW_INCOME,55,49.63855499501472,482,0.0
4,SIAgent2,YOUNG_HIGH_INCOME,18,17.64820106944389,96,17.648201069443886
4,WFAgent3,MALE_OLD_LOW_INCOME,41,46.022384282217494,45,45.83787095371764
4,WFAgent4,OLD_HIGH_INCOME,28,26.020488779565767,101,0.0
4,SIAgent0,MALE_OLD_LOW_INCOME,41,41.76339353560936,54,41.69625016752651
5,SIAgent5,FEMALE_HIGH_INCOME,16,16.25965219323113,16,15.555128042827922
5,SIAgent3,MALE_OLD,60,70.99396266564372,523,0.0
5,WFAgent0,FEMALE_HIGH_INCOME,16,16.411627525681535,66,12.194739144923345
5,SIAgent4,FEMALE_YOUNG_HIGH_INCOME,6,5.493491729258926,24,0.0
5,WFAgent1,FEMALE_YOUNG_HIGH_INCOME,6,6.634618927014064,6,6.097369572461674
5,SIAgent1,FEMALE_YOUNG_HIGH_INCOME,6,6.93527905869874,6,6.154360322130576
5,WFAgent2,FEMALE_LOW_INCOME,100,93.91214851031964,0,0.0
5,SIAgent2,FEMALE_YOUNG_LOW_INCOME,45,43.352948795521925,359,0.0
5,WFAgent3,FEMALE_OLD_HIGH_INCOME,10,11.819400213961021,11,11.1785108828464
5,WFAgent4,FEMALE_OLD_HIGH_INCOME,10,9.559320615563534,0,0.0
5,SIAgent0,FEMALE_YOUNG_LOW_INCOME,45,48.16745358320077,49,47.20654424401275
6,SIAgent5,FEMALE_HIGH_INCOME,16,14.864436888363713,115,0.0
6,SIAgent3,FEMALE_OLD_LOW_INCOME,55,61.84133946541048,59,61.032413580284455
6,WFAgent0,YOUNG_HIGH_INCOME,18,18.904333846730868,78,10.058058040026054
6,SIAgent4,FEMALE_LOW_INCOME,100,103.44476878014305,119,102.7918279743175
6,WFAgent1,OLD_HIGH_INCOME,28,27.10745398650974,0,0.0
6,SIAgent1,MALE_YOUNG,54,45.26126118011725,90,45.26126118011722
6,WFAgent2,MALE_OLD_LOW_INCOME,41,36.11071610603356,359,0.0
6,SIAgent2,FEMALE_LOW_INCOME,100,86.37968737337582,684,0.0
6,WFAgent3,MALE_YOUNG_LOW_INCOME,42,45.74792906908059,54,45.26126118011722
6,WFAgent4,MALE_OLD_HIGH_INCOME,19,18.645538544258446,183,0.0
6,SIAgent0,MALE_YOUNG_HIGH_INCOME,12,13.17065374562223,15,12.572572550032566
7,SIAgent5,MALE_OLD,60,61.610659885752675,64,61.54344866226838
7,SIAgent3,MALE_OLD_HIGH_INCOME,19,18.557222962696148,134,0.0
7,WFAgent0,FEMALE_YOUNG_HIGH_INCOME,6,6.175486541850558,62,0.0
7,SIAgent4,OLD_HIGH_INCOME,28,28.825912588190338,38,28.751641280017903
7,WFAgent1,MALE_LOW_INCOME,83,93.40513604803468,363,0.0
7,SIAgent1,OLD_LOW_INCOME,96,92.13739291693977,668,84.4592768405282
7,WFAgent2,MALE_OLD_HIGH_INCOME,19,18.469051179292943,0,0.0
7,SIAgent2,FEMALE_YOUNG_LOW_INCOME,45,45.024105055398266,403,0.0
7,WFAgent3,OLD_LOW_INCOME,96,93.91255107797697,97,93.09715742649136
7,WFAgent4,YOUNG_LOW_INCOME,87,86.0543345083487,0,0.0
7,SIAgent0,MALE_YOUNG_HIGH_INCOME,12,14.459773377581026,94,0.0
8,SIAgent5,OLD_HIGH_INCOME,28,27.657975229884652,247,0.0
8,SIAgent3,MALE_YOUNG_HIGH_INCOME,12,12.54206841473476,86,0.0
8,WFAgent0,FEMALE_OLD_LOW_INCOME,55,52.786771517470186,471,0.0
8,SIAgent4,MALE_LOW_INCOME,83,80.6198731526059,636,52.45148373784001
8,WFAgent1,FEMALE_YOUNG_HIGH_INCOME,6,5.509771447620307,49,0.0
8,SIAgent1,MALE_YOUNG_LOW_INCOME,42,44.56879500288599,45,43.709569781533325
8,WFAgent2,MALE_OLD_LOW_INCOME,41,39.89472873848658,41,39.82427468984147
8,SIAgent2,FEMALE_OLD_HIGH_INCOME,10,10.673159256441782,10,9.877848296387375
8,WFAgent3,MALE_YOUNG_HIGH_INCOME,12,11.307631380182228,0,0.0
8,WFAgent4,FEMALE_OLD,64,57.39280922472599,0,0.0
8,SIAgent0,MALE_OLD_HIGH_INCOME,19,20.726429314406694,20,19.75569659277475
9,SIAgent5,OLD_HIGH_INCOME,28,30.346397282610415,29,30.049612062540074
9,SIAgent3,OLD_HIGH_INCOME,28,29.013418543142144,30,28.363205155099877
9,WFAgent0,OLD_HIGH_INCOME,28,28.585395720984028,30,28.296136314354847
9,SIAgent4,FEMALE_HIGH_INCOME,16,16.387670724353576,35,15.768581058174926
9,WFAgent1,FEMALE_LOW_INCOME,100,93.01466397507292,0,0.0
9,SIAgent1,YOUNG_LOW_INCOME,87,86.55985976486922,785,0.0
9,WFAgent2,YOUNG_HIGH_INCOME,18,16.982988029567945,107,0.0
9,SIAgent2,FEMALE_OLD,64,62.07393009660476,65,61.30829534776891
9,WFAgent3,OLD_HIGH_INCOME,28,27.595016851806115,122,0.0
9,WFAgent4,MALE_OLD_HIGH_INCOME,19,17.0966815321068,0,0.0
9,SIAgent0,FEMALE_OLD,64,60.36509080395703,433,0.0
10,SIAgent5,FEMALE_OLD,64,61.05790493330029,457,0.0
10,SIAgent3,MALE_OLD_LOW_INCOME,41,35.424323453818054,363,0.0
10,WFAgent0,FEMALE_YOUNG_HIGH_INCOME,6,5.463629058121698,6,5.310624096294246
10,SIAgent4,FEMALE_HIGH_INCOME,16,15.407836779221554,17,15.0467682728337
10,WFAgent1,FEMALE_OLD_HIGH_INCOME,10,11.297795518785351,11,10.688864252072433
10,SIAgent1,YOUNG_LOW_INCOME,87,93.18325364156463,200,92.93592168514932
10,WFAgent2,FEMALE_OLD_HIGH_INCOME,10,9.717149320065849,10,9.54029764582817
10,SIAgent2,FEMALE_OLD_LOW_INCOME,55,55.46637750887932,58,55.33372634580347
10,WFAgent3,MALE_OLD,60,58.51493197152663,159,0.0
10,WFAgent4,FEMALE_OLD_HIGH_INCOME,10,9.959967392682273,10,9.629897987013472
10,SIAgent0,FEMALE_YOUNG,51,45.140304818501086,332,6.1957281123432875
11,SIAgent5,OLD_HIGH_INCOME,28,29.843548203335917,44,29.29039651512909
11,SIAgent3,MALE_YOUNG_HIGH_INCOME,12,13.670786662771132,14,13.043745650207041
11,WFAgent0,YOUNG_LOW_INCOME,87,68.4220638466333,0,0.0
11,SIAgent4,MALE_LOW_INCOME,83,89.81499610973876,729,0.0
11,WFAgent1,MALE_HIGH_INCOME,31,31.620985932360714,33,30.82857063245036
11,SIAgent1,MALE_OLD_HIGH_INCOME,19,17.74978309141082,97,0.0
11,WFAgent2,MALE_YOUNG_HIGH_INCOME,12,11.61760740979182,79,0.0
11,SIAgent2,FEMALE_YOUNG_HIGH_INCOME,6,6.307590927816148,43,0.0
11,WFAgent3,MALE_OLD,60,56.691090029282144,0,0.0
11,WFAgent4,MALE_YOUNG,54,50.31159036508432,0,0.0
11,SIAgent0,FEMALE_YOUNG_LOW_INCOME,45,42.42281979063534,412,0.0
12,SIAgent5,FEMALE_YOUNG,51,48.89998365675,437,41.03540839713616
12,SIAgent3,FEMALE_OLD_HIGH_INCOME,10,9.204637570497763,16,0.0
12,WFAgent0,FEMALE_YOUNG_LOW_INCOME,45,42.37695183147803,0,0.0
12,SIAgent4,FEMALE_YOUNG_HIGH_INCOME,6,5.352444573539494,0,0.0
12,WFAgent1,OLD_HIGH_INCOME,28,28.118912311433046,146,18.880211256517974
12,SIAgent1,FEMALE_OLD,64,59.54084011972255,396,58.90968045118562
12,WFAgent2,MALE_OLD_LOW_INCOME,41,37.1791347359104,263,18.880211256517974
12,SIAgent2,OLD_LOW_INCOME,96,96.54149980252315,106,95.65701399737665
12,WFAgent3,MALE_YOUNG_LOW_INCOME,42,44.33477891800688,361,0.0
12,WFAgent4,MALE_YOUNG_LOW_INCOME,42,39.94060228523262,0,0.0
12,SIAgent0,MALE_OLD,60,51.49148524504902,60,51.49148524504895
13,SIAgent5,FEMALE_YOUNG_HIGH_INCOME,6,6.046158756923677,6,5.85676515377539
13,SIAgent3,FEMALE_HIGH_INCOME,16,15.618040410067707,17,15.448845909161903
13,WFAgent0,MALE_YOUNG_LOW_INCOME,42,43.3940790277775,204,0.0
13,SIAgent4,FEMALE_YOUNG_HIGH_INCOME,6,4.83158271366251,45,0.0
13,WFAgent1,MALE_LOW_INCOME,83,94.55332755187875,107,94.12820403298488
13,SIAgent1,MALE_YOUNG_LOW_INCOME,42,52.19904248153398,50,51.65961789021127
13,WFAgent2,MALE_OLD_LOW_INCOME,41,42.84206679762775,45,42.79825891973056
13,SIAgent2,MALE_OLD,60,57.06434522630738,471,51.35791070367667
13,WFAgent3,YOUNG_LOW_INCOME,87,76.53414720438968,400,0.0
13,WFAgent4,FEMALE_OLD_LOW_INCOME,55,65.18901900446197,70,65.1652727616533
13,SIAgent0,FEMALE_OLD,64,59.57967795351153,485,57.71781301746435
14,SIAgent5,OLD_LOW_INCOME,96,101.09258467261398,106,101.08907788783455
14,SIAgent3,FEMALE_OLD_HIGH_INCOME,10,8.290995058159961,9,7.461895552343966
14,WFAgent0,FEMALE_HIGH_INCOME,16,14.457721826377053,0,0.0
14,SIAgent4,FEMALE_OLD_LOW_INCOME,55,50.67551239139703,412,0.0
14,WFAgent1,FEMALE_OLD_HIGH_INCOME,10,8.784060121557099,78,7.461895552343966
14,SIAgent1,MALE_OLD_LOW_INCOME,41,39.768537762535864,296,0.0
14,WFAgent2,MALE_OLD_LOW_INCOME,41,46.55384619764298,45,46.39014800927034
14,SIAgent2,MALE_YOUNG_HIGH_INCOME,12,11.465362949075255,113,0.0
14,WFAgent3,FEMALE_LOW_INCOME,100,96.96263322502689,393,0.0
14,WFAgent4,YOUNG_HIGH_INCOME,18,19.100203392243564,42,0.0
14,SIAgent0,MALE_OLD_HIGH_INCOME,19,19.727134110001103,145,0.0
15,SIAgent5,YOUNG_LOW_INCOME,87,89.41741576422982,99,88.96538368112539
15,SIAgent3,FEMALE_YOUNG,51,56.355834918436074,55,56.18518653703392
15,WFAgent0,FEMALE_LOW_INCOME,100,128.18117885986638,482,0.0
15,SIAgent4,MALE_OLD_LOW_INCOME,41,47.07781538894609,342,0.0
15,WFAgent1,MALE_OLD,60,51.98310987807425,76,0.0
15,SIAgent1,FEMALE_HIGH_INCOME,16,15.52974272106313,128,0.0
15,WFAgent2,FEMALE_LOW_INCOME,100,89.53454829925589,0,0.0
15,SIAgent2,MALE_HIGH_INCOME,31,31.197392604470277,112,30.34936177866446
15,WFAgent3,YOUNG_HIGH_INCOME,18,20.170737597251897,20,20.12735006740018
15,WFAgent4,FEMALE_YOUNG,51,45.778998026914245,320,0.0
15,SIAgent0,MALE_YOUNG,54,48.61963710779124,366,0.0
16,SIAgent5,FEMALE_OLD,64,63.1196719346108,548,62.942538833331255
16,SIAgent3,YOUNG_LOW_INCOME,87,90.11639430162688,94,89.46866388638144
16,WFAgent0,FEMALE_YOUNG_LOW_INCOME,45,42.18945727602181,45,41.634933032612075
16,SIAgent4,FEMALE_OLD_HIGH_INCOME,10,8.378295138621583,7,0.0
16,WFAgent1,FEMALE_YOUNG,51,46.57257615513975,0,0.0
16,SIAgent1,YOUNG_HIGH_INCOME,18,18.126849741602406,152,0.0
16,WFAgent2,FEMALE_OLD_LOW_INCOME,55,46.87056906737855,38,0.0
16,SIAgent2,FEMALE_YOUNG_LOW_INCOME,45,41.634933032612075,297,28.681842755799448
16,WFAgent3,FEMALE_OLD_HIGH_INCOME,10,10.097949916636201,10,9.862448739782936
16,WFAgent4,OLD_HIGH_INCOME,28,23.32238074619357,148,0.0
16,SIAgent0,MALE_LOW_INCOME,83,81.30042821918286,661,0.0
17,SIAgent5,FEMALE_OLD,64,83.62547720790373,76,83.43773423810131
17,SIAgent3,MALE_YOUNG,54,45.88671987775261,477,0.0
17,WFAgent0,FEMALE_YOUNG,51,48.01385421982106,176,0.0
17,SIAgent4,FEMALE_YOUNG,51,57.481631516902304,67,56.512436534585454
17,WFAgent1,MALE_OLD,60,66.2793548549904,167,0.0
17,SIAgent1,FEMALE_LOW_INCOME,100,100.91506524033105,169,100.91506524033099
17,WFAgent2,FEMALE_OLD,64,65.28920666904686,258,58.53073783939208
17,SIAgent2,FEMALE_OLD,64,70.26335514787479,85,69.63139501582849
17,WFAgent3,FEMALE_OLD_HIGH_INCOME,10,8.820873781848729,0,0.0
17,WFAgent4,FEMALE_YOUNG_LOW_INCOME,45,49.6913278661951,49,49.44838196776226
17,SIAgent0,MALE_YOUNG_HIGH_INCOME,12,11.131614252795579,13,11.046802933533034
18,SIAgent5,MALE_YOUNG_HIGH_INCOME,12,14.168188408172535,89,0.0
18,SIAgent3,FEMALE_YOUNG_LOW_INCOME,45,46.2958953952171,51,46.16511926164921
18,WFAgent0,OLD_HIGH_INCOME,28,29.538315074033953,92,0.0
18,SIAgent4,FEMALE_YOUNG,51,54.60558979026227,53,53.93415356866389
18,WFAgent1,MALE_OLD,60,50.43675422894285,0,0.0
18,SIAgent1,FEMALE_YOUNG,51,46.16511926164924,325,0.0
18,WFAgent2,FEMALE_OLD_HIGH_INCOME,10,9.836513746874058,0,0.0
18,SIAgent2,MALE_OLD_HIGH_INCOME,19,18.876309679094593,142,0.0
18,WFAgent3,MALE_YOUNG_LOW_INCOME,42,44.223785449721504,384,0.0
18,WFAgent4,MALE_YOUNG_LOW_INCOME,42,43.61224706746134,0,0.0
18,SIAgent0,FEMALE_YOUNG_HIGH_INCOME,6,5.580662822548255,6,5.431190501370499
19,SIAgent5,MALE_YOUNG,54,51.3431228776023,157,50.82775962068796
19,SIAgent3,MALE_HIGH_INCOME,31,25.413879810344,189,0.0
19,WFAgent0,MALE_OLD_LOW_INCOME,41,39.75678903617424,313,0.0
19,SIAgent4,MALE_YOUNG_LOW_INCOME,42,40.133357217939974,42,40.13335721793995
19,WFAgent1,MALE_LOW_INCOME,83,95.64177756574198,100,95.3082196973474
19,SIAgent1,OLD_HIGH_INCOME,28,26.24915932239972,29,25.53928568038101
19,WFAgent2,OLD_HIGH_INCOME,28,23.958481797763163,0,0.0
19,SIAgent2,FEMALE_YOUNG_HIGH_INCOME,6,5.805157262876191,53,0.0
19,WFAgent3,MALE_YOUNG,54,50.293232822741004,121,0.0
19,WFAgent4,FEMALE_HIGH_INCOME,16,16.980970327130322,71,10.312169733799891
19,SIAgent0,MALE_OLD_HIGH_INCOME,19,19.26206969246117,20,18.749399515999798
20,SIAgent5,MALE_LOW_INCOME,83,93.18885810239789,95,92.68389205854592
20,SIAgent3,MALE_OLD,60,68.52593340287513,63,67.70998445317359
20,WFAgent0,MALE_OLD_LOW_INCOME,41,46.80408554384376,46,46.393032535472706
20,SIAgent4,MALE_OLD_HIGH_INCOME,19,18.308662085637373,19,18.112315487468763
20,WFAgent1,FEMALE_LOW_INCOME,100,113.65449220397156,406,0.0
20,SIAgent1,MALE_OLD,60,57.196785749901366,173,56.48791522316844
20,WFAgent2,MALE_HIGH_INCOME,31,29.193818127377206,25,23.150784927528086
20,SIAgent2,MALE_YOUNG,54,50.95178135131328,182,50.93172684056172
20,WFAgent3,YOUNG_HIGH_INCOME,18,16.605633347991137,0,0.0
20,WFAgent4,YOUNG_HIGH_INCOME,18,17.167308225410203,48,0.0
20,SIAgent0,MALE_HIGH_INCOME,31,28.706973310134828,81,18.520627942022468
21,SIAgent5,OLD_HIGH_INCOME,28,27.59815494319828,73,26.997621579585342
21,SIAgent3,MALE_HIGH_INCOME,31,31.1552267798523,57,30.555100115683793
21,WFAgent0,MALE_OLD_HIGH_INCOME,19,17.559392477320067,65,0.0
21,SIAgent4,OLD_HIGH_INCOME,28,31.955209407174053,31,31.039073231948702
21,WFAgent1,MALE_YOUNG_HIGH_INCOME,12,11.960582667072195,61,0.0
21,SIAgent1,FEMALE_OLD_HIGH_INCOME,10,8.708910186963008,29,0.0
21,WFAgent2,FEMALE_LOW_INCOME,100,107.88764356864444,340,59.823585895638224
21,SIAgent2,FEMALE_YOUNG_LOW_INCOME,45,44.391751461811474,405,0.0
21,WFAgent3,FEMALE_OLD_LOW_INCOME,55,64.73664077560223,67,64.64806862915744
21,WFAgent4,FEMALE_OLD_LOW_INCOME,55,50.934939482087486,0,0.0
21,SIAgent0,FEMALE_OLD_LOW_INCOME,55,53.069310068711374,55,53.06931006871134
22,SIAgent5,YOUNG_LOW_INCOME,87,76.62000263290709,406,35.227587417428516
22,SIAgent3,FEMALE_LOW_INCOME,100,94.72538058046914,105,94.40277646145022
22,WFAgent0,MALE_YOUNG_LOW_INCOME,42,37.0880629482038,42,36.98896678829994
22,SIAgent4,FEMALE_OLD,64,64.46399363931978,68,64.41325879471906
22,WFAgent1,MALE_YOUNG,54,60.824139086765484,98,0.0
22,SIAgent1,YOUNG_LOW_INCOME,87,83.56219150202269,87,82.74185995472499
22,WFAgent2,FEMALE_OLD,64,63.00494021061298,290,36.94289842638299
22,SIAgent2,YOUNG_LOW_INCOME,87,98.1720098802197,102,97.96946589892305
22,WFAgent3,FEMALE_OLD,64,72.99289235402826,68,13.436711504864103
22,WFAgent4,MALE_YOUNG,54,52.0252646995558,56,51.153913694625885
22,SIAgent0,FEMALE_OLD,64,71.76986663936819,70,71.19241863676045
23,SIAgent5,MALE_OLD_HIGH_INCOME,19,20.588391925227853,156,0.0
23,SIAgent3,MALE_OLD,60,66.7563047085215,61,66.67372392258902
23,WFAgent0,YOUNG_LOW_INCOME,87,90.58319206159878,288,0.0
23,SIAgent4,FEMALE_YOUNG_LOW_INCOME,45,39.988272884426614,393,0.0
23,WFAgent1,FEMALE_OLD_HIGH_INCOME,10,9.01618790489289,73,0.0
23,SIAgent1,MALE_LOW_INCOME,83,91.1010680745117,104,90.35996365115349
23,WFAgent2,MALE_HIGH_INCOME,31,27.542225182486018,0,0.0
23,SIAgent2,FEMALE_OLD_LOW_INCOME,55,47.63256735460499,483,0.0
23,WFAgent3,MALE_YOUNG_HIGH_INCOME,12,12.927421498199598,97,0.0
23,WFAgent4,MALE_LOW_INCOME,83,69.2627537833815,0,0.0
23,SIAgent0,MALE_OLD_LOW_INCOME,41,39.4458758674089,292,0.0
24,SIAgent5,MALE_HIGH_INCOME,31,32.484738606061384,243,0.0
24,SIAgent3,OLD_LOW_INCOME,96,99.24859908110136,124,99.10631259089814
24,WFAgent0,YOUNG_HIGH_INCOME,18,18.426645665537485,54,0.0
24,SIAgent4,FEMALE_OLD_LOW_INCOME,55,55.62088971938169,60,55.01530047505935
24,WFAgent1,MALE_OLD_HIGH_INCOME,19,18.415464916648776,0,0.0
24,SIAgent1,MALE_OLD,60,63.228416853559,60,62.31147882533715
24,WFAgent2,MALE_YOUNG,54,54.24264337123101,0,0.0
24,SIAgent2,FEMALE_LOW_INCOME,100,91.6921674584322,740,0.0
24,WFAgent3,FEMALE_OLD_LOW_INCOME,55,45.59931694924605,0,0.0
24,WFAgent4,MALE_OLD_LOW_INCOME,41,37.61423039116139,274,0.0
24,SIAgent0,FEMALE_OLD_HIGH_INCOME,10,11.068988400065926,84,0.0
25,SIAgent5,YOUNG_HIGH_INCOME,18,14.244386216441804,64,0.0
25,SIAgent3,OLD_LOW_INCOME,96,90.98178956378486,749,43.59544083264696
25,WFAgent0,FEMALE_OLD_LOW_INCOME,55,54.863356018614056,57,54.020437553497324
25,SIAgent4,MALE_OLD_HIGH_INCOME,19,13.948369501097378,104,0.0
25,WFAgent1,MALE_HIGH_INCOME,31,31.01310911710582,39,30.862836802290595
25,SIAgent1,OLD_HIGH_INCOME,28,25.212803317381123,32,24.82265114469807
25,WFAgent2,MALE_OLD_LOW_INCOME,41,40.8318572987545,43,40.752259908778676
25,SIAgent2,MALE_OLD_HIGH_INCOME,19,18.449640564177002,20,18.009145226700802
25,WFAgent3,FEMALE_OLD,64,63.45900617979076,86,12.606401658690562
25,WFAgent4,MALE_YOUNG,54,52.13384904936722,385,0.0
25,SIAgent0,FEMALE_YOUNG,51,49.14879807358974,421,39.56773949011612
26,SIAgent5,FEMALE_LOW_INCOME,100,94.40581636655537,105,93.85747534926166
26,SIAgent3,MALE_YOUNG_LOW_INCOME,42,41.89218399236405,374,0.0
26,WFAgent0,MALE_OLD_LOW_INCOME,41,41.103514947506014,331,0.0
26,SIAgent4,FEMALE_YOUNG_LOW_INCOME,45,44.36376726666652,46,43.426675528615434
26,WFAgent1,MALE_OLD_LOW_INCOME,41,34.49788627396115,0,0.0
26,SIAgent1,MALE_YOUNG_HIGH_INCOME,12,12.611685469054812,112,0.0
26,WFAgent2,FEMALE_YOUNG,51,49.24612319549779,54,48.373150897739954
26,SIAgent2,OLD_HIGH_INCOME,28,25.481760366414033,250,0.0
26,WFAgent3,FEMALE_YOUNG_HIGH_INCOME,6,6.132962084489222,58,0.0
26,WFAgent4,YOUNG_HIGH_INCOME,18,18.34128175812675,0,0.0
26,SIAgent0,FEMALE_LOW_INCOME,100,88.7406208443817,670,0.0
27,SIAgent5,FEMALE_YOUNG_LOW_INCOME,45,45.0120841491399,389,0.0
27,SIAgent3,OLD_HIGH_INCOME,28,29.817703352109294,30,29.502224266099965
27,WFAgent0,FEMALE_YOUNG_HIGH_INCOME,6,5.564844720282717,0,0.0
27,SIAgent4,OLD_LOW_INCOME,96,94.74239709230983,744,0.0
27,WFAgent1,MALE_OLD,60,61.199532229503944,111,22.618371937343305
27,SIAgent1,OLD_LOW_INCOME,96,99.45421213188041,100,98.68999697115594
27,WFAgent2,YOUNG_LOW_INCOME,87,102.22934001840484,323,61.758696409477714
27,SIAgent2,MALE_YOUNG,54,49.77566576286259,95,48.85389417466147
27,WFAgent3,FEMALE_YOUNG_LOW_INCOME,45,43.57873960916793,0,0.0
27,WFAgent4,FEMALE_YOUNG_HIGH_INCOME,6,6.676980669065228,55,0.0
27,SIAgent0,OLD_HIGH_INCOME,28,27.535409315026623,52,26.552001839489968
28,SIAgent5,FEMALE_HIGH_INCOME,16,17.184726042173914,115,11.814499153994563
28,SIAgent3,MALE_LOW_INCOME,83,91.66589200436894,87,91.5381455098498
28,WFAgent0,OLD_LOW_INCOME,96,95.95118535122542,178,0.0
28,SIAgent4,OLD_LOW_INCOME,96,99.31145379461333,425,98.27695948425291
28,WFAgent1,MALE_LOW_INCOME,83,76.35531389150619,0,0.0
28,SIAgent1,MALE_YOUNG_LOW_INCOME,42,44.852237151582976,45,44.79790830635289
28,WFAgent2,FEMALE_YOUNG_HIGH_INCOME,6,6.5820599246841445,6,6.444272265815217
28,SIAgent2,MALE_YOUNG,54,53.7574899676235,357,0.0
28,WFAgent3,MALE_OLD_HIGH_INCOME,19,18.083815931116643,168,0.0
28,WFAgent4,OLD_LOW_INCOME,96,105.67052437932607,209,93.10448793245013
28,SIAgent0,FEMALE_HIGH_INCOME,16,17.824398602756418,16,17.18472604217391
29,SIAgent5,YOUNG_HIGH_INCOME,18,19.572804483627813,20,18.936130085627052
29,SIAgent3,MALE_YOUNG_LOW_INCOME,42,51.6833383477438,51,51.62629952988473
29,WFAgent0,FEMALE_YOUNG_LOW_INCOME,45,50.204761358314684,0,0.0
29,SIAgent4,MALE_OLD,60,56.162524184866264,198,55.853378659879965
29,WFAgent1,FEMALE_OLD,64,52.7225364340246,80,0.0
29,SIAgent1,MALE_HIGH_INCOME,31,27.483408546925087,145,25.710285414865393
29,WFAgent2,FEMALE_OLD_LOW_INCOME,55,49.017914932517186,485,0.0
29,SIAgent2,MALE_YOUNG_LOW_INCOME,42,42.51577608343445,315,0.0
29,WFAgent3,FEMALE_YOUNG,51,59.1045246572274,38,1.0873780268682118
29,WFAgent4,MALE_HIGH_INCOME,31,32.75888837382957,36,31.916216377074274
29,SIAgent0,FEMALE_YOUNG_LOW_INCOME,45,53.29317719786405,416,0.0
30,SIAgent5,YOUNG_HIGH_INCOME,18,19.7124460032063,18,19.143611650224575
30,SIAgent3,YOUNG_LOW_INCOME,87,87.36659053600413,672,0.0
30,WFAgent0,MALE_YOUNG_HIGH_INCOME,12,13.080776706532689,81,0.0
30,SIAgent4,FEMALE_YOUNG_HIGH_INCOME,6,4.863020924955423,6,4.863020924955423
30,WFAgent1,MALE_YOUNG_HIGH_INCOME,12,12.715532433988974,0,0.0
30,SIAgent1,MALE_LOW_INCOME,83,88.34998295786804,175,87.36659053600414
30,WFAgent2,FEMALE_YOUNG_HIGH_INCOME,6,6.151903301450668,22,4.863020924955423
30,SIAgent2,OLD_HIGH_INCOME,28,33.19680852992334,81,32.9058536200299
30,WFAgent3,MALE_HIGH_INCOME,31,32.969553397609,102,0.0
30,WFAgent4,OLD_LOW_INCOME,96,101.16453148818648,261,0.0
30,SIAgent0,FEMALE_HIGH_INCOME,16,17.54978859734929,37,17.107360671805527
31,SIAgent5,MALE_YOUNG_HIGH_INCOME,12,10.783427797875005,14,10.310104817117791
31,SIAgent3,FEMALE_YOUNG_HIGH_INCOME,6,5.899833763682174,8,5.891488466924451
31,WFAgent0,MALE_HIGH_INCOME,31,29.2835895010819,140,0.0
31,SIAgent4,FEMALE_YOUNG_HIGH_INCOME,6,7.126545828521714,7,6.883139390962536
31,WFAgent1,FEMALE_HIGH_INCOME,16,15.975303195015762,93,0.0
31,SIAgent1,OLD_LOW_INCOME,96,102.89399621653216,102,101.95491914818538
31,WFAgent2,FEMALE_OLD,64,57.921667097098066,0,0.0
31,SIAgent2,YOUNG_HIGH_INCOME,18,13.255849050580014,130,0.0
31,WFAgent3,MALE_OLD_HIGH_INCOME,19,18.835208548089277,22,18.38136461986698
31,WFAgent4,MALE_OLD,60,50.130994417819046,0,0.0
31,SIAgent0,OLD_LOW_INCOME,96,95.95757096299789,695,0.0
32,SIAgent5,FEMALE_OLD_LOW_INCOME,55,54.686647798745604,54,53.69234511149569
32,SIAgent3,MALE_OLD_LOW_INCOME,41,45.011915747195424,334,0.0
32,WFAgent0,FEMALE_HIGH_INCOME,16,15.826529973417465,53,13.814073307618491
32,SIAgent4,YOUNG_HIGH_INCOME,18,17.234097450114724,51,16.576887969142188
32,WFAgent1,FEMALE_LOW_INCOME,100,112.09291144753101,393,0.0
32,SIAgent1,FEMALE_YOUNG_HIGH_INCOME,6,7.312080205288609,7,6.702149008377949
32,WFAgent2,FEMALE_LOW_INCOME,100,110.02529714711815,0,0.0
32,SIAgent2,FEMALE_HIGH_INCOME,16,14.735011528126389,19,13.814073307618491
32,WFAgent3,FEMALE_OLD_HIGH_INCOME,10,10.451767150226726,11,10.130320425586893
32,WFAgent4,FEMALE_OLD_LOW_INCOME,55,54.99828644850464,438,37.783502115496965
32,SIAgent0,MALE_OLD_LOW_INCOME,41,51.57284143177381,46,50.50117376514605
33,SIAgent5,YOUNG_LOW_INCOME,87,90.74665416783166,185,90.33543199360541
33,SIAgent3,FEMALE_OLD,64,55.84714937955994,353,34.03185665316937
33,WFAgent0,FEMALE_OLD_LOW_INCOME,55,68.6856200082272,60,68.62859058129351
33,SIAgent4,OLD_LOW_INCOME,96,114.16002765809006,101,113.64247400754357
33,WFAgent1,MALE_OLD,60,55.77645695906814,154,0.0
33,SIAgent1,FEMALE_YOUNG_LOW_INCOME,45,42.790467786444616,295,0.0
33,WFAgent2,MALE_OLD_LOW_INCOME,41,37.25082081164489,0,0.0
33,SIAgent2,MALE_YOUNG_HIGH_INCOME,12,10.953611618640974,97,0.0
33,WFAgent3,OLD_HIGH_INCOME,28,30.069319409038442,33,28.796186398835616
33,WFAgent4,MALE_OLD_LOW_INCOME,41,39.800352666389244,283,0.0
33,SIAgent0,OLD_LOW_INCOME,96,103.27432083803907,114,103.01148106192933
34,SIAgent5,FEMALE_YOUNG_LOW_INCOME,45,42.85759622010537,375,0.0
34,SIAgent3,MALE_YOUNG_LOW_INCOME,42,44.974199446039044,47,44.80491298780048
34,WFAgent0,MALE_OLD_LOW_INCOME,41,36.37171193405782,398,0.0
34,SIAgent4,FEMALE_OLD_LOW_INCOME,55,58.56930601185116,453,0.0
34,WFAgent1,MALE_LOW_INCOME,83,77.40053311747485,83,0.0
34,SIAgent1,YOUNG_HIGH_INCOME,18,15.767769744853291,53,4.379936040237025
34,WFAgent2,FEMALE_YOUNG_HIGH_INCOME,6,5.592220260662716,6,5.2559232482844305
34,SIAgent2,YOUNG_HIGH_INCOME,18,19.12869928087308,20,18.370141103613992
34,WFAgent3,FEMALE_HIGH_INCOME,16,17.093503471552513,92,0.0
34,WFAgent4,FEMALE_HIGH_INCOME,16,15.125201164701926,0,0.0
34,SIAgent0,MALE_YOUNG,54,51.477985134919685,302,50.807258066749505
35,SIAgent5,YOUNG_LOW_INCOME,87,98.43016453256172,170,98.03556149845933
35,SIAgent3,FEMALE_LOW_INCOME,100,99.02581969541363,175,99.02581969541346
35,WFAgent0,MALE_OLD_LOW_INCOME,41,41.84144525569277,44,41.07036242863715
35,SIAgent4,MALE_OLD,60,56.005039675414324,434,42.93719708448429
35,WFAgent1,MALE_LOW_INCOME,83,70.76185878571955,319,0.0
35,SIAgent1,MALE_HIGH_INCOME,31,34.78953520666746,71,34.53644113317215
35,WFAgent2,OLD_LOW_INCOME,96,104.13841418331009,344,73.27910657460608
35,SIAgent2,FEMALE_OLD_HIGH_INCOME,10,10.803460696581567,64,0.0
35,WFAgent3,FEMALE_OLD,64,58.002556281560665,0,0.0
35,WFAgent4,FEMALE_YOUNG,51,43.5023858578884,235,0.0
35,SIAgent0,FEMALE_OLD_HIGH_INCOME,10,10.866418242671672,10,10.803460696581569
36,SIAgent5,YOUNG_LOW_INCOME,87,85.61256931847217,163,85.23363066951123
36,SIAgent3,MALE_YOUNG_HIGH_INCOME,12,13.018808066405622,12,12.582347484486439
36,WFAgent0,YOUNG_HIGH_INCOME,18,18.873521226729654,20,18.482053017029255
36,SIAgent4,YOUNG_HIGH_INCOME,18,16.633847715326326,61,15.709745064474868
36,WFAgent1,YOUNG_HIGH_INCOME,18,17.608732349531493,37,14.785642413623405
36,SIAgent1,MALE_OLD_HIGH_INCOME,19,19.33236080293814,162,0.0
36,WFAgent2,MALE_YOUNG_HIGH_INCOME,12,12.88217942676808,13,12.71741780799497
36,SIAgent2,FEMALE_OLD_HIGH_INCOME,10,9.883128764915803,73,0.0
36,WFAgent3,FEMALE_LOW_INCOME,100,97.35257105386097,208,81.44546930642184
36,WFAgent4,FEMALE_OLD_LOW_INCOME,55,60.22619685128055,63,59.66354146865787
36,SIAgent0,FEMALE_LOW_INCOME,100,94.7040340772348,367,94.7040340772347
37,SIAgent5,MALE_LOW_INCOME,83,86.36099560885576,83,86.16272588602004
37,SIAgent3,MALE_OLD_LOW_INCOME,41,41.82401183711127,257,0.0
37,WFAgent0,YOUNG_HIGH_INCOME,18,18.171709780954373,0,0.0
37,SIAgent4,MALE_YOUNG,54,56.057677082470825,350,13.49536670503927
37,WFAgent1,FEMALE_LOW_INCOME,100,105.63036265916433,378,28.44912136623129
37,SIAgent1,FEMALE_LOW_INCOME,100,105.36711617122701,100,104.83210186687329
37,WFAgent2,MALE_OLD_LOW_INCOME,41,38.24970892448579,0,0.0
37,SIAgent2,OLD_LOW_INCOME,96,100.45835891332456,156,99.43870299495545
37,WFAgent3,YOUNG_HIGH_INCOME,18,19.20991194372943,18,18.68589236082361
37,WFAgent4,FEMALE_YOUNG_HIGH_INCOME,6,5.552937869611479,0,0.0
37,SIAgent0,FEMALE_YOUNG_HIGH_INCOME,6,6.289939237533282,53,0.0
38,SIAgent5,FEMALE_LOW_INCOME,100,98.39248462596755,109,98.03137468077104
38,SIAgent3,MALE_YOUNG_HIGH_INCOME,12,11.857934733565838,121,0.0
38,WFAgent0,MALE_YOUNG_LOW_INCOME,42,37.59557302112271,280,23.88018945270091
38,SIAgent4,MALE_OLD_LOW_INCOME,41,34.8994907331219,84,0.0
38,WFAgent1,FEMALE_HIGH_INCOME,16,15.83956854806901,40,0.0
38,SIAgent1,OLD_LOW_INCOME,96,84.68453324270884,412,84.26950201412355
38,WFAgent2,OLD_HIGH_INCOME,28,24.212045740086833,86,0.0
38,SIAgent2,YOUNG_LOW_INCOME,87,79.82999122942651,114,79.60063150900292
38,WFAgent3,MALE_LOW_INCOME,83,91.04666219690021,103,90.97085064177017
38,WFAgent4,MALE_HIGH_INCOME,31,29.029469277801628,0,0.0
38,SIAgent0,MALE_LOW_INCOME,83,73.40947128052501,83,73.40947128052493
39,SIAgent5,FEMALE_LOW_INCOME,100,115.06709278437143,102,114.19319956933896
39,SIAgent3,FEMALE_LOW_INCOME,100,115.30707081607162,100,115.06709278437162
39,WFAgent0,YOUNG_LOW_INCOME,87,77.89998999977853,0,0.0
39,SIAgent4,MALE_YOUNG_HIGH_INCOME,12,8.441707843788016,46,0.0
39,WFAgent1,FEMALE_OLD_LOW_INCOME,55,61.9877076894108,330,42.542564545440065
39,SIAgent1,FEMALE_HIGH_INCOME,16,13.183937121506249,75,12.359941051412113
39,WFAgent2,FEMALE_YOUNG,51,51.56623285281933,55,51.373944709998646
39,SIAgent2,MALE_HIGH_INCOME,31,32.177770542367135,157,31.656404414205046
39,WFAgent3,FEMALE_YOUNG,51,47.637657821998715,18,6.591968560753124
39,WFAgent4,FEMALE_YOUNG,51,50.34968021154954,184,0.0
39,SIAgent0,FEMALE_LOW_INCOME,100,111.95411722484226,108,111.25309113542262
40,SIAgent5,FEMALE_LOW_INCOME,100,110.25308832424376,103,109.77601950632902
40,SIAgent3,YOUNG_HIGH_INCOME,18,14.889091138767089,17,14.061919408835589
40,WFAgent0,FEMALE_YOUNG_LOW_INCOME,45,44.35016363848197,0,0.0
40,SIAgent4,FEMALE_HIGH_INCOME,16,15.650962700236326,111,6.617373839452041
40,WFAgent1,MALE_OLD,60,52.61897491091378,160,0.0
40,SIAgent1,FEMALE_YOUNG_LOW_INCOME,45,47.21516064669988,301,0.0
40,WFAgent2,OLD_LOW_INCOME,96,105.38340276965678,0,0.0
40,SIAgent2,YOUNG_HIGH_INCOME,18,20.395534058823554,22,19.707912446825766
40,WFAgent3,MALE_HIGH_INCOME,31,32.604145751185285,51,15.7162628686986
40,WFAgent4,FEMALE_OLD_LOW_INCOME,55,68.58992638342797,464,63.946791228061365
40,SIAgent0,MALE_YOUNG_LOW_INCOME,42,40.12467868663699,388,0.0
41,SIAgent5,YOUNG_LOW_INCOME,87,83.66667632942786,119,83.33982870718151
41,SIAgent3,MALE_LOW_INCOME,83,72.81269244943229,128,71.93543109461989
41,WFAgent0,FEMALE_OLD,64,64.9760937481016,67,64.51821975234775
41,SIAgent4,FEMALE_OLD,64,68.30867570987981,70,67.364113259129
41,WFAgent1,MALE_OLD,60,48.3257600980195,0,0.0
41,SIAgent1,FEMALE_OLD_LOW_INCOME,55,52.79711197973713,338,0.0
41,WFAgent2,OLD_HIGH_INCOME,28,27.941115218068937,210,27.07392940571773
41,SIAgent2,OLD_HIGH_INCOME,28,26.14034563310679,28,26.140345633106776
41,WFAgent3,FEMALE_OLD,64,59.127995612460644,0,0.0
41,WFAgent4,MALE_LOW_INCOME,83,90.35270881234146,282,78.95352193311935
41,SIAgent0,FEMALE_LOW_INCOME,100,96.7706640006922,100,96.30104899619106
42,SIAgent5,YOUNG_LOW_INCOME,87,78.0340002678472,632,0.0
42,SIAgent3,FEMALE_OLD,64,54.852810391464146,467,0.0
42,WFAgent0,OLD_LOW_INCOME,96,112.15287726891643,349,0.0
42,SIAgent4,OLD_HIGH_INCOME,28,28.013073955375315,82,27.426405195732062
42,WFAgent1,MALE_HIGH_INCOME,31,32.79818523344913,85,0.0
42,SIAgent1,MALE_YOUNG,54,58.46595190276427,80,58.30126456793172
42,WFAgent2,OLD_HIGH_INCOME,28,27.193542590894,101,0.0
42,SIAgent2,FEMALE_YOUNG_LOW_INCOME,45,48.44468874853499,54,48.43489671797406
42,WFAgent3,MALE_OLD_HIGH_INCOME,19,22.41795469540163,22,22.010272393509183
42,WFAgent4,FEMALE_YOUNG_HIGH_INCOME,6,5.268393443377098,53,0.0
42,SIAgent0,FEMALE_OLD,64,66.71022202364024,75,66.2881218820519
43,SIAgent5,MALE_HIGH_INCOME,31,29.87074619053448,191,0.0
43,SIAgent3,MALE_LOW_INCOME,83,96.18028115638839,89,95.58491136785203
43,WFAgent0,FEMALE_LOW_INCOME,100,93.58803714909592,0,0.0
43,SIAgent4,MALE_LOW_INCOME,83,89.14098475878322,168,88.91733938454465
43,WFAgent1,MALE_YOUNG_LOW_INCOME,42,44.110944334228456,271,0.0
43,SIAgent1,FEMALE_OLD,64,61.72575525869736,549,0.0
43,WFAgent2,YOUNG_LOW_INCOME,87,83.32929589549718,0,0.0
43,SIAgent2,FEMALE_YOUNG_LOW_INCOME,45,46.851649486211514,48,45.97478394234329
43,WFAgent3,FEMALE_YOUNG,51,54.176944712694045,63,0.0
43,WFAgent4,YOUNG_LOW_INCOME,87,89.95126193552763,372,0.0
43,SIAgent0,MALE_HIGH_INCOME,31,33.23371238634107,34,32.76146356381202
44,SIAgent5,MALE_OLD,60,57.90096623565541,68,57.39078254037235
44,SIAgent3,MALE_OLD_HIGH_INCOME,19,18.728361662917866,19,18.335305974624212
44,WFAgent0,MALE_LOW_INCOME,83,78.93106321235653,0,0.0
44,SIAgent4,FEMALE_OLD_LOW_INCOME,55,48.969073025334154,342,0.0
44,WFAgent1,FEMALE_OLD,64,74.75242228750463,86,20.23653075237447
44,SIAgent1,FEMALE_LOW_INCOME,100,107.06045103670445,219,106.84161387345617
44,WFAgent2,MALE_YOUNG,54,61.63974794976295,101,0.0
44,SIAgent2,FEMALE_OLD_HIGH_INCOME,10,10.650805659144458,10,10.650805659144458
44,WFAgent3,MALE_YOUNG,54,58.02006780488487,384,0.0
44,WFAgent4,FEMALE_OLD_HIGH_INCOME,10,10.63928905372897,0,0.0
44,SIAgent0,MALE_OLD,60,50.638925770916735,446,0.0
45,SIAgent5,FEMALE_OLD,64,71.40192840728429,543,0.0
45,SIAgent3,MALE_OLD_HIGH_INCOME,19,16.43033962758981,136,0.0
45,WFAgent0,MALE_HIGH_INCOME,31,31.450476361032443,109,0.0
45,SIAgent4,MALE_LOW_INCOME,83,78.49424118457416,717,49.17711495901028
45,WFAgent1,FEMALE_YOUNG_LOW_INCOME,45,47.69111166428051,382,0.0
45,SIAgent1,FEMALE_YOUNG_HIGH_INCOME,6,6.306488622010442,7,6.2280729446685905
45,WFAgent2,MALE_OLD_LOW_INCOME,41,36.42020518778655,0,0.0
45,SIAgent2,FEMALE_YOUNG_HIGH_INCOME,6,5.338348238287363,40,0.0
45,WFAgent3,FEMALE_YOUNG,51,51.04537386960382,0,0.0
45,WFAgent4,MALE_OLD_LOW_INCOME,41,41.47255274645955,43,40.665691216104676
45,SIAgent0,MALE_OLD_HIGH_INCOME,19,20.17588859547581,23,19.889358496556092
46,SIAgent5,MALE_HIGH_INCOME,31,33.61614696796696,34,32.82185097060061
46,SIAgent3,YOUNG_HIGH_INCOME,18,15.471581567778944,101,0.0
46,WFAgent0,FEMALE_YOUNG_HIGH_INCOME,6,5.703941105524108,6,5.444656292501978
46,SIAgent4,FEMALE_YOUNG_HIGH_INCOME,6,5.444656292501978,6,5.444656292501978
46,WFAgent1,FEMALE_YOUNG_HIGH_INCOME,6,5.72851544919234,6,5.444656292501978
46,SIAgent1,MALE_YOUNG_LOW_INCOME,42,40.01947070540039,368,0.0
46,WFAgent2,MALE_OLD_HIGH_INCOME,19,20.744005307339467,160,20.603444915850716
46,SIAgent2,FEMALE_YOUNG_HIGH_INCOME,6,5.788897175118046,6,5.717491353875258
46,WFAgent3,OLD_LOW_INCOME,96,99.61111799711988,376,0.0
46,WFAgent4,FEMALE_YOUNG,51,48.59867650793969,391,0.0
46,SIAgent0,FEMALE_OLD_HIGH_INCOME,10,9.745242041335628,87,0.0
47,SIAgent5,FEMALE_HIGH_INCOME,16,15.602694358643491,63,0.0
47,SIAgent3,FEMALE_OLD_LOW_INCOME,55,57.5977687197696,457,0.0
47,WFAgent0,MALE_OLD,60,66.75923585898114,179,0.0
47,SIAgent4,FEMALE_YOUNG_LOW_INCOME,45,40.121840829363194,45,40.121840829363194
47,WFAgent1,FEMALE_YOUNG,51,54.3136319601336,42,41.71886740074445
47,SIAgent1,FEMALE_OLD_LOW_INCOME,55,61.73678717091148,58,60.739465195393336
47,WFAgent2,FEMALE_LOW_INCOME,100,104.92026567028427,356,29.42268327486634
47,SIAgent2,YOUNG_HIGH_INCOME,18,18.274731404394736,100,17.259468548595034
47,WFAgent3,MALE_OLD,60,63.289208440526345,327,0.0
47,WFAgent4,MALE_OLD_HIGH_INCOME,19,18.25094847779211,0,0.0
47,SIAgent0,FEMALE_OLD_HIGH_INCOME,10,10.618137432743243,10,9.751683974152183
48,SIAgent5,FEMALE_OLD,64,67.20638233142358,71,66.85421896138325
48,SIAgent3,YOUNG_LOW_INCOME,87,79.17806896115495,594,0.0
48,WFAgent0,MALE_LOW_INCOME,83,95.78062336261542,97,95.05925677222295
48,SIAgent4,MALE_LOW_INCOME,83,82.84629029358197,246,81.8481422177557
48,WFAgent1,FEMALE_HIGH_INCOME,16,17.34336600657759,42,0.0
48,SIAgent1,FEMALE_OLD,64,55.1203384547463,376,0.0
48,WFAgent2,MALE_OLD_HIGH_INCOME,19,19.72617533207506,0,0.0
48,SIAgent2,FEMALE_OLD,64,60.07587743838437,69,59.426614896523304
48,WFAgent3,MALE_OLD_HIGH_INCOME,19,20.828454480920957,167,0.0
48,WFAgent4,YOUNG_HIGH_INCOME,18,15.891498696543461,112,0.0
48,SIAgent0,FEMALE_OLD_HIGH_INCOME,10,9.559807873227212,10,9.231995256508869
49,SIAgent5,MALE_YOUNG_LOW_INCOME,42,43.07617591248635,361,0.0
49,SIAgent3,MALE_OLD,60,69.21851533875102,66,68.67479342699272
49,WFAgent0,FEMALE_OLD_LOW_INCOME,55,55.00490969456068,56,54.690353489872756
49,SIAgent4,MALE_OLD_LOW_INCOME,41,43.80321531135966,44,42.97099202775717
49,WFAgent1,OLD_HIGH_INCOME,28,26.6984167961648,74,0.0
49,SIAgent1,FEMALE_YOUNG_LOW_INCOME,45,46.013169733528564,45,46.013169733528535
49,WFAgent2,MALE_HIGH_INCOME,31,35.6487397430905,110,0.0
49,SIAgent2,FEMALE_LOW_INCOME,100,113.65182816386032,113,112.79009610784506
49,WFAgent3,MALE_OLD,60,63.52945368291398,135,0.0
49,WFAgent4,FEMALE_YOUNG_LOW_INCOME,45,49.852924569311234,287,35.78802090385553
49,SIAgent0,OLD_LOW_INCOME,96,93.75489169692479,657,48.83067275881496
50,SIAgent5,FEMALE_LOW_INCOME,100,94.69889198314374,345,93.7519030633125
50,SIAgent3,MALE_LOW_INCOME,83,87.9400202569353,183,87.91111997491939
50,WFAgent0,FEMALE_YOUNG_HIGH_INCOME,6,6.606172276859005,7,6.1381361961202625
50,SIAgent4,MALE_YOUNG_HIGH_INCOME,12,12.808338768541692,13,12.558731424988466
50,WFAgent1,OLD_HIGH_INCOME,28,27.09396471939926,85,0.0
50,SIAgent1,FEMALE_HIGH_INCOME,16,14.030025591132029,34,14.030025591132024
50,WFAgent2,FEMALE_LOW_INCOME,100,114.23549417589348,289,103.2217922616269
50,SIAgent2,MALE_HIGH_INCOME,31,33.27496433878169,97,33.088208485399356
50,WFAgent3,MALE_OLD,60,60.59625895951857,286,0.0
50,WFAgent4,FEMALE_HIGH_INCOME,16,14.99537051354109,63,9.645642593903268
50,SIAgent0,MALE_YOUNG,54,52.16703822687518,343,0.0
51,SIAgent5,FEMALE_OLD_HIGH_INCOME,10,9.829276223535164,50,0.0
51,SIAgent3,FEMALE_YOUNG,51,57.38982249768799,53,56.51630306494148
51,WFAgent0,FEMALE_LOW_INCOME,100,102.07934382036962,0,0.0
51,SIAgent4,MALE_HIGH_INCOME,31,27.295083967420958,277,0.0
51,WFAgent1,MALE_OLD_LOW_INCOME,41,44.69967315450813,43,43.72345483396182
51,SIAgent1,FEMALE_YOUNG,51,54.38361238324558,415,20.37705516889453
51,WFAgent2,MALE_YOUNG_LOW_INCOME,42,44.48908669257854,345,0.0
51,SIAgent2,OLD_LOW_INCOME,96,97.61515497814737,785,34.57203405476053
51,WFAgent3,MALE_OLD_LOW_INCOME,41,39.43962877964114,0,0.0
51,WFAgent4,FEMALE_HIGH_INCOME,16,17.11546655769337,16,16.157943590750783
51,SIAgent0,FEMALE_HIGH_INCOME,16,16.301644135115623,16,16.301644135115623
52,SIAgent5,FEMALE_OLD_LOW_INCOME,55,54.87016897902805,393,0.0
52,SIAgent3,YOUNG_HIGH_INCOME,18,18.212239385067406,18,17.714066287932084
52,WFAgent0,FEMALE_HIGH_INCOME,16,14.766684294238214,0,0.0
52,SIAgent4,YOUNG_HIGH_INCOME,18,17.397047044300525,114,0.962328877102347
52,WFAgent1,MALE_YOUNG_HIGH_INCOME,12,12.582776838378226,12,12.09620446000233
52,SIAgent1,FEMALE_OLD_LOW_INCOME,55,67.67278414123415,67,66.84184221081601
52,WFAgent2,OLD_HIGH_INCOME,28,30.513792224271732,68,0.0
52,SIAgent2,MALE_OLD,60,64.6429496035109,540,0.0
52,WFAgent3,MALE_YOUNG,54,61.84474748688336,335,52.92808824062903
52,WFAgent4,FEMALE_YOUNG_HIGH_INCOME,6,5.321952378562511,0,0.0
52,SIAgent0,MALE_YOUNG,54,51.96575936352674,54,51.965759363526686
53,SIAgent5,MALE_OLD_LOW_INCOME,41,41.7541288737986,42,40.97397450031522
53,SIAgent3,FEMALE_LOW_INCOME,100,98.53377475435177,828,0.0
53,WFAgent0,MALE_YOUNG,54,49.46517498095818,111,0.0
53,SIAgent4,FEMALE_YOUNG_HIGH_INCOME,6,5.168618386610655,0,0.0
53,WFAgent1,FEMALE_YOUNG_HIGH_INCOME,6,5.2635391241490765,0,0.0
53,SIAgent1,FEMALE_OLD,64,64.3503196173464,73,64.04695359032867
53,WFAgent2,FEMALE_YOUNG,51,51.0035799636394,55,47.37900187726437
53,SIAgent2,MALE_LOW_INCOME,83,80.97237817919431,224,80.06003089872266
53,WFAgent3,FEMALE_OLD_LOW_INCOME,55,47.567479689319114,0,0.0
53,WFAgent4,OLD_HIGH_INCOME,28,29.272742844090157,164,0.0
53,SIAgent0,MALE_OLD_LOW_INCOME,41,37.72943984882326,201,0.0
54,SIAgent5,FEMALE_OLD_HIGH_INCOME,10,10.473162499915084,10,10.093401306436414
54,SIAgent3,MALE_YOUNG_HIGH_INCOME,12,9.890221091304527,77,0.0
54,WFAgent0,OLD_HIGH_INCOME,28,29.955112699199216,160,0.0
54,SIAgent4,MALE_YOUNG_HIGH_INCOME,12,11.981895055490934,14,11.538591273188612
54,WFAgent1,MALE_YOUNG_LOW_INCOME,42,50.87532504939725,395,0.0
54,SIAgent1,FEMALE_OLD,64,64.59776836119303,546,0.0
54,WFAgent2,FEMALE_OLD_HIGH_INCOME,10,7.776650051468602,0,0.0
54,SIAgent2,FEMALE_YOUNG,51,49.05899465086971,55,49.05899465086966
54,WFAgent3,FEMALE_YOUNG,51,52.054222832618116,370,48.09705357928398
54,WFAgent4,FEMALE_LOW_INCOME,100,95.5623015638527,0,0.0
54,SIAgent0,YOUNG_HIGH_INCOME,18,19.700546076358616,19,18.7154825565907
55,SIAgent5,FEMALE_OLD_HIGH_INCOME,10,10.63954902412316,10,9.91093370990477
55,SIAgent3,MALE_HIGH_INCOME,31,32.82769452557881,255,0.0
55,WFAgent0,FEMALE_LOW_INCOME,100,99.54016214313529,0,0.0
55,SIAgent4,YOUNG_LOW_INCOME,87,82.5456308000927,683,0.0
55,WFAgent1,FEMALE_OLD_HIGH_INCOME,10,10.225014912426662,67,0.0
55,SIAgent1,MALE_YOUNG,54,58.32717431520218,57,58.16671058786877
55,WFAgent2,MALE_LOW_INCOME,83,79.62014986862569,0,0.0
55,SIAgent2,OLD_LOW_INCOME,96,104.18951002694345,831,0.0
55,WFAgent3,OLD_HIGH_INCOME,28,27.750614387733357,0,0.0
55,WFAgent4,FEMALE_HIGH_INCOME,16,13.87098388371884,0,0.0
55,SIAgent0,MALE_YOUNG_LOW_INCOME,42,42.47311522762116,44,41.74721557705837
56,SIAgent5,MALE_OLD_LOW_INCOME,41,46.31767530138376,346,0.0
56,SIAgent3,YOUNG_HIGH_INCOME,18,19.947853270389906,100,0.0
56,WFAgent0,FEMALE_OLD_LOW_INCOME,55,55.3149246732017,0,0.0
56,SIAgent4,FEMALE_OLD_LOW_INCOME,55,61.980421180423505,491,0.0
56,WFAgent1,MALE_HIGH_INCOME,31,31.80591010481756,113,22.423860854045003
56,SIAgent1,MALE_OLD_HIGH_INCOME,19,22.24840116330921,26,21.593347489080372
56,WFAgent2,FEMALE_YOUNG_HIGH_INCOME,6,6.142944218843706,0,0.0
56,SIAgent2,MALE_YOUNG,54,63.69673475320038,271,63.168202022901404
56,WFAgent3,MALE_LOW_INCOME,83,95.63587948984016,153,0.0
56,WFAgent4,MALE_YOUNG_HIGH_INCOME,12,11.813389141600279,0,0.0
56,SIAgent0,MALE_OLD_HIGH_INCOME,19,15.779753934327966,19,15.779753934327958
57,SIAgent5,FEMALE_OLD,64,60.3908225963134,307,60.149610682586555
57,SIAgent3,FEMALE_YOUNG_HIGH_INCOME,6,6.019984484735811,60,0.0
57,WFAgent0,MALE_YOUNG,54,55.71002971860341,392,0.0
57,SIAgent4,FEMALE_LOW_INCOME,100,102.09245856393588,194,101.90951313127869
57,WFAgent1,MALE_YOUNG,54,57.77912717493214,93,0.0
57,SIAgent1,MALE_OLD_HIGH_INCOME,19,18.089690622277853,19,17.315797014683998
57,WFAgent2,FEMALE_YOUNG_LOW_INCOME,45,40.02071033536025,307,0.0
57,SIAgent2,MALE_OLD_HIGH_INCOME,19,18.331261923268876,19,18.089690622277853
57,WFAgent3,MALE_YOUNG_HIGH_INCOME,12,13.603396241402523,13,13.411673821145264
57,WFAgent4,OLD_LOW_INCOME,96,88.49988456603224,356,0.0
57,SIAgent0,OLD_HIGH_INCOME,28,25.518016653218528,135,0.0
58,SIAgent5,FEMALE_OLD_HIGH_INCOME,10,10.374785272420436,84,0.0
58,SIAgent3,FEMALE_LOW_INCOME,100,86.52788065278793,720,32.01531584153153
58,WFAgent0,FEMALE_YOUNG_LOW_INCOME,45,39.53862418588898,45,38.93754629375459
58,SIAgent4,FEMALE_LOW_INCOME,100,98.21332244726398,113,97.77650513765062
58,WFAgent1,FEMALE_OLD_HIGH_INCOME,10,8.463655827113072,0,0.0
58,SIAgent1,MALE_LOW_INCOME,83,76.17173400865562,510,0.0
58,WFAgent2,MALE_HIGH_INCOME,31,30.83953603994902,88,0.0
58,SIAgent2,MALE_OLD,60,57.2731141360329,122,57.273114136032845
58,WFAgent3,MALE_HIGH_INCOME,31,30.23976716914174,0,0.0
58,WFAgent4,OLD_LOW_INCOME,96,98.7092103696375,104,98.50017432410364
58,SIAgent0,MALE_YOUNG,54,60.24245999811211,64,59.60100042158152
59,SIAgent5,FEMALE_HIGH_INCOME,16,14.777377652784757,118,0.0
59,SIAgent3,FEMALE_YOUNG_HIGH_INCOME,6,6.561509059817573,7,6.465102723093333
59,WFAgent0,FEMALE_YOUNG_LOW_INCOME,45,51.17235168612375,54,50.849294397086645
59,SIAgent4,MALE_LOW_INCOME,83,76.58472230551502,533,0.0
59,WFAgent1,MALE_LOW_INCOME,83,81.24918396102481,87,80.97477634475489
59,SIAgent1,MALE_OLD_LOW_INCOME,41,44.805351039147816,48,44.798486468336016
59,WFAgent2,MALE_HIGH_INCOME,31,26.842711761559485,97,0.0
59,SIAgent2,FEMALE_YOUNG_LOW_INCOME,45,42.374411997572196,45,42.37441199757219
59,WFAgent3,OLD_LOW_INCOME,96,93.64380890417242,480,0.0
59,WFAgent4,FEMALE_YOUNG_LOW_INCOME,45,43.6201881551351,282,29.19126159832749
59,SIAgent0,MALE_LOW_INCOME,83,77.46404951816432,83,77.17800331645913
60,SIAgent5,FEMALE_YOUNG_LOW_INCOME,45,46.44631851970645,409,0.0
60,SIAgent3,OLD_LOW_INCOME,96,100.92766511602875,102,100.8239992974953
60,WFAgent0,MALE_OLD,60,52.336364161464026,0,0.0
60,SIAgent4,MALE_OLD,60,64.94734006855937,65,64.86147563493486
60,WFAgent1,FEMALE_OLD_HIGH_INCOME,10,10.74233720704184,10,9.884705813479922
60,SIAgent1,MALE_OLD_LOW_INCOME,41,45.094196108357096,41,44.38068238018223
60,WFAgent2,FEMALE_YOUNG_HIGH_INCOME,6,5.785691544023696,54,0.0
60,SIAgent2,FEMALE_OLD,64,63.2621172062715,458,0.9884705813479921
60,WFAgent3,FEMALE_YOUNG_LOW_INCOME,45,44.134758223830545,0,0.0
60,WFAgent4,MALE_OLD_LOW_INCOME,41,38.80473359274546,282,0.0
60,SIAgent0,MALE_OLD_HIGH_INCOME,19,18.033375246562617,119,0.0
61,SIAgent5,MALE_YOUNG,54,48.93900978484258,342,45.31389794892829
61,SIAgent3,OLD_LOW_INCOME,96,86.69019349829597,394,86.69019349829581
61,WFAgent0,FEMALE_YOUNG,51,55.88053543566952,53,54.85610706994556
61,SIAgent4,MALE_LOW_INCOME,83,82.8573670923922,91,82.39968184621377
61,WFAgent1,FEMALE_YOUNG_HIGH_INCOME,6,6.654685073883017,63,0.0
61,SIAgent1,MALE_OLD_LOW_INCOME,41,43.740529200553596,43,42.926105843046585
61,WFAgent2,OLD_LOW_INCOME,96,87.14875458553095,177,83.98112495147407
61,SIAgent2,FEMALE_OLD_HIGH_INCOME,10,10.28824675426939,77,0.0
61,WFAgent3,FEMALE_LOW_INCOME,100,104.80365417569476,342,15.52531332168271
61,WFAgent4,MALE_YOUNG_LOW_INCOME,42,41.15847295245458,45,40.782508154035476
61,SIAgent0,FEMALE_LOW_INCOME,100,103.50208881121807,112,102.85453359057594
62,SIAgent5,OLD_LOW_INCOME,96,99.80430287859903,672,66.53620191906609
62,SIAgent3,FEMALE_OLD_HIGH_INCOME,10,8.942772616813436,75,0.0
62,WFAgent0,FEMALE_YOUNG_HIGH_INCOME,6,5.237302582392225,6,4.520894688094624
62,SIAgent4,MALE_OLD_HIGH_INCOME,19,19.18323376722458,144,0.0
62,WFAgent1,FEMALE_YOUNG,51,55.54697557357919,402,0.0
62,SIAgent1,MALE_HIGH_INCOME,31,33.11318226301494,32,32.30860423953615
62,WFAgent2,FEMALE_OLD_LOW_INCOME,55,59.5126110774318,57,59.25880483416823
62,SIAgent2,YOUNG_HIGH_INCOME,18,19.56019733339827,22,19.408776352177092
62,WFAgent3,YOUNG_HIGH_INCOME,18,16.116384282801924,73,12.055719168252327
62,WFAgent4,FEMALE_OLD_LOW_INCOME,55,63.205581606242575,60,62.377689299124455
62,SIAgent0,YOUNG_HIGH_INCOME,18,13.562684064283872,27,13.562684064283868
63,SIAgent5,OLD_LOW_INCOME,96,94.26031190847333,177,93.66525323858869
63,SIAgent3,FEMALE_LOW_INCOME,100,99.22365464451653,100,98.70573977458824
63,WFAgent0,MALE_LOW_INCOME,83,85.0638282222796,372,0.0
63,SIAgent4,MALE_OLD_LOW_INCOME,41,39.590467863733416,198,0.0
63,WFAgent1,MALE_OLD_LOW_INCOME,41,46.67755799929388,47,46.14827770519005
63,SIAgent1,FEMALE_HIGH_INCOME,16,16.70050969771346,20,16.24963332375337
63,WFAgent2,FEMALE_HIGH_INCOME,16,15.341239540203956,53,13.812188325190364
63,SIAgent2,FEMALE_HIGH_INCOME,16,12.999706659002694,30,12.187224992815027
63,WFAgent3,MALE_OLD,60,54.313692199246375,175,0.0
63,WFAgent4,FEMALE_LOW_INCOME,100,108.02451506052573,338,49.611827322258236
63,SIAgent0,FEMALE_OLD_LOW_INCOME,55,58.568720156077774,59,58.5419562402647
64,SIAgent5,MALE_YOUNG,54,57.53975883752092,494,0.0
64,SIAgent3,FEMALE_OLD_HIGH_INCOME,10,9.354329036672102,61,0.0
64,WFAgent0,FEMALE_HIGH_INCOME,16,15.273900664337436,41,0.0
64,SIAgent4,FEMALE_YOUNG,51,55.00471807242372,52,54.75953646627704
64,WFAgent1,YOUNG_HIGH_INCOME,18,13.787153263603294,0,0.0
64,SIAgent1,OLD_LOW_INCOME,96,75.88709498209802,314,75.887094982098
64,WFAgent2,FEMALE_HIGH_INCOME,16,16.19272662584852,16,15.503403710131096
64,SIAgent2,FEMALE_HIGH_INCOME,16,15.62720615277472,17,15.128674559107703
64,WFAgent3,FEMALE_YOUNG,51,60.12994358453655,329,52.84767030487772
64,WFAgent4,OLD_LOW_INCOME,96,85.43960145361389,284,74.30611383663762
64,SIAgent0,MALE_OLD_HIGH_INCOME,19,21.163151392558156,154,0.0
65,SIAgent5,FEMALE_OLD,64,69.18428003448813,78,68.75917648718828
65,SIAgent3,MALE_HIGH_INCOME,31,27.652902666691457,260,0.0
65,WFAgent0,MALE_OLD_LOW_INCOME,41,46.21906329300307,45,45.38835204886851
65,SIAgent4,FEMALE_OLD,64,70.20283459802363,64,69.1842800344881
65,WFAgent1,OLD_LOW_INCOME,96,96.76641119214199,206,84.7592559461317
65,SIAgent1,MALE_LOW_INCOME,83,75.64535745730032,257,74.73396760841725
65,WFAgent2,YOUNG_LOW_INCOME,87,94.55166417635756,393,0.0
65,SIAgent2,MALE_LOW_INCOME,83,84.50370220065572,89,84.20878085851847
65,WFAgent3,FEMALE_YOUNG_LOW_INCOME,45,39.35709769358132,0,0.0
65,WFAgent4,FEMALE_OLD,64,58.77732712028767,0,0.0
65,SIAgent0,FEMALE_OLD_LOW_INCOME,55,55.614039805814116,379,0.0
66,SIAgent5,MALE_YOUNG,54,54.208930047373855,54,54.0467083251155
66,SIAgent3,MALE_YOUNG,54,53.9655974639863,274,0.0
66,WFAgent0,YOUNG_HIGH_INCOME,18,19.813988134047975,19,19.073512424075986
66,SIAgent4,YOUNG_LOW_INCOME,87,93.23787103546375,183,92.35595489552583
66,WFAgent1,MALE_YOUNG_HIGH_INCOME,12,10.244727654582656,0,0.0
66,SIAgent1,FEMALE_YOUNG_HIGH_INCOME,6,6.934708168923439,6,6.258806265316091
66,WFAgent2,MALE_YOUNG_HIGH_INCOME,12,12.092273320469033,12,12.023898104658308
66,SIAgent2,MALE_OLD,60,63.42215584898498,526,0.0
66,WFAgent3,FEMALE_YOUNG_LOW_INCOME,45,42.4588337468383,337,0.0
66,WFAgent4,MALE_OLD_LOW_INCOME,41,39.7839871193046,0,0.0
66,SIAgent0,FEMALE_HIGH_INCOME,16,16.69015004084291,117,0.0
67,SIAgent5,MALE_OLD_HIGH_INCOME,19,19.155550469820877,128,0.0
67,SIAgent3,FEMALE_YOUNG_LOW_INCOME,45,41.88737801161836,45,41.887378011618345
67,WFAgent0,MALE_OLD,60,51.892454624013276,0,0.0
67,SIAgent4,MALE_YOUNG_LOW_INCOME,42,46.90952423887423,340,0.0
67,WFAgent1,OLD_LOW_INCOME,96,96.18368892127069,486,0.0
67,SIAgent1,MALE_OLD,60,68.36935813172158,68,67.40263869480684
67,WFAgent2,YOUNG_LOW_INCOME,87,72.917210621709,0,0.0
67,SIAgent2,OLD_HIGH_INCOME,28,34.10063832339499,42,33.045189763665455
67,WFAgent3,FEMALE_HIGH_INCOME,16,17.880939516007352,61,0.0
67,WFAgent4,FEMALE_LOW_INCOME,100,108.61060366039945,374,47.47236174650079
67,SIAgent0,MALE_OLD_LOW_INCOME,41,40.57248737493938,293,0.0
68,SIAgent5,MALE_HIGH_INCOME,31,29.52816321881908,100,29.143577624328252
68,SIAgent3,MALE_LOW_INCOME,83,74.94634352959942,233,74.47898907848861
68,WFAgent0,MALE_YOUNG,54,39.34382979284312,232,0.0
68,SIAgent4,OLD_LOW_INCOME,96,82.18371208660821,641,0.0
68,WFAgent1,MALE_OLD_HIGH_INCOME,19,18.375132451518997,19,18.26466314517068
68,SIAgent1,MALE_OLD,60,57.77662111014121,63,57.726643314659896
68,WFAgent2,FEMALE_YOUNG_HIGH_INCOME,6,7.041102664331057,6,6.174320768958742
68,SIAgent2,FEMALE_YOUNG_LOW_INCOME,45,39.23592970597823,45,39.2359297059782
68,WFAgent3,MALE_YOUNG,54,40.923464960921144,67,0.0
68,WFAgent4,YOUNG_LOW_INCOME,87,95.7036586387971,372,44.46738700010862
68,SIAgent0,FEMALE_HIGH_INCOME,16,16.464855383889976,140,5.145267307465618
69,SIAgent5,FEMALE_HIGH_INCOME,16,15.766829289008212,18,15.382019721264808
69,SIAgent3,MALE_OLD_LOW_INCOME,41,45.61721609022794,42,44.7163417253757
69,WFAgent0,YOUNG_LOW_INCOME,87,81.91759792131442,295,80.6693979692197
69,SIAgent4,MALE_HIGH_INCOME,31,32.29618629810915,53,31.485379803047653
69,WFAgent1,MALE_HIGH_INCOME,31,27.112410385957705,0,0.0
69,SIAgent1,FEMALE_OLD,64,64.45862384266538,589,42.37335371420959
69,WFAgent2,YOUNG_HIGH_INCOME,18,17.38335403684966,20,0.0
69,SIAgent2,YOUNG_LOW_INCOME,87,74.66210237576713,264,74.66210237576713
69,WFAgent3,FEMALE_YOUNG_HIGH_INCOME,6,5.127339907088271,0,0.0
69,WFAgent4,MALE_YOUNG,54,51.8014150806617,86,0.0
69,SIAgent0,MALE_OLD,60,63.880488179108106,127,63.55056013498895
70,SIAgent5,FEMALE_HIGH_INCOME,16,16.19838137021583,16,16.034054048193052
70,SIAgent3,MALE_YOUNG_LOW_INCOME,42,49.73326992984459,363,0.0
70,WFAgent0,MALE_HIGH_INCOME,31,31.479093411249412,0,0.0
70,SIAgent4,MALE_OLD,60,58.44471009929603,493,0.0
70,WFAgent1,FEMALE_HIGH_INCOME,16,16.368491215766728,16,16.19838137021583
70,SIAgent1,FEMALE_OLD,64,62.16428832849887,485,24.28292512831988
70,WFAgent2,FEMALE_OLD,64,64.77563284932388,19,18.455023097523103
70,SIAgent2,MALE_OLD_LOW_INCOME,41,48.56946945747934,49,47.72984658109179
70,WFAgent3,MALE_LOW_INCOME,83,92.8740631750992,0,0.0
70,WFAgent4,MALE_HIGH_INCOME,31,32.343334982620156,104,0.0
70,SIAgent0,FEMALE_YOUNG,51,53.3132645526751,455,15.18598253457734
71,SIAgent5,FEMALE_OLD_LOW_INCOME,55,55.166009853972206,485,0.0
71,SIAgent3,OLD_HIGH_INCOME,28,26.56772552187841,170,25.618878181811326
71,WFAgent0,FEMALE_YOUNG_HIGH_INCOME,6,5.420583130862493,52,0.0
71,SIAgent4,MALE_YOUNG_LOW_INCOME,42,48.077233579072306,49,47.188618924046
71,WFAgent1,FEMALE_YOUNG_LOW_INCOME,45,42.137016997031104,0,0.0
71,SIAgent1,MALE_OLD_HIGH_INCOME,19,19.261524919616406,20,18.97694680134172
71,WFAgent2,OLD_HIGH_INCOME,28,28.74222031586094,30,28.465420202012584
71,SIAgent2,MALE_LOW_INCOME,83,79.93174225909834,683,0.0
71,WFAgent3,FEMALE_LOW_INCOME,100,109.364225367402,381,0.0
71,WFAgent4,YOUNG_HIGH_INCOME,18,17.798268300817785,100,0.0
71,SIAgent0,OLD_HIGH_INCOME,28,30.463565629409597,30,30.088348436672806
72,SIAgent5,MALE_OLD_HIGH_INCOME,19,18.05319261600049,72,0.0
72,SIAgent3,MALE_HIGH_INCOME,31,34.25742417175135,85,34.206049167158824
72,WFAgent0,OLD_HIGH_INCOME,28,27.73881541390446,78,0.0
72,SIAgent4,MALE_OLD,60,69.24147139827981,193,68.51484834350262
72,WFAgent1,FEMALE_YOUNG_HIGH_INCOME,6,6.969296523326762,7,6.68643934267233
72,SIAgent1,FEMALE_YOUNG,51,47.31883424486272,421,5.566921675866202
72,WFAgent2,FEMALE_HIGH_INCOME,16,17.15517959852901,18,16.700765027598607
72,SIAgent2,FEMALE_OLD_LOW_INCOME,55,62.955944457446385,71,62.128689783973265
72,WFAgent3,FEMALE_OLD_HIGH_INCOME,10,8.505526127741215,0,0.0
72,WFAgent4,FEMALE_YOUNG_HIGH_INCOME,6,5.731233722290568,6,5.566921675866202
72,SIAgent0,FEMALE_OLD_LOW_INCOME,55,48.12785828335964,395,0.0
73,SIAgent5,YOUNG_LOW_INCOME,87,79.5168585679804,525,42.957383364311205
73,SIAgent3,FEMALE_OLD_HIGH_INCOME,10,9.000998280152983,0,0.0
73,WFAgent0,FEMALE_YOUNG_LOW_INCOME,45,49.05994930934066,50,49.054820822385985
73,SIAgent4,MALE_YOUNG_LOW_INCOME,42,38.6771724708524,42,38.67717247085237
73,WFAgent1,FEMALE_YOUNG_LOW_INCOME,45,44.292327574967295,48,43.87137024440293
73,SIAgent1,YOUNG_HIGH_INCOME,18,16.82948611358422,135,0.0
73,WFAgent2,FEMALE_YOUNG_LOW_INCOME,45,44.14933874014737,48,43.87137024440293
73,SIAgent2,FEMALE_OLD,64,85.4251508626959,562,75.60838555328516
73,WFAgent3,MALE_OLD_HIGH_INCOME,19,18.81085226024786,152,0.0
73,WFAgent4,MALE_YOUNG_LOW_INCOME,42,42.05218678872672,45,41.37774403869901
73,SIAgent0,YOUNG_HIGH_INCOME,18,18.275289211887465,19,17.764457564338898
74,SIAgent5,MALE_YOUNG,54,56.22603797212275,505,0.0
74,SIAgent3,FEMALE_OLD,64,71.07091358972107,66,70.89767574905315
74,WFAgent0,MALE_OLD_HIGH_INCOME,19,19.43714803012638,138,0.0
74,SIAgent4,FEMALE_OLD,64,67.25890310487719,401,67.18048710276712
74,WFAgent1,MALE_OLD,60,71.55662777908928,350,0.0
74,SIAgent1,FEMALE_OLD_HIGH_INCOME,10,9.462040437009463,1,0.9462040437009464
74,WFAgent2,FEMALE_OLD_HIGH_INCOME,10,9.321529070590627,0,0.0
74,SIAgent2,FEMALE_OLD_LOW_INCOME,55,59.25805529917049,56,58.85154021676761
74,WFAgent3,FEMALE_OLD_HIGH_INCOME,10,9.998827164415404,1,0.9462040437009464
74,WFAgent4,FEMALE_YOUNG_HIGH_INCOME,6,6.187240409922661,69,0.0
74,SIAgent0,FEMALE_YOUNG_LOW_INCOME,45,39.783903515635856,402,0.0
75,SIAgent5,FEMALE_LOW_INCOME,100,102.91474411286987,318,101.88559667174125
75,SIAgent3,FEMALE_OLD_LOW_INCOME,55,65.14632958145069,60,64.76782201762164
75,WFAgent0,MALE_OLD_HIGH_INCOME,19,19.852872505544337,176,0.0
75,SIAgent4,FEMALE_YOUNG,51,52.36090214071165,155,51.291778344692716
75,WFAgent1,FEMALE_HIGH_INCOME,16,14.98197530399362,35,8.035118733600086
75,SIAgent1,FEMALE_LOW_INCOME,100,107.94637002936948,104,107.03133387738475
75,WFAgent2,FEMALE_OLD_HIGH_INCOME,10,9.90088070200075,11,9.820700674400104
75,SIAgent2,FEMALE_HIGH_INCOME,16,14.284655526400153,16,14.28465552640015
75,WFAgent3,FEMALE_YOUNG_LOW_INCOME,45,41.25661386400278,0,0.0
75,WFAgent4,FEMALE_LOW_INCOME,100,106.62598188365754,103,105.9504616422581
75,SIAgent0,YOUNG_HIGH_INCOME,18,15.074557452786552,122,0.0
76,SIAgent5,OLD_HIGH_INCOME,28,25.831845222667784,123,9.225659008095636
76,SIAgent3,YOUNG_LOW_INCOME,87,74.42928360586889,582,0.0
76,WFAgent0,OLD_HIGH_INCOME,28,26.575104417953465,28,25.831845222667777
76,SIAgent4,FEMALE_YOUNG_LOW_INCOME,45,45.27441518151053,45,44.59444773453707
76,WFAgent1,MALE_HIGH_INCOME,31,27.77173213207858,0,0.0
76,SIAgent1,MALE_OLD,60,67.55097266361986,258,67.3473107590982
76,WFAgent2,FEMALE_YOUNG_HIGH_INCOME,6,6.61766187965917,47,0.0
76,SIAgent2,FEMALE_LOW_INCOME,100,99.09877274341561,111,98.27140330718919
76,WFAgent3,YOUNG_HIGH_INCOME,18,17.793740819388617,109,0.0
76,WFAgent4,FEMALE_YOUNG_HIGH_INCOME,6,5.6111173628682485,0,0.0
76,SIAgent0,FEMALE_LOW_INCOME,100,88.53279577224262,218,88.11742771729321
77,SIAgent5,MALE_YOUNG,54,46.0727873965915,411,0.0
77,SIAgent3,MALE_OLD,60,64.72903544599826,69,63.97951427565047
77,WFAgent0,OLD_HIGH_INCOME,28,25.51430909782526,0,0.0
77,SIAgent4,YOUNG_LOW_INCOME,87,108.8282286258763,116,108.3416799577152
77,WFAgent1,OLD_LOW_INCOME,96,120.95016709170731,368,96.47704533629829
77,SIAgent1,MALE_OLD_HIGH_INCOME,19,20.713689462781517,19,20.497527891232778
77,WFAgent2,OLD_HIGH_INCOME,28,26.38051956367771,96,0.0
77,SIAgent2,FEMALE_YOUNG_HIGH_INCOME,6,6.3263624785206645,59,0.0
77,WFAgent3,FEMALE_YOUNG_LOW_INCOME,45,45.28797458862397,301,0.0
77,WFAgent4,FEMALE_LOW_INCOME,100,100.43369767923157,0,0.0
77,SIAgent0,OLD_LOW_INCOME,96,97.49259318194365,192,97.49259318194353
78,SIAgent5,FEMALE_YOUNG_HIGH_INCOME,6,6.108780366885073,44,0.0
78,SIAgent3,YOUNG_LOW_INCOME,87,87.48017912391431,94,87.06099199052794
78,WFAgent0,MALE_LOW_INCOME,83,75.86094339049686,162,29.361024560886122
78,SIAgent4,YOUNG_LOW_INCOME,87,80.57772662953114,221,80.5330959384305
78,WFAgent1,MALE_OLD,60,51.368612945467035,159,0.0
78,SIAgent1,FEMALE_OLD_LOW_INCOME,55,52.697093505964375,488,0.0
78,WFAgent2,MALE_YOUNG_HIGH_INCOME,12,13.052150888770793,15,12.583296240379767
78,SIAgent2,MALE_YOUNG,54,45.29986646536716,54,45.29986646536716
78,WFAgent3,MALE_HIGH_INCOME,31,28.605140717852933,65,13.422182656405084
78,WFAgent4,FEMALE_HIGH_INCOME,16,17.32321172943955,85,0.0
78,SIAgent0,YOUNG_HIGH_INCOME,18,21.89671127266165,23,21.890854024343778
79,SIAgent5,MALE_LOW_INCOME,83,83.70538212955073,253,83.30945815438395
79,SIAgent3,YOUNG_LOW_INCOME,87,92.20888368843363,93,91.37388117236945
79,WFAgent0,FEMALE_OLD_LOW_INCOME,55,50.78503652098206,324,0.0
79,SIAgent4,YOUNG_LOW_INCOME,87,77.93465440248812,494,0.0
79,WFAgent1,FEMALE_OLD_HIGH_INCOME,10,11.116227017782307,76,0.0
79,SIAgent1,FEMALE_LOW_INCOME,100,93.52717084825215,138,93.06892035838989
79,WFAgent2,FEMALE_OLD_LOW_INCOME,55,54.308915656085304,58,54.2457590919863
79,SIAgent2,FEMALE_YOUNG_LOW_INCOME,45,48.754777379228145,46,48.75412240997645
79,WFAgent3,FEMALE_OLD,64,70.59610561180378,0,0.0
79,WFAgent4,FEMALE_YOUNG_HIGH_INCOME,6,5.655316020244182,41,0.0
79,SIAgent0,MALE_YOUNG_HIGH_INCOME,12,13.912562409558328,115,0.0
80,SIAgent5,FEMALE_YOUNG_LOW_INCOME,45,39.75760855199925,44,38.87410613973262
80,SIAgent3,YOUNG_HIGH_INCOME,18,16.32048888972653,85,10.880325926484351
80,WFAgent0,FEMALE_LOW_INCOME,100,99.76564834267126,396,32.68958925386606
80,SIAgent4,FEMALE_OLD_LOW_INCOME,55,52.85577084744388,471,0.0
80,WFAgent1,FEMALE_YOUNG_HIGH_INCOME,6,5.781178814619121,6,5.440162963242177
80,SIAgent1,YOUNG_HIGH_INCOME,18,17.8296375221293,18,17.514986629957427
80,WFAgent2,MALE_OLD,60,68.9647728187827,379,0.0
80,SIAgent2,MALE_YOUNG_HIGH_INCOME,12,11.991404650673028,12,11.886425014752868
80,WFAgent3,MALE_HIGH_INCOME,31,28.45740227360643,138,0.0
80,WFAgent4,MALE_YOUNG,54,50.236710592490624,350,0.0
80,SIAgent0,YOUNG_HIGH_INCOME,18,17.514986629957427,19,17.227182716933555
81,SIAgent5,OLD_HIGH_INCOME,28,27.793207176392524,30,27.445198849791232
81,SIAgent3,FEMALE_HIGH_INCOME,16,14.074383093576941,50,0.0
81,WFAgent0,FEMALE_OLD,64,69.17825176440476,76,69.06717226403927
81,SIAgent4,YOUNG_LOW_INCOME,87,78.66485513115323,640,26.221618377051083
81,WFAgent1,MALE_YOUNG_LOW_INCOME,42,41.41534274323084,45,40.68871817128616
81,SIAgent1,MALE_OLD_LOW_INCOME,41,38.717667593686144,41,38.71766759368611
81,WFAgent2,OLD_LOW_INCOME,96,101.95020686449774,107,101.04366908596154
81,SIAgent2,MALE_YOUNG,54,58.4284449112711,80,57.86839917694032
81,WFAgent3,FEMALE_OLD,64,62.15784580177802,467,0.0
81,WFAgent4,OLD_LOW_INCOME,96,101.57918800482567,238,46.27233444123461
81,SIAgent0,OLD_HIGH_INCOME,28,25.28048996494557,143,9.676138376834146
82,SIAgent5,FEMALE_YOUNG_LOW_INCOME,45,36.84103643181029,272,0.0
82,SIAgent3,OLD_HIGH_INCOME,28,25.000973351058615,52,25.000973351058615
82,WFAgent0,OLD_LOW_INCOME,96,94.07188924117543,370,0.0
82,SIAgent4,MALE_YOUNG_HIGH_INCOME,12,11.592278046092316,100,0.0
82,WFAgent1,YOUNG_HIGH_INCOME,18,17.190939941380186,0,0.0
82,SIAgent1,FEMALE_YOUNG_LOW_INCOME,45,40.177530867045746,49,40.11579522574898
82,WFAgent2,MALE_OLD,60,68.06794442201554,140,15.17916239171416
82,SIAgent2,FEMALE_YOUNG,51,52.32132830659686,57,52.103991879996585
82,WFAgent3,MALE_LOW_INCOME,83,82.16634543647503,346,0.0
82,WFAgent4,FEMALE_OLD_HIGH_INCOME,10,8.314612672688991,57,0.0
82,SIAgent0,FEMALE_YOUNG_HIGH_INCOME,6,6.018341996554454,36,0.0
83,SIAgent5,MALE_YOUNG,54,54.28997054079486,262,54.174203000192406
83,SIAgent3,FEMALE_OLD,64,60.88404308682307,500,60.296328867760856
83,WFAgent0,FEMALE_YOUNG,51,54.71869538175229,395,0.0
83,SIAgent4,MALE_OLD_HIGH_INCOME,19,20.390644917412573,22,20.118273415402008
83,WFAgent1,MALE_OLD_LOW_INCOME,41,38.14588994542346,0,0.0
83,SIAgent1,MALE_HIGH_INCOME,31,28.34847617624829,31,27.488032277949802
83,WFAgent2,MALE_YOUNG_HIGH_INCOME,12,13.607991904888546,13,13.069807722783947
83,SIAgent2,OLD_HIGH_INCOME,28,24.82790012201918,97,0.0
83,WFAgent3,YOUNG_LOW_INCOME,87,76.94153791248564,0,0.0
83,WFAgent4,OLD_LOW_INCOME,96,100.31688105802887,396,0.0
83,SIAgent0,YOUNG_HIGH_INCOME,18,18.04033750285476,97,0.0
84,SIAgent5,YOUNG_HIGH_INCOME,18,18.105784302676263,159,0.0
84,SIAgent3,MALE_OLD_LOW_INCOME,41,42.52468334969772,45,42.04063216318038
84,WFAgent0,FEMALE_HIGH_INCOME,16,15.534642648502917,45,0.0
84,SIAgent4,MALE_OLD_LOW_INCOME,41,38.303687082008786,314,0.0
84,WFAgent1,FEMALE_YOUNG,51,44.618384970621825,0,0.0
84,SIAgent1,FEMALE_HIGH_INCOME,16,19.44564061488883,18,18.760538801504904
84,WFAgent2,MALE_YOUNG,54,55.65810191719325,380,0.0
84,SIAgent2,FEMALE_OLD,64,68.56655075757446,73,68.28884370641069
84,WFAgent3,YOUNG_HIGH_INCOME,18,17.838429124931952,0,0.0
84,WFAgent4,FEMALE_OLD_LOW_INCOME,55,69.14193414339599,64,68.56655075757448
84,SIAgent0,FEMALE_LOW_INCOME,100,94.87105913370159,733,0.0
85,SIAgent5,FEMALE_LOW_INCOME,100,97.4566180376839,202,97.4440668417404
85,SIAgent3,MALE_OLD,60,63.828039219725966,81,63.09862400097439
85,WFAgent0,OLD_HIGH_INCOME,28,31.320683349523414,32,30.50825697936844
85,SIAgent4,OLD_HIGH_INCOME,28,31.350975826471167,29,30.421306278760532
85,WFAgent1,MALE_YOUNG,54,47.7381742982654,89,0.0
85,SIAgent1,FEMALE_OLD,64,57.74463220251292,431,0.0
85,WFAgent2,OLD_LOW_INCOME,96,86.51840420389863,0,0.0
85,SIAgent2,MALE_OLD_LOW_INCOME,41,36.4372335780275,280,0.0
85,WFAgent3,MALE_YOUNG_LOW_INCOME,42,34.255543402455764,360,0.0
85,WFAgent4,OLD_HIGH_INCOME,28,28.58546280570582,123,0.0
85,SIAgent0,FEMALE_HIGH_INCOME,16,15.254128489684227,51,14.436158050628224
86,SIAgent5,YOUNG_HIGH_INCOME,18,18.338327902560277,45,17.700232130044043
86,SIAgent3,FEMALE_YOUNG_HIGH_INCOME,6,5.057209180012582,28,0.0
86,WFAgent0,FEMALE_OLD_LOW_INCOME,55,49.2603325248359,486,0.0
86,SIAgent4,MALE_HIGH_INCOME,31,34.47891082010492,34,33.609095319107304
86,WFAgent1,MALE_OLD_LOW_INCOME,41,48.04551801649615,354,0.0
86,SIAgent1,FEMALE_OLD_HIGH_INCOME,10,12.632847682627814,11,12.019817056950258
86,WFAgent2,FEMALE_OLD_LOW_INCOME,55,47.615150842625745,0,0.0
86,SIAgent2,OLD_HIGH_INCOME,28,31.398338061337572,28,31.14224203106252
86,WFAgent3,MALE_OLD_HIGH_INCOME,19,19.376508024233956,133,0.0
86,WFAgent4,OLD_HIGH_INCOME,28,25.321941413814073,0,0.0
86,SIAgent0,FEMALE_OLD_HIGH_INCOME,10,10.162877750465078,58,0.0
87,SIAgent5,MALE_YOUNG_HIGH_INCOME,12,11.510520912616919,110,0.0
87,SIAgent3,YOUNG_LOW_INCOME,87,85.80049464477415,91,85.20146780234049
87,WFAgent0,MALE_OLD_LOW_INCOME,41,41.63578809812988,42,41.32815881286841
87,SIAgent4,MALE_OLD,60,53.39398294607794,255,0.0
87,WFAgent1,MALE_OLD_LOW_INCOME,41,42.681506468234396,43,42.318451726475
87,SIAgent1,MALE_OLD_LOW_INCOME,41,37.72398067735288,41,37.72398067735288
87,WFAgent2,MALE_OLD_LOW_INCOME,41,40.350151646173835,43,39.56417485673594
87,SIAgent2,YOUNG_LOW_INCOME,87,81.4563483385013,689,0.0
87,WFAgent3,FEMALE_YOUNG_HIGH_INCOME,6,5.479260647286196,42,0.0
87,WFAgent4,MALE_OLD_LOW_INCOME,41,40.34415503160968,43,39.50378010888881
87,SIAgent0,FEMALE_OLD,64,58.3181572061969,601,0.0
88,SIAgent5,MALE_LOW_INCOME,83,85.19264119476009,166,85.14579949789734
88,SIAgent3,OLD_HIGH_INCOME,28,24.774239024164505,239,0.0
88,WFAgent0,MALE_LOW_INCOME,83,84.6121683788061,257,0.0
88,SIAgent4,FEMALE_HIGH_INCOME,16,18.05330509644753,36,17.695885017260363
88,WFAgent1,YOUNG_LOW_INCOME,87,83.05405082965932,223,0.0
88,SIAgent1,FEMALE_YOUNG_LOW_INCOME,45,44.21888772663778,45,44.04093077477449
88,WFAgent2,YOUNG_LOW_INCOME,87,75.13815397145751,242,0.0
88,SIAgent2,YOUNG_LOW_INCOME,87,85.1457994978974,150,84.63838033566488
88,WFAgent3,OLD_LOW_INCOME,96,102.60271431477224,473,0.0
88,WFAgent4,FEMALE_LOW_INCOME,100,72.00719370096422,0,0.0
88,SIAgent0,FEMALE_OLD_HIGH_INCOME,10,11.74958839499741,10,11.283315685279707
89,SIAgent5,MALE_HIGH_INCOME,31,31.471763196898227,116,31.281946756777536
89,SIAgent3,FEMALE_LOW_INCOME,100,101.9186062207447,122,101.45357868844332
89,WFAgent0,YOUNG_LOW_INCOME,87,69.04140029721822,0,0.0
89,SIAgent4,MALE_YOUNG_HIGH_INCOME,12,13.655768532692763,13,13.197836179344417
89,WFAgent1,FEMALE_OLD_HIGH_INCOME,10,10.088002886289827,0,0.0
89,SIAgent1,FEMALE_OLD_LOW_INCOME,55,47.39729802932098,396,44.811990864085274
89,WFAgent2,FEMALE_OLD_LOW_INCOME,55,49.21804089573277,57,49.12083613947808
89,SIAgent2,FEMALE_OLD_HIGH_INCOME,10,10.42768324691057,82,0.0
89,WFAgent3,FEMALE_LOW_INCOME,100,97.2096943054999,312,0.0
89,WFAgent4,OLD_LOW_INCOME,96,97.39969808166187,374,0.0
89,SIAgent0,YOUNG_HIGH_INCOME,18,17.596095050687374,101,0.0
90,SIAgent5,FEMALE_YOUNG,51,60.83941506386951,452,0.0
90,SIAgent3,MALE_YOUNG,54,43.38709574967002,191,43.38709574966998
90,WFAgent0,FEMALE_LOW_INCOME,100,89.67300314408813,0,0.0
90,SIAgent4,MALE_OLD_LOW_INCOME,41,40.309745731957776,40,39.326581201910045
90,WFAgent1,FEMALE_YOUNG,51,55.135469368255094,0,0.0
90,SIAgent1,FEMALE_OLD_HIGH_INCOME,10,9.693872588275045,69,0.0
90,WFAgent2,MALE_YOUNG_LOW_INCOME,42,40.43445842623655,50,40.173236805249985
90,SIAgent2,MALE_HIGH_INCOME,31,31.931967753559977,110,31.335124708094995
90,WFAgent3,MALE_LOW_INCOME,83,94.25242107948597,320,57.02354274276958
90,WFAgent4,MALE_YOUNG,54,54.57802073407126,39,4.017323680525002
90,SIAgent0,FEMALE_OLD_HIGH_INCOME,10,11.369981683003479,11,10.66325984710255
91,SIAgent5,FEMALE_OLD_HIGH_INCOME,10,10.604597673121193,13,10.017149298467377
91,SIAgent3,MALE_OLD_HIGH_INCOME,19,21.32432608906,27,20.804848542970714
91,WFAgent0,FEMALE_OLD_HIGH_INCOME,10,11.04811331339269,10,10.613585211947914
91,SIAgent4,OLD_HIGH_INCOME,28,21.57539848900666,178,0.0
91,WFAgent1,MALE_YOUNG,54,53.034548827830534,48,42.215601842085896
91,SIAgent1,MALE_YOUNG,54,47.49255207234661,381,43.09509354712935
91,WFAgent2,MALE_YOUNG_LOW_INCOME,42,42.48923627915674,48,42.215601842085896
91,SIAgent2,FEMALE_LOW_INCOME,100,93.26814181159156,824,0.0
91,WFAgent3,YOUNG_HIGH_INCOME,18,19.400531446231135,46,0.0
91,WFAgent4,MALE_OLD_LOW_INCOME,41,39.57832176857553,353,0.0
91,SIAgent0,FEMALE_OLD,64,67.95159689153422,72,67.79837352091738
92,SIAgent5,MALE_OLD,60,60.195115733866295,461,0.0
92,SIAgent3,MALE_LOW_INCOME,83,84.82561654363924,95,84.32545904413959
92,WFAgent0,MALE_YOUNG_HIGH_INCOME,12,13.367957785703169,102,0.0
92,SIAgent4,FEMALE_LOW_INCOME,100,96.10691765715367,223,95.67589451906412
92,WFAgent1,MALE_YOUNG_LOW_INCOME,42,41.89956345619147,53,41.29226789156404
92,SIAgent1,MALE_YOUNG_LOW_INCOME,42,32.72217455557904,253,28.826677584676762
92,WFAgent2,FEMALE_OLD_HIGH_INCOME,10,11.748342861267984,10,10.863507805450427
92,SIAgent2,FEMALE_HIGH_INCOME,16,17.38161248872068,18,17.077316307286992
92,WFAgent3,MALE_HIGH_INCOME,31,27.01012941507011,0,0.0
92,WFAgent4,FEMALE_YOUNG,51,55.00859283079609,20,18.94572168694339
92,SIAgent0,FEMALE_YOUNG,51,48.31159030170565,322,16.103863433901882
93,SIAgent5,MALE_OLD_LOW_INCOME,41,39.10789123238634,349,0.0
93,SIAgent3,MALE_YOUNG,54,48.51314885793934,393,0.0
93,WFAgent0,MALE_LOW_INCOME,83,78.70535773602786,0,0.0
93,SIAgent4,FEMALE_YOUNG_LOW_INCOME,45,43.77581500732322,342,0.0
93,WFAgent1,MALE_OLD_HIGH_INCOME,19,18.158934113149595,99,0.0
93,SIAgent1,FEMALE_YOUNG,51,61.06947319807418,75,60.313345121200825
93,WFAgent2,FEMALE_OLD_HIGH_INCOME,10,9.730922724625755,83,0.0
93,SIAgent2,MALE_HIGH_INCOME,31,31.985840583263784,32,31.40273750850918
93,WFAgent3,FEMALE_HIGH_INCOME,16,14.64404307029458,0,0.0
93,WFAgent4,OLD_LOW_INCOME,96,96.50684422720866,504,0.0
93,SIAgent0,MALE_HIGH_INCOME,31,30.421401961368275,89,29.646924302074066
94,SIAgent5,OLD_LOW_INCOME,96,92.19138059706536,854,0.0
94,SIAgent3,MALE_YOUNG_HIGH_INCOME,12,13.29056031839873,14,12.537398070607521
94,WFAgent0,FEMALE_YOUNG,51,58.072479927777565,59,58.01240642665877
94,SIAgent4,FEMALE_YOUNG_HIGH_INCOME,6,5.357606968170106,0,0.0
94,WFAgent1,MALE_OLD_HIGH_INCOME,19,17.82893135507736,153,0.0
94,SIAgent1,FEMALE_YOUNG,51,50.14631741965426,51,49.97664520422795
94,WFAgent2,FEMALE_YOUNG,51,52.80057477802197,54,52.639290986518
94,SIAgent2,YOUNG_HIGH_INCOME,18,16.119511805066814,87,0.0
94,WFAgent3,FEMALE_OLD,64,62.18951461322164,89,0.0
94,WFAgent4,MALE_YOUNG_LOW_INCOME,42,41.30127850782713,345,0.0
94,SIAgent0,FEMALE_YOUNG,51,49.48068026682816,294,27.761381442059534
95,SIAgent5,MALE_YOUNG,54,50.93989118681088,71,50.453793918190414
95,SIAgent3,YOUNG_LOW_INCOME,87,72.86512217525745,87,72.66536292185857
95,WFAgent0,MALE_LOW_INCOME,83,85.75332800495914,190,42.34514846705265
95,SIAgent4,MALE_LOW_INCOME,83,74.77973027160364,229,73.90463783666414
95,WFAgent1,YOUNG_HIGH_INCOME,18,18.776883207349922,56,0.0
95,SIAgent1,OLD_LOW_INCOME,96,100.04074815042408,107,99.0835356953466
95,WFAgent2,FEMALE_HIGH_INCOME,16,13.430359345174548,65,0.0
95,SIAgent2,MALE_OLD,60,62.51424549058897,111,62.16628179205607
95,WFAgent3,MALE_OLD_HIGH_INCOME,19,19.60162985827683,104,0.0
95,WFAgent4,FEMALE_OLD_LOW_INCOME,55,47.67654650970493,57,47.608341224666006
95,SIAgent0,FEMALE_LOW_INCOME,100,83.52340565730884,694,57.63114990354303
96,SIAgent5,FEMALE_YOUNG,51,52.38588538986418,54,51.99337352435908
96,SIAgent3,MALE_YOUNG,54,52.689349582191035,446,40.98060523059307
96,WFAgent0,FEMALE_OLD,64,63.30596691131198,62,15.525002428236613
96,SIAgent4,FEMALE_HIGH_INCOME,16,14.611766991281522,16,14.611766991281518
96,WFAgent1,MALE_OLD_LOW_INCOME,41,47.51743035320761,46,47.256465934970564
96,SIAgent1,FEMALE_YOUNG_HIGH_INCOME,6,7.066517284479316,6,6.163045339984021
96,WFAgent2,OLD_LOW_INCOME,96,89.70116635523343,0,0.0
96,SIAgent2,FEMALE_YOUNG,51,49.10485277300577,382,11.872060680416235
96,WFAgent3,FEMALE_OLD,64,56.12298832946766,0,0.0
96,WFAgent4,MALE_YOUNG_LOW_INCOME,42,44.75891094419863,45,43.90779131849258
96,SIAgent0,OLD_LOW_INCOME,96,98.62218977732987,782,52.393038319206504
97,SIAgent5,MALE_YOUNG_HIGH_INCOME,12,13.396507314883472,112,0.0
97,SIAgent3,FEMALE_YOUNG_HIGH_INCOME,6,5.911686840926075,6,5.5825319532652085
97,WFAgent0,OLD_LOW_INCOME,96,87.7670025328182,469,0.0
97,SIAgent4,MALE_OLD,60,51.91381270172128,493,0.0
97,WFAgent1,FEMALE_YOUNG,51,49.01288279084886,62,48.3819435949651
97,SIAgent1,YOUNG_LOW_INCOME,87,83.88278568727007,177,83.5404876159558
97,WFAgent2,FEMALE_YOUNG_LOW_INCOME,45,43.21059704273582,238,0.0
97,SIAgent2,MALE_OLD_HIGH_INCOME,19,19.52755816608742,22,19.035064657297806
97,WFAgent3,FEMALE_YOUNG,51,47.45152160275427,0,0.0
97,WFAgent4,MALE_YOUNG,54,54.46632623184395,0,0.0
97,SIAgent0,FEMALE_OLD_HIGH_INCOME,10,10.9953747211691,85,0.0
98,SIAgent5,FEMALE_HIGH_INCOME,16,17.148854466525965,18,16.366410160703225
98,SIAgent3,FEMALE_YOUNG_HIGH_INCOME,6,5.448015844711963,27,0.0
98,WFAgent0,MALE_YOUNG_LOW_INCOME,42,43.234331364307025,298,0.0
98,SIAgent4,OLD_HIGH_INCOME,28,31.734840027091543,106,31.082298720578308
98,WFAgent1,FEMALE_OLD_HIGH_INCOME,10,8.715673158661385,0,0.0
98,SIAgent1,FEMALE_OLD_HIGH_INCOME,10,9.303652673526688,37,0.0
98,WFAgent2,MALE_HIGH_INCOME,31,33.239210907011426,79,0.0
98,SIAgent2,MALE_YOUNG_LOW_INCOME,42,47.98427445738056,46,47.85171381664351
98,WFAgent3,MALE_YOUNG,54,50.744110697233204,111,0.0
98,WFAgent4,FEMALE_YOUNG,51,56.13250832504091,53,55.13349635395884
98,SIAgent0,YOUNG_LOW_INCOME,87,90.50215439234748,96,90.03792383646898
99,SIAgent5,MALE_OLD,60,56.156255362032205,230,55.22031777266507
99,SIAgent3,FEMALE_YOUNG_HIGH_INCOME,6,5.607829145189522,24,0.0
99,WFAgent0,FEMALE_HIGH_INCOME,16,15.370569292852808,62,0.0
99,SIAgent4,OLD_LOW_INCOME,96,95.40357348485277,165,95.0296563591203
99,WFAgent1,MALE_OLD,60,70.66607458802024,71,70.55889288983911
99,SIAgent1,YOUNG_HIGH_INCOME,18,17.03380469836544,71,16.823487435568563
99,WFAgent2,MALE_OLD,60,63.78576883180792,82,61.771880898235516
99,SIAgent2,OLD_HIGH_INCOME,28,30.424144322043105,52,29.9500028597505
99,WFAgent3,FEMALE_YOUNG,51,49.2164609628854,393,0.0
99,WFAgent4,FEMALE_OLD_LOW_INCOME,55,55.813403142373616,56,55.652084532830834
99,SIAgent0,MALE_YOUNG_LOW_INCOME,42,35.07388690349626,390,0.0

