0,WEAgent1,FEMALE_YOUNG_LOW_INCOME,8,8.474837860172821,9,8.217034802022443
0,WEAgent0,FEMALE_LOW_INCOME,17,15.531540559247397,359,12.78205413647936
0,SIAgent9,FEMALE_YOUNG,9,8.292281412899792,9,8.217034802022443
0,SIAgent7,FEMALE_YOUNG_LOW_INCOME,8,8.109326124455448,8,7.370916811466481
0,SIAgent8,FEMALE_YOUNG_HIGH_INCOME,1,1.0358071915756275,59,0.9213646014333102
0,SIAgent5,MALE_HIGH_INCOME,6,6.1969713677805,11,5.714200092085493
0,SIAgent6,FEMALE_LOW_INCOME,17,15.521065737153503,20,14.79710886169275
0,SIAgent3,FEMALE_OLD_HIGH_INCOME,2,1.8359272410463523,2,1.418599677766894
0,SIAgent4,FEMALE_OLD_HIGH_INCOME,2,1.9034843800553733,2,1.8359272410463523
0,SIAgent1,FEMALE_OLD,11,7.802298227717918,510,0.0
0,SIAgent2,FEMALE_OLD_HIGH_INCOME,2,2.266357242707549,2,1.9034843800553733
0,SIAgent10,MALE_OLD_HIGH_INCOME,4,3.8094667280569947,157,0.0
0,SIAgent0,MALE_OLD_LOW_INCOME,7,6.523622193214475,366,0.0
1,WEAgent1,MALE_LOW_INCOME,14,14.905953062642295,18,14.597563524750102
1,WEAgent0,MALE_YOUNG_LOW_INCOME,8,8.119341170656059,327,8.109757513750056
1,SIAgent9,YOUNG_LOW_INCOME,15,14.327936473896129,16,13.661474474708657
1,SIAgent7,FEMALE_OLD_LOW_INCOME,10,7.590442113408943,463,0.0
1,SIAgent8,FEMALE_HIGH_INCOME,3,3.0284347729199603,138,0.0
1,SIAgent5,MALE_YOUNG_HIGH_INCOME,2,1.6666072596701025,92,0.0
1,SIAgent6,MALE_YOUNG_HIGH_INCOME,2,1.8736103019916135,2,1.6666072596701025
1,SIAgent3,FEMALE_OLD_HIGH_INCOME,2,2.0577413521384136,2,2.0189565152799736
1,SIAgent4,YOUNG_LOW_INCOME,15,12.164636270625081,43,11.353660519250079
1,SIAgent1,MALE_OLD_LOW_INCOME,7,8.007966597776306,376,0.0
1,SIAgent2,YOUNG_LOW_INCOME,15,15.65671192478939,16,15.283132238822533
1,SIAgent10,MALE_OLD_HIGH_INCOME,4,4.674846132293355,166,0.0
1,SIAgent0,YOUNG_LOW_INCOME,15,12.807632320039367,15,12.164636270625085
2,WEAgent1,FEMALE_YOUNG_HIGH_INCOME,1,0.9314550970460461,48,0.0
2,WEAgent0,OLD_LOW_INCOME,17,17.865164865163255,20,17.77256018748705
2,SIAgent9,MALE_OLD,11,11.193929751885195,11,10.538166321429216
2,SIAgent7,YOUNG_LOW_INCOME,15,14.035190139571622,733,0.0
2,SIAgent8,FEMALE_OLD_LOW_INCOME,10,11.743130274124859,11,10.80048366457762
2,SIAgent5,FEMALE_YOUNG,9,9.450314167514945,9,8.743525219976258
2,SIAgent6,MALE_OLD,11,9.774908103117873,499,0.0
2,SIAgent3,FEMALE_LOW_INCOME,17,16.691656572529048,39,15.906548824847842
2,SIAgent4,OLD_HIGH_INCOME,5,5.317672594550315,5,5.087710988764201
2,SIAgent1,OLD_HIGH_INCOME,5,4.632938836332377,6,4.443140046871761
2,SIAgent2,FEMALE_OLD_HIGH_INCOME,2,2.034382157975532,2,1.8531755345329508
2,SIAgent10,FEMALE_HIGH_INCOME,3,3.386608377663036,3,3.177103945321787
2,SIAgent0,MALE_LOW_INCOME,14,13.495843217927208,14,13.099510796933517
3,WEAgent1,YOUNG_HIGH_INCOME,3,3.1650778491481337,45,0.0
3,WEAgent0,FEMALE_LOW_INCOME,17,19.768745839938838,372,4.876742433446243
3,SIAgent9,FEMALE_YOUNG_LOW_INCOME,8,8.71361254696497,8,8.280608204054019
3,SIAgent7,FEMALE_OLD_LOW_INCOME,10,11.463821231967174,11,11.385836280574276
3,SIAgent8,FEMALE_OLD_HIGH_INCOME,2,2.1395616255981302,2,1.9722200797654104
3,SIAgent5,MALE_LOW_INCOME,14,12.260809105658584,679,0.0
3,SIAgent6,FEMALE_LOW_INCOME,17,17.596292433614792,17,17.099180464850722
3,SIAgent3,FEMALE_OLD_HIGH_INCOME,2,1.9305188362886276,2,1.7392874719414702
3,SIAgent4,MALE_YOUNG,10,10.962273955595304,11,10.340114380033812
3,SIAgent1,FEMALE_OLD,11,9.566081095678086,554,0.0
3,SIAgent2,YOUNG_LOW_INCOME,15,15.51017157005072,17,15.286430973439968
3,SIAgent10,FEMALE_LOW_INCOME,17,16.580924273717226,18,16.1821110010658
3,SIAgent0,FEMALE_OLD,11,10.847210438709757,11,10.638031736677322
4,WEAgent1,MALE_OLD_LOW_INCOME,7,8.300563238910339,9,7.756491383941027
4,WEAgent0,MALE_YOUNG_HIGH_INCOME,2,2.0321458031193744,2,1.5581914997126036
4,SIAgent9,MALE_YOUNG,10,10.218658247030595,60,10.128244748131921
4,SIAgent7,MALE_OLD_LOW_INCOME,7,7.579471556704424,8,6.894659007947579
4,SIAgent8,MALE_HIGH_INCOME,6,4.674574499137811,242,3.1163829994252072
4,SIAgent5,MALE_YOUNG_HIGH_INCOME,2,2.224581023748197,2,2.068615307140826
4,SIAgent6,OLD_LOW_INCOME,17,14.651150391888605,823,11.203820887914818
4,SIAgent3,FEMALE_YOUNG_HIGH_INCOME,1,1.0608043420650501,1,1.051574774292968
4,SIAgent4,FEMALE_LOW_INCOME,17,16.629305874667594,19,16.3748151438755
4,SIAgent1,FEMALE_YOUNG,9,9.464172968636712,9,9.387962502995089
4,SIAgent2,FEMALE_YOUNG,9,10.315529494551148,9,9.464172968636712
4,SIAgent10,MALE_HIGH_INCOME,6,6.205845921422478,7,5.939210398687628
4,SIAgent0,FEMALE_YOUNG,9,9.387962502995087,427,0.0
5,WEAgent1,FEMALE_YOUNG_HIGH_INCOME,1,1.045443243890537,1,0.8386651171106424
5,WEAgent0,MALE_YOUNG_HIGH_INCOME,2,2.0633128740946263,2,1.8340411248797188
5,SIAgent9,MALE_LOW_INCOME,14,15.262816866552575,28,14.416312785775956
5,SIAgent7,OLD_HIGH_INCOME,5,4.718069575424073,5,4.657142170654949
5,SIAgent8,FEMALE_HIGH_INCOME,3,2.7942853023929697,6,2.751061687319578
5,SIAgent5,YOUNG_HIGH_INCOME,3,2.751061687319578,9,2.5159953513319273
5,SIAgent6,FEMALE_YOUNG,9,7.547986053995782,418,0.0
5,SIAgent3,FEMALE_OLD_LOW_INCOME,10,9.400979280329892,482,0.0
5,SIAgent4,YOUNG_HIGH_INCOME,3,3.161570403368126,3,3.0949693111419396
5,SIAgent1,FEMALE_OLD_HIGH_INCOME,2,2.0411059947943286,2,1.887227830169629
5,SIAgent2,MALE_OLD,11,10.57196270956903,470,6.605297405593701
5,SIAgent10,FEMALE_LOW_INCOME,17,17.026674870648282,18,16.211733028137374
5,SIAgent0,MALE_YOUNG,10,11.668256963231759,10,10.82932324027546
6,WEAgent1,YOUNG_HIGH_INCOME,3,2.6689004353652157,39,0.0
6,WEAgent0,FEMALE_YOUNG_LOW_INCOME,8,7.649565855811515,8,7.368589061042463
6,SIAgent9,MALE_LOW_INCOME,14,14.635733859764576,14,14.218536255082782
6,SIAgent7,MALE_YOUNG_LOW_INCOME,8,8.063591688998095,8,7.638730658899591
6,SIAgent8,FEMALE_HIGH_INCOME,3,2.7982886710835864,7,2.7632208978909234
6,SIAgent5,MALE_OLD,11,11.559926554621349,20,11.49950517552931
6,SIAgent6,OLD_LOW_INCOME,17,17.439009603906626,792,0.0
6,SIAgent3,MALE_YOUNG,10,11.365139329491168,10,10.751066716875995
6,SIAgent4,MALE_YOUNG,10,9.548413323624489,444,0.0
6,SIAgent1,FEMALE_HIGH_INCOME,3,3.1046507155224314,3,2.7982886710835864
6,SIAgent2,MALE_YOUNG,10,10.751066716875993,10,10.182390926969635
6,SIAgent10,FEMALE_YOUNG,9,8.28966269367277,102,8.241416548879668
6,SIAgent0,FEMALE_YOUNG_HIGH_INCOME,1,0.9157129498755187,1,0.8896334784550719
7,WEAgent1,MALE_YOUNG_LOW_INCOME,8,8.162376245729531,360,0.0
7,WEAgent0,OLD_LOW_INCOME,17,17.83730538290606,350,7.122764213700803
7,SIAgent9,YOUNG_HIGH_INCOME,3,3.004091592077076,3,2.9017959072700568
7,SIAgent7,FEMALE_OLD_HIGH_INCOME,2,2.6976083132050346,2,2.0628188349808925
7,SIAgent8,OLD_HIGH_INCOME,5,4.418308289882382,239,0.0
7,SIAgent5,MALE_HIGH_INCOME,6,5.985056346609055,6,5.9086571002499575
7,SIAgent6,OLD_HIGH_INCOME,5,5.157047087452232,5,4.8736992223825135
7,SIAgent3,YOUNG_HIGH_INCOME,3,3.1581603052884533,3,3.004091592077076
7,SIAgent4,FEMALE_LOW_INCOME,17,14.238382473844199,842,0.0
7,SIAgent1,FEMALE_LOW_INCOME,17,14.413090793612586,17,14.238382473844194
7,SIAgent2,OLD_LOW_INCOME,17,17.29814166184481,20,17.29599515345389
7,SIAgent10,MALE_HIGH_INCOME,6,5.9086571002499575,6,5.301969947858858
7,SIAgent0,YOUNG_HIGH_INCOME,3,2.8755295858425955,147,0.0
8,WEAgent1,FEMALE_HIGH_INCOME,3,2.9939207933390644,54,0.0
8,WEAgent0,FEMALE_YOUNG_LOW_INCOME,8,7.108539501353263,363,0.0
8,SIAgent9,YOUNG_LOW_INCOME,15,15.071248103959583,16,14.42792757345177
8,SIAgent7,MALE_OLD_LOW_INCOME,7,8.025895774936355,7,7.925873772298558
8,SIAgent8,MALE_YOUNG,10,10.662736232814233,11,10.398956467403801
8,SIAgent5,MALE_LOW_INCOME,14,12.931924125773774,15,12.821694184161194
8,SIAgent6,MALE_OLD,11,12.059611839946102,520,10.16079752739368
8,SIAgent3,FEMALE_OLD,11,11.571046630063206,68,10.773541761559663
8,SIAgent4,MALE_YOUNG_HIGH_INCOME,2,1.6828536761113317,100,0.0
8,SIAgent1,FEMALE_YOUNG_LOW_INCOME,8,8.663354395090343,8,8.037998988778442
8,SIAgent2,MALE_OLD,11,12.454944499326306,11,12.059611839946104
8,SIAgent10,FEMALE_OLD_HIGH_INCOME,2,1.7955902935932768,71,0.0
8,SIAgent0,MALE_YOUNG_LOW_INCOME,8,6.838236898219303,343,0.0
9,WEAgent1,FEMALE_OLD_HIGH_INCOME,2,2.207132801254743,2,1.8381797667488542
9,WEAgent0,FEMALE_YOUNG_LOW_INCOME,8,7.034898701680397,385,0.0
9,SIAgent9,MALE_OLD,11,10.776560464138463,20,10.49217881755716
9,SIAgent7,MALE_YOUNG_LOW_INCOME,8,6.968390731944218,348,0.0
9,SIAgent8,FEMALE_OLD_LOW_INCOME,10,9.409953177635595,448,0.0
9,SIAgent5,MALE_OLD_LOW_INCOME,7,6.676841065718193,371,0.0
9,SIAgent6,FEMALE_YOUNG,9,9.707379424928774,10,8.833350922764875
9,SIAgent3,FEMALE_OLD,11,10.631848561386539,11,10.350948495399152
9,SIAgent4,OLD_LOW_INCOME,17,17.76349359757122,18,17.663302561591937
9,SIAgent1,FEMALE_OLD_LOW_INCOME,10,10.566991633019152,10,10.449113880924248
9,SIAgent2,FEMALE_HIGH_INCOME,3,2.6077611421460682,129,0.0
9,SIAgent10,FEMALE_HIGH_INCOME,3,2.7572696501232814,3,2.6077611421460682
9,SIAgent0,FEMALE_OLD,11,10.882640405144787,11,10.631848561386537
10,WEAgent1,MALE_YOUNG_LOW_INCOME,8,6.457691300267136,339,0.0
10,WEAgent0,FEMALE_OLD_LOW_INCOME,10,10.683640939417497,10,10.628331844377874
10,SIAgent9,YOUNG_HIGH_INCOME,3,3.141485279940098,3,2.6514424819305753
10,SIAgent7,MALE_OLD_LOW_INCOME,7,7.3878502538975415,8,6.657422984135523
10,SIAgent8,FEMALE_HIGH_INCOME,3,3.289132450482274,3,2.8257954290114977
10,SIAgent5,FEMALE_LOW_INCOME,17,18.06816413544239,865,0.0
10,SIAgent6,MALE_LOW_INCOME,14,14.842092625639447,14,13.942638226527833
10,SIAgent3,MALE_YOUNG,10,9.165634655836786,11,9.153956603186344
10,SIAgent4,MALE_HIGH_INCOME,6,6.429479489991663,13,6.282970559880196
10,SIAgent1,MALE_YOUNG,10,11.43797316268161,10,10.624355616076903
10,SIAgent2,MALE_LOW_INCOME,14,11.650490222237165,37,11.300959775467486
10,SIAgent10,FEMALE_HIGH_INCOME,3,2.6679505035471975,114,0.0
10,SIAgent0,MALE_YOUNG_HIGH_INCOME,2,1.7456176257982203,82,0.0
11,WEAgent1,MALE_YOUNG_HIGH_INCOME,2,1.9999431643456866,2,1.7909406768852416
11,WEAgent0,OLD_HIGH_INCOME,5,5.496904466667017,6,5.3027922980254925
11,SIAgent9,MALE_YOUNG,10,8.954703384426209,471,0.0
11,SIAgent7,MALE_LOW_INCOME,14,16.564079337955434,17,16.51308740291137
11,SIAgent8,MALE_OLD_LOW_INCOME,7,6.98963101960219,373,0.0
11,SIAgent5,FEMALE_YOUNG,9,9.343174397616377,9,9.199453745228297
11,SIAgent6,MALE_OLD_LOW_INCOME,7,7.171356523669119,7,6.989631019602189
11,SIAgent3,FEMALE_YOUNG_LOW_INCOME,8,8.17729221798071,353,0.0
11,SIAgent4,FEMALE_OLD,11,9.721785879713405,513,0.0
11,SIAgent1,FEMALE_HIGH_INCOME,3,3.134127340393875,3,2.8057279212992063
11,SIAgent2,FEMALE_YOUNG_LOW_INCOME,8,8.529593110460205,8,8.305043908992333
11,SIAgent10,FEMALE_LOW_INCOME,17,18.191291193964332,18,17.54998069630597
11,SIAgent0,MALE_OLD_HIGH_INCOME,4,3.606047407042431,155,0.0
12,WEAgent1,FEMALE_OLD_HIGH_INCOME,2,1.8406146248412076,86,0.0
12,WEAgent0,YOUNG_HIGH_INCOME,3,3.028455947894555,3,2.583956051728636
12,SIAgent9,MALE_YOUNG_LOW_INCOME,8,8.28104821263752,8,7.521548679557369
12,SIAgent7,YOUNG_LOW_INCOME,15,14.102903774170066,742,0.0
12,SIAgent8,MALE_OLD_HIGH_INCOME,4,4.002513301920265,4,3.9191613820563562
12,SIAgent5,MALE_OLD,11,11.322908138630423,11,10.86104572051889
12,SIAgent6,OLD_HIGH_INCOME,5,4.809575508538355,5,4.6015365621030195
12,SIAgent3,YOUNG_HIGH_INCOME,3,3.300688869416429,3,2.8104275061785673
12,SIAgent4,FEMALE_YOUNG_HIGH_INCOME,1,1.0877901383594764,1,0.8613186839095454
12,SIAgent1,MALE_OLD,11,10.77769380065498,492,1.923830203415342
12,SIAgent2,YOUNG_HIGH_INCOME,3,2.583956051728636,142,0.8613186839095454
12,SIAgent10,FEMALE_YOUNG,9,9.271579514202074,9,8.461742264502039
12,SIAgent0,MALE_OLD,11,11.65149689022253,11,11.322908138630421
13,WEAgent1,MALE_HIGH_INCOME,6,7.207718373276599,89,0.0
13,WEAgent0,FEMALE_OLD,11,9.157919212148407,90,0.0
13,SIAgent9,FEMALE_YOUNG,9,7.747138475191903,15,7.171795349292123
13,SIAgent7,MALE_YOUNG_LOW_INCOME,8,8.013536886558947,371,0.0
13,SIAgent8,MALE_LOW_INCOME,14,17.223010343306022,16,16.350575021157912
13,SIAgent5,MALE_LOW_INCOME,14,14.168094917299848,18,13.962798054490472
13,SIAgent6,FEMALE_HIGH_INCOME,3,2.8458811715157846,3,2.525869384300831
13,SIAgent3,FEMALE_LOW_INCOME,17,14.871575675079317,34,14.633483786473592
13,SIAgent4,MALE_HIGH_INCOME,6,6.057683821277775,15,6.057683821277774
13,SIAgent1,YOUNG_LOW_INCOME,15,15.477226467564106,17,15.420408517818593
13,SIAgent2,FEMALE_HIGH_INCOME,3,3.1052886355759597,3,2.8458811715157846
13,SIAgent10,FEMALE_YOUNG_LOW_INCOME,8,6.374929199370776,342,0.0
13,SIAgent0,OLD_LOW_INCOME,17,16.769977021740083,19,16.621172813323938
14,WEAgent1,FEMALE_LOW_INCOME,17,15.847923314093924,390,5.593384699091973
14,WEAgent0,FEMALE_YOUNG_LOW_INCOME,8,7.963494073469434,8,7.457846265455964
14,SIAgent9,YOUNG_HIGH_INCOME,3,3.158271570810976,3,2.976433362255286
14,SIAgent7,MALE_YOUNG_HIGH_INCOME,2,2.184781703170459,2,2.1055143805406504
14,SIAgent8,FEMALE_HIGH_INCOME,3,2.661957521755957,126,0.0
14,SIAgent5,FEMALE_OLD,11,10.928479612579048,109,10.341584712905362
14,SIAgent6,MALE_LOW_INCOME,14,14.410238522862734,692,0.0
14,SIAgent3,OLD_HIGH_INCOME,5,5.0772348194132935,22,4.967490732990477
14,SIAgent4,FEMALE_OLD_HIGH_INCOME,2,1.8802881296191567,2,1.7746383478373045
14,SIAgent1,MALE_YOUNG_HIGH_INCOME,2,1.9842889081701907,102,0.0
14,SIAgent2,OLD_LOW_INCOME,17,19.955934784948724,19,19.162901625643475
14,SIAgent10,FEMALE_OLD_HIGH_INCOME,2,2.1729731111644166,2,2.0308939277653173
14,SIAgent0,FEMALE_HIGH_INCOME,3,2.961898186145471,3,2.661957521755957
15,WEAgent1,MALE_OLD_HIGH_INCOME,4,3.711701955721333,146,0.0
15,WEAgent0,MALE_LOW_INCOME,14,13.890193680286426,315,6.27842992756915
15,SIAgent9,FEMALE_HIGH_INCOME,3,3.0773083551350995,3,2.8374678052222624
15,SIAgent7,MALE_OLD,11,11.943584527631689,13,11.659941294056994
15,SIAgent8,FEMALE_YOUNG_LOW_INCOME,8,8.95982217754113,8,8.704914358560439
15,SIAgent5,YOUNG_LOW_INCOME,15,16.321714422300822,15,15.602478626745576
15,SIAgent6,MALE_LOW_INCOME,14,15.876599578150625,14,15.224264594612075
15,SIAgent3,MALE_LOW_INCOME,14,12.5568598551383,44,12.5568598551383
15,SIAgent4,YOUNG_LOW_INCOME,15,15.60247862674558,17,15.470484644375844
15,SIAgent1,FEMALE_YOUNG,9,8.32299479397459,433,0.0
15,SIAgent2,FEMALE_YOUNG_HIGH_INCOME,1,1.1275576800747729,1,1.0257694517116998
15,SIAgent10,YOUNG_HIGH_INCOME,3,2.8671677623126817,11,2.77433159799153
15,SIAgent0,FEMALE_OLD_HIGH_INCOME,2,1.8520452606942823,56,0.0
16,WEAgent1,MALE_YOUNG_LOW_INCOME,8,8.378766657853586,8,7.935921687332141
16,WEAgent0,OLD_LOW_INCOME,17,18.37692562026654,316,4.523989256189709
16,SIAgent9,FEMALE_HIGH_INCOME,3,3.35507686158084,3,3.0291625795732933
16,SIAgent7,FEMALE_OLD_HIGH_INCOME,2,2.1180529661152248,80,0.0
16,SIAgent8,OLD_LOW_INCOME,17,17.53031673450843,42,16.68032004534548
16,SIAgent5,MALE_YOUNG_HIGH_INCOME,2,2.0377419658303952,2,1.8222192269161368
16,SIAgent6,MALE_LOW_INCOME,14,12.973582257490929,17,12.817969559204174
16,SIAgent3,MALE_OLD,11,12.091354975953076,15,11.780494741648921
16,SIAgent4,YOUNG_HIGH_INCOME,3,2.733328840374205,149,0.0
16,SIAgent1,MALE_LOW_INCOME,14,14.993356943916806,14,14.005477626171416
16,SIAgent2,MALE_OLD_LOW_INCOME,7,5.277987465554661,7,5.27798746555466
16,SIAgent10,YOUNG_LOW_INCOME,15,14.879853163747764,748,14.161489760266084
16,SIAgent0,FEMALE_LOW_INCOME,17,18.470839608848966,18,18.24787270763122
17,WEAgent1,YOUNG_HIGH_INCOME,3,2.6493398227550826,53,0.0
17,WEAgent0,MALE_OLD_LOW_INCOME,7,7.845471834563752,349,0.0
17,SIAgent9,OLD_HIGH_INCOME,5,5.291429249113316,5,5.078951115516794
17,SIAgent7,MALE_LOW_INCOME,14,15.324102689350378,15,14.649896165518285
17,SIAgent8,FEMALE_OLD_LOW_INCOME,10,8.873363082184355,470,0.0
17,SIAgent5,FEMALE_OLD,11,11.074410593710756,12,10.601840132207952
17,SIAgent6,MALE_OLD_HIGH_INCOME,4,4.072186516088544,4,3.3645629672206545
17,SIAgent3,OLD_HIGH_INCOME,5,4.205703709025818,245,0.0
17,SIAgent4,FEMALE_OLD_LOW_INCOME,10,10.999027773863945,10,10.067645994282508
17,SIAgent1,MALE_YOUNG,10,8.452407701133934,426,0.0
17,SIAgent2,MALE_YOUNG_HIGH_INCOME,2,1.9312927674632694,2,1.8354004695786308
17,SIAgent10,MALE_YOUNG,10,9.177002347893154,10,8.452407701133932
17,SIAgent0,FEMALE_YOUNG_LOW_INCOME,8,9.309678725535452,399,0.0
18,WEAgent1,FEMALE_YOUNG_LOW_INCOME,8,8.209645632278907,408,8.19247965671285
18,WEAgent0,FEMALE_HIGH_INCOME,3,3.0114764294374012,47,0.0
18,SIAgent9,MALE_OLD_LOW_INCOME,7,7.62467045318767,7,7.269025761249879
18,SIAgent7,FEMALE_YOUNG_LOW_INCOME,8,8.192479656712852,8,8.19247965671285
18,SIAgent8,FEMALE_YOUNG_HIGH_INCOME,1,0.9121397805775248,1,0.9121397805775248
18,SIAgent5,MALE_OLD_HIGH_INCOME,4,4.408643283590068,157,0.0
18,SIAgent6,OLD_LOW_INCOME,17,15.649988309878868,800,0.0
18,SIAgent3,MALE_YOUNG_LOW_INCOME,8,7.876033964410954,385,0.0
18,SIAgent4,FEMALE_YOUNG_HIGH_INCOME,1,1.0289495148591359,1,0.9121397805775248
18,SIAgent1,FEMALE_HIGH_INCOME,3,3.309972329432721,3,3.086848544577408
18,SIAgent2,MALE_OLD_LOW_INCOME,7,6.912652091692726,7,6.444112833479535
18,SIAgent10,FEMALE_YOUNG_HIGH_INCOME,1,1.1219467462909076,1,1.103324109810907
18,SIAgent0,MALE_LOW_INCOME,14,14.538051522499758,14,13.801164328719002
19,WEAgent1,FEMALE_LOW_INCOME,17,16.78982354758201,405,16.31581000345308
19,WEAgent0,FEMALE_OLD_HIGH_INCOME,2,1.7741513170247543,78,0.0
19,SIAgent9,YOUNG_HIGH_INCOME,3,3.0141310263999816,3,3.0035252367380814
19,SIAgent7,YOUNG_LOW_INCOME,15,14.501308761266266,15,14.352550520455408
19,SIAgent8,MALE_OLD,11,12.058010705123884,16,11.413052978124496
19,SIAgent5,YOUNG_HIGH_INCOME,3,3.0035252367380814,3,2.81881366201782
19,SIAgent6,MALE_OLD_HIGH_INCOME,4,4.510406499488712,4,4.384731165499594
19,SIAgent3,MALE_YOUNG_LOW_INCOME,8,7.057933873187227,363,0.0
19,SIAgent4,FEMALE_HIGH_INCOME,3,3.1574756090680163,3,2.7788616591580815
19,SIAgent1,YOUNG_LOW_INCOME,15,14.352550520455413,16,14.11586774637445
19,SIAgent2,YOUNG_HIGH_INCOME,3,2.81881366201782,152,0.0
19,SIAgent10,FEMALE_OLD,11,11.78600745328187,12,11.717265342661388
19,SIAgent0,OLD_LOW_INCOME,17,16.168491719009698,779,0.0
20,WEAgent1,MALE_YOUNG_HIGH_INCOME,2,2.0250140873160203,78,0.0
20,WEAgent0,FEMALE_YOUNG,9,8.53816067296595,55,0.0
20,SIAgent9,MALE_OLD_LOW_INCOME,7,5.779773260443159,337,0.0
20,SIAgent7,FEMALE_HIGH_INCOME,3,2.784806306971893,8,2.463821391311802
20,SIAgent8,MALE_HIGH_INCOME,6,4.927642782623604,33,4.927642782623603
20,SIAgent5,MALE_HIGH_INCOME,6,6.4881831886380175,7,5.955587200753745
20,SIAgent6,MALE_YOUNG,10,9.295760739828482,63,9.034011768143273
20,SIAgent3,MALE_YOUNG,10,10.79473792829721,11,10.225336813811328
20,SIAgent4,MALE_HIGH_INCOME,6,6.8821617196142695,6,6.71589324080228
20,SIAgent1,MALE_OLD_LOW_INCOME,7,7.1245033106185796,8,6.605455154792182
20,SIAgent2,MALE_HIGH_INCOME,6,6.715893240802281,6,6.4999402721482795
20,SIAgent10,MALE_YOUNG_HIGH_INCOME,2,2.1862418965665293,2,2.1627277295460057
20,SIAgent0,YOUNG_HIGH_INCOME,3,3.083833254390425,3,2.784806306971893
21,WEAgent1,FEMALE_YOUNG_LOW_INCOME,8,9.586154601800171,9,9.235655477085544
21,WEAgent0,FEMALE_YOUNG_LOW_INCOME,8,8.20947153518715,8,8.002323852239915
21,SIAgent9,MALE_YOUNG_HIGH_INCOME,2,1.7283261994993575,96,0.0
21,SIAgent7,FEMALE_OLD_LOW_INCOME,10,8.320117524375107,459,0.0
21,SIAgent8,FEMALE_OLD_LOW_INCOME,10,9.99948685873266,12,9.98414102925013
21,SIAgent5,MALE_YOUNG_LOW_INCOME,8,7.904779337858646,8,7.380880803398212
21,SIAgent6,FEMALE_OLD_HIGH_INCOME,2,1.9195286802414528,80,0.0
21,SIAgent3,FEMALE_OLD_HIGH_INCOME,2,2.039911402360329,2,1.9195286802414528
21,SIAgent4,MALE_LOW_INCOME,14,16.519891865688617,25,15.770574174890044
21,SIAgent1,FEMALE_YOUNG,9,9.881023015444898,14,9.462344504934027
21,SIAgent2,YOUNG_LOW_INCOME,15,15.770574174890049,15,15.011893881815274
21,SIAgent10,MALE_OLD_HIGH_INCOME,4,4.035200113554967,172,0.0
21,SIAgent0,YOUNG_LOW_INCOME,15,13.839151506371646,686,0.0
22,WEAgent1,FEMALE_OLD,11,12.027541740965528,72,0.0
22,WEAgent0,OLD_LOW_INCOME,17,19.162792888033746,296,0.0
22,SIAgent9,FEMALE_OLD_LOW_INCOME,10,9.603487774905915,471,0.0
22,SIAgent7,MALE_OLD_HIGH_INCOME,4,4.146378708700969,4,3.706890140249818
22,SIAgent8,MALE_OLD_HIGH_INCOME,4,3.706890140249818,138,0.0
22,SIAgent5,MALE_YOUNG_LOW_INCOME,8,9.929643835076545,8,9.0011353043321
22,SIAgent6,MALE_YOUNG_LOW_INCOME,8,8.640766879950489,8,7.713928409614837
22,SIAgent3,MALE_LOW_INCOME,14,15.751986782581177,15,15.734926922032695
22,SIAgent4,OLD_LOW_INCOME,17,16.95208433539643,17,16.32592921734005
22,SIAgent1,MALE_LOW_INCOME,14,13.499374716825965,40,13.444882884868278
22,SIAgent2,FEMALE_YOUNG_HIGH_INCOME,1,1.0153048665708029,1,1.0105770124037994
22,SIAgent10,MALE_OLD_LOW_INCOME,7,7.197829148276536,7,6.749687358412983
22,SIAgent0,YOUNG_HIGH_INCOME,3,3.031731037211398,155,0.0
23,WEAgent1,MALE_YOUNG_HIGH_INCOME,2,1.9404384928244895,2,1.7115314292193329
23,WEAgent0,FEMALE_YOUNG_LOW_INCOME,8,7.463417284052009,369,0.0
23,SIAgent9,FEMALE_OLD,11,9.04815085383291,111,8.966455089869536
23,SIAgent7,OLD_HIGH_INCOME,5,5.600442571410853,5,5.289935830003456
23,SIAgent8,FEMALE_OLD_HIGH_INCOME,2,2.0822538033655418,2,1.802058191869054
23,SIAgent5,FEMALE_HIGH_INCOME,3,2.2416137724673844,123,0.0
23,SIAgent6,MALE_HIGH_INCOME,6,5.134594287657999,232,0.0
23,SIAgent3,MALE_OLD,11,11.916053187253288,40,11.124954289925665
23,SIAgent4,FEMALE_OLD,11,11.301689060700065,11,10.780955201143808
23,SIAgent1,FEMALE_OLD,11,9.911320055279797,12,9.870710022363177
23,SIAgent2,YOUNG_HIGH_INCOME,3,2.9024221891945063,3,2.5672971438289993
23,SIAgent10,FEMALE_OLD_LOW_INCOME,10,9.80086836467619,10,9.010290959345271
23,SIAgent0,MALE_YOUNG_HIGH_INCOME,2,2.1354253942866466,2,1.9349481261296708
24,WEAgent1,MALE_OLD,11,11.816107417033706,13,11.41839733170331
24,WEAgent0,FEMALE_HIGH_INCOME,3,3.3750156499596473,31,0.0
24,SIAgent9,MALE_OLD,11,9.66172081913357,497,7.0267060502789604
24,SIAgent7,MALE_OLD_LOW_INCOME,7,7.268638466041445,7,6.619784408622346
24,SIAgent8,MALE_OLD_HIGH_INCOME,4,4.2907860375048905,4,3.8691731268641627
24,SIAgent5,MALE_OLD_LOW_INCOME,7,7.4064023204074445,7,7.268638466041445
24,SIAgent6,FEMALE_YOUNG,9,9.318081928446174,106,9.260747868726561
24,SIAgent3,MALE_OLD_HIGH_INCOME,4,3.8691731268641627,4,3.7827339477841972
24,SIAgent4,FEMALE_HIGH_INCOME,3,3.521083772764759,8,3.106027309482058
24,SIAgent1,YOUNG_LOW_INCOME,15,15.575577904347599,43,15.530136547410292
24,SIAgent2,MALE_OLD,11,10.402518356406542,11,9.66172081913357
24,SIAgent10,YOUNG_HIGH_INCOME,3,2.5256585096526987,43,2.5256585096526987
24,SIAgent0,FEMALE_LOW_INCOME,17,18.14206605126627,39,17.65232162492727
25,WEAgent1,YOUNG_HIGH_INCOME,3,2.862848362285829,3,2.6126063944937825
25,WEAgent0,MALE_YOUNG_LOW_INCOME,8,10.14915011726311,364,0.0
25,SIAgent9,MALE_OLD_HIGH_INCOME,4,4.920446698335405,4,4.278969696566366
25,SIAgent7,MALE_OLD,11,11.767166665557507,13,11.173954195356847
25,SIAgent8,MALE_YOUNG_HIGH_INCOME,2,2.5242857919744313,2,2.1252299388979004
25,SIAgent5,YOUNG_LOW_INCOME,15,15.657182917700382,16,15.274701526313235
25,SIAgent6,FEMALE_LOW_INCOME,17,16.229370371707812,884,0.0
25,SIAgent3,YOUNG_HIGH_INCOME,3,2.6126063944937825,122,0.8708687981645942
25,SIAgent4,FEMALE_OLD_HIGH_INCOME,2,2.038667369353876,74,0.0
25,SIAgent1,MALE_OLD,11,9.454884319148102,511,0.0
25,SIAgent2,FEMALE_HIGH_INCOME,3,3.343962707290232,3,3.0580010540308145
25,SIAgent10,FEMALE_YOUNG_HIGH_INCOME,1,0.8748591947728577,1,0.8708687981645942
25,SIAgent0,YOUNG_HIGH_INCOME,3,3.1878449083468507,3,2.6126063944937825
26,WEAgent1,MALE_YOUNG,10,9.38590373846721,81,0.0
26,WEAgent0,MALE_LOW_INCOME,14,11.500601830500003,14,11.018973967401736
26,SIAgent9,MALE_HIGH_INCOME,6,6.437648369188525,7,6.091609788136263
26,SIAgent7,FEMALE_YOUNG_HIGH_INCOME,1,1.0437178030859473,1,1.0034352979005237
26,SIAgent8,MALE_OLD,11,8.657765260101364,521,0.0
26,SIAgent5,OLD_HIGH_INCOME,5,5.579146209595349,5,5.22569478039531
26,SIAgent6,YOUNG_HIGH_INCOME,3,2.9165583584438974,3,2.516277897979386
26,SIAgent3,OLD_LOW_INCOME,17,17.286970361946217,47,17.250902745750004
26,SIAgent4,FEMALE_YOUNG_HIGH_INCOME,1,0.9421387597791379,47,0.0
26,SIAgent1,FEMALE_YOUNG_HIGH_INCOME,1,1.1004044484548756,1,1.0437178030859473
26,SIAgent2,YOUNG_HIGH_INCOME,3,2.943331511735767,3,2.9165583584438974
26,SIAgent10,FEMALE_OLD_HIGH_INCOME,2,2.3016280301147063,2,2.2316584838381397
26,SIAgent0,FEMALE_HIGH_INCOME,3,3.0103058937015708,9,2.943331511735767
27,WEAgent1,FEMALE_YOUNG_HIGH_INCOME,1,1.1682836870119335,53,0.0
27,WEAgent0,OLD_LOW_INCOME,17,16.81293239551096,343,0.0
27,SIAgent9,FEMALE_LOW_INCOME,17,15.440653766881775,19,14.917061207797287
27,SIAgent7,FEMALE_OLD_HIGH_INCOME,2,1.984000567549024,85,0.0
27,SIAgent8,YOUNG_LOW_INCOME,15,11.776627269313648,747,0.0
27,SIAgent5,MALE_OLD_LOW_INCOME,7,5.524639064683134,7,5.524639064683134
27,SIAgent6,MALE_HIGH_INCOME,6,6.824596313268496,6,5.823638481026274
27,SIAgent3,MALE_OLD,11,11.211239660114003,13,10.417117642695201
27,SIAgent4,MALE_OLD,11,13.574737719616973,12,13.294505286297474
27,SIAgent1,MALE_OLD_HIGH_INCOME,4,3.7764617652119115,152,0.0
27,SIAgent2,FEMALE_OLD,11,12.1861842101715,11,11.691362503802889
27,SIAgent10,FEMALE_OLD_LOW_INCOME,10,10.699362220028377,438,8.174463758937412
27,SIAgent0,MALE_HIGH_INCOME,6,5.6778469051446825,7,5.664692647817867
28,WEAgent1,FEMALE_LOW_INCOME,17,13.18699163621342,374,0.0
28,WEAgent0,MALE_LOW_INCOME,14,12.336979478598417,352,0.0
28,SIAgent9,MALE_YOUNG_HIGH_INCOME,2,1.920990019529859,102,0.0
28,SIAgent7,MALE_YOUNG_LOW_INCOME,8,6.170802394732671,377,0.0
28,SIAgent8,FEMALE_OLD_HIGH_INCOME,2,1.8540103820447085,51,0.0
28,SIAgent5,MALE_YOUNG_LOW_INCOME,8,8.883924575303672,9,8.656090252956943
28,SIAgent6,FEMALE_OLD,11,10.748037047868229,11,10.246157457381754
28,SIAgent3,FEMALE_YOUNG_LOW_INCOME,8,6.7727680547918965,8,6.205643122923963
28,SIAgent4,FEMALE_OLD,11,10.24615745738175,147,10.1970571012459
28,SIAgent1,MALE_YOUNG_HIGH_INCOME,2,2.1086141014457613,2,1.920990019529859
28,SIAgent2,FEMALE_HIGH_INCOME,3,2.883227844149199,11,2.794406579285932
28,SIAgent10,MALE_LOW_INCOME,14,13.465029282377468,17,13.112955088806928
28,SIAgent0,FEMALE_OLD_LOW_INCOME,10,10.808435814647769,11,10.748037047868229
29,WEAgent1,YOUNG_HIGH_INCOME,3,3.1519668083800405,3,2.4936158911019066
29,WEAgent0,FEMALE_YOUNG,9,10.557630323873692,47,1.6624105940679377
29,SIAgent9,FEMALE_HIGH_INCOME,3,2.4936158911019066,3,2.4936158911019066
29,SIAgent7,FEMALE_YOUNG_LOW_INCOME,8,8.172753762243586,402,0.0
29,SIAgent8,MALE_LOW_INCOME,14,13.938842428608366,36,13.859320203147393
29,SIAgent5,FEMALE_OLD,11,12.85777621824282,534,11.636874158475567
29,SIAgent6,YOUNG_LOW_INCOME,15,16.07706693965375,15,15.14217497654777
29,SIAgent3,MALE_OLD_HIGH_INCOME,4,3.4770783881241405,160,0.0
29,SIAgent4,MALE_YOUNG_HIGH_INCOME,2,2.103076455974862,2,1.9799028861639136
29,SIAgent1,FEMALE_YOUNG_LOW_INCOME,8,8.57661732731923,8,8.574435701148667
29,SIAgent2,MALE_OLD_HIGH_INCOME,4,4.480028924649219,5,4.346347985155176
29,SIAgent10,MALE_OLD,11,12.441695105531508,11,11.698201397191102
29,SIAgent0,MALE_YOUNG,10,9.899514430819568,430,0.0
30,WEAgent1,FEMALE_OLD,11,11.534148380784382,11,11.107581352196734
30,WEAgent0,MALE_YOUNG,10,10.670016294226542,85,0.0
30,SIAgent9,FEMALE_OLD_HIGH_INCOME,2,2.184142186751783,2,2.097117887415342
30,SIAgent7,FEMALE_YOUNG_LOW_INCOME,8,7.622222405535206,379,0.0
30,SIAgent8,OLD_LOW_INCOME,17,15.600411325748219,847,0.0
30,SIAgent5,MALE_YOUNG,10,10.033696227920702,10,9.863604092208327
30,SIAgent6,FEMALE_HIGH_INCOME,3,3.029340368780927,4,2.9999798435706024
30,SIAgent3,MALE_YOUNG,10,9.863604092208327,82,9.527778006919007
30,SIAgent4,YOUNG_HIGH_INCOME,3,3.0116268937219552,3,2.959081227662498
30,SIAgent1,YOUNG_LOW_INCOME,15,15.8899717407408,16,15.547995743671432
30,SIAgent2,MALE_YOUNG_HIGH_INCOME,2,2.0234823348390543,2,2.0077512624813036
30,SIAgent10,FEMALE_YOUNG_HIGH_INCOME,1,0.9922285810892987,44,0.0
30,SIAgent0,YOUNG_HIGH_INCOME,3,3.608008620766711,3,3.03326245776603
31,WEAgent1,MALE_YOUNG_HIGH_INCOME,2,1.9744032276693915,104,0.0
31,WEAgent0,MALE_LOW_INCOME,14,14.004477207801932,14,13.775169807558258
31,SIAgent9,MALE_OLD_HIGH_INCOME,4,4.126218038705345,4,3.8779489536704603
31,SIAgent7,MALE_OLD,11,13.687661166594753,12,13.634465574026878
31,SIAgent8,MALE_HIGH_INCOME,6,6.558355719809807,7,5.812331494812732
31,SIAgent5,OLD_LOW_INCOME,17,16.72699190917789,133,16.213776318913947
31,SIAgent6,MALE_OLD,11,12.498260109524642,11,11.429576941713119
31,SIAgent3,MALE_LOW_INCOME,14,13.80944029700826,55,13.775169807558258
31,SIAgent4,FEMALE_HIGH_INCOME,3,2.877218300482138,5,2.8430972080416517
31,SIAgent1,FEMALE_YOUNG,9,8.529291624124955,471,0.0
31,SIAgent2,FEMALE_YOUNG,9,9.497480655742864,10,9.488364390952334
31,SIAgent10,MALE_OLD,11,11.297560228097225,11,10.850274519077919
31,SIAgent0,MALE_OLD,11,8.76475780608339,401,0.0
32,WEAgent1,MALE_YOUNG,10,10.133614035403195,94,9.148497172991961
32,WEAgent0,MALE_HIGH_INCOME,6,7.0394630432328995,7,6.403948021094372
32,SIAgent9,MALE_HIGH_INCOME,6,6.082349496487427,6,5.752526290223836
32,SIAgent7,FEMALE_OLD_HIGH_INCOME,2,2.2632286853271624,78,0.0
32,SIAgent8,FEMALE_YOUNG_HIGH_INCOME,1,0.949138367127064,55,0.0
32,SIAgent5,FEMALE_LOW_INCOME,17,13.80416973557443,810,0.0
32,SIAgent6,MALE_OLD,11,10.39347267022131,532,0.0
32,SIAgent3,MALE_OLD_LOW_INCOME,7,8.954948786607883,8,8.201279037979186
32,SIAgent4,FEMALE_OLD_LOW_INCOME,10,9.148497172991958,11,8.932109828901103
32,SIAgent1,OLD_LOW_INCOME,17,16.96371339688285,18,16.76740925677658
32,SIAgent2,MALE_OLD,11,11.02924950719624,11,10.711498722797216
32,SIAgent10,OLD_LOW_INCOME,17,17.42771795570577,17,16.982887605580707
32,SIAgent0,YOUNG_HIGH_INCOME,3,3.21068906047351,3,2.9765881992895395
33,WEAgent1,FEMALE_HIGH_INCOME,3,2.53528105023968,42,0.0
33,WEAgent0,MALE_YOUNG_LOW_INCOME,8,9.850454923080168,349,0.0
33,SIAgent9,YOUNG_LOW_INCOME,15,14.887426741060764,16,14.32204764598827
33,SIAgent7,FEMALE_YOUNG_HIGH_INCOME,1,1.112730058866353,1,0.8643825649341039
33,SIAgent8,OLD_HIGH_INCOME,5,4.476372055312835,212,0.8643825649341039
33,SIAgent5,MALE_YOUNG_HIGH_INCOME,2,1.7785162948434399,91,0.0
33,SIAgent6,MALE_OLD_HIGH_INCOME,4,4.343697375509385,4,4.189695004458613
33,SIAgent3,FEMALE_OLD,11,11.594518933077069,49,11.09057822604508
33,SIAgent4,FEMALE_YOUNG_LOW_INCOME,8,7.161023822994133,365,0.0
33,SIAgent1,FEMALE_HIGH_INCOME,3,2.5931476948023118,3,2.5352810502396794
33,SIAgent2,MALE_OLD_HIGH_INCOME,4,4.546502671709427,4,4.343697375509385
33,SIAgent10,MALE_HIGH_INCOME,6,6.28454250668792,6,5.726365586759913
33,SIAgent0,OLD_HIGH_INCOME,5,5.097651907491256,5,4.476372055312835
34,WEAgent1,OLD_LOW_INCOME,17,18.82816622110141,18,18.38077498379189
34,WEAgent0,MALE_OLD,11,12.165310918111592,14,12.028474555524156
34,SIAgent9,FEMALE_LOW_INCOME,17,16.727023211474684,17,16.502219785634914
34,SIAgent7,FEMALE_OLD_HIGH_INCOME,2,1.9834494524618442,2,1.9321207789614
34,SIAgent8,MALE_YOUNG_HIGH_INCOME,2,1.8957221608786299,95,0.0
34,SIAgent5,FEMALE_HIGH_INCOME,3,2.8390094372448362,3,2.603899079165724
34,SIAgent6,OLD_HIGH_INCOME,5,5.128310587327844,5,5.076341389295787
34,SIAgent3,FEMALE_YOUNG_HIGH_INCOME,1,0.8679663597219079,55,0.0
34,SIAgent4,MALE_OLD,11,11.23269582342838,13,11.169297801558145
34,SIAgent1,MALE_OLD,11,13.01123027075777,11,11.937299868209132
34,SIAgent2,FEMALE_YOUNG_LOW_INCOME,8,7.855192178986416,349,0.0
34,SIAgent10,MALE_OLD,11,9.450944293626122,490,2.5775302618980334
34,SIAgent0,FEMALE_OLD,11,10.6266642842877,541,0.0
35,WEAgent1,MALE_YOUNG_LOW_INCOME,8,7.462104015465699,357,0.0
35,WEAgent0,FEMALE_OLD_LOW_INCOME,10,10.206238733913121,11,10.14532486282592
35,SIAgent9,FEMALE_OLD,11,10.145324862825918,522,0.0
35,SIAgent7,YOUNG_LOW_INCOME,15,15.612329925823031,23,15.271952438170857
35,SIAgent8,YOUNG_HIGH_INCOME,3,2.827794333489195,147,0.0
35,SIAgent5,FEMALE_LOW_INCOME,17,18.782735153339875,18,18.51261657268851
35,SIAgent6,MALE_OLD,11,11.626031329939623,11,11.12763786412875
35,SIAgent3,FEMALE_YOUNG_HIGH_INCOME,1,1.208380559939921,1,0.9425981111630649
35,SIAgent4,OLD_HIGH_INCOME,5,5.399524966823285,5,5.2845596954271015
35,SIAgent1,FEMALE_HIGH_INCOME,3,3.421600460073206,3,3.142043187342432
35,SIAgent2,MALE_LOW_INCOME,14,14.253822275626137,30,13.991445028998186
35,SIAgent10,YOUNG_HIGH_INCOME,3,2.895220466745072,3,2.827794333489195
35,SIAgent0,OLD_HIGH_INCOME,5,4.91116600306559,20,4.611511301284509
36,WEAgent1,FEMALE_YOUNG_LOW_INCOME,8,8.508308892413663,397,2.764123956721944
36,WEAgent0,OLD_HIGH_INCOME,5,4.755572269691703,76,0.0
36,SIAgent9,FEMALE_OLD,11,12.431812984815222,11,11.9741100028171
36,SIAgent7,FEMALE_YOUNG_LOW_INCOME,8,7.370997217925185,7,6.449622565684537
36,SIAgent8,YOUNG_LOW_INCOME,15,16.05312627429504,16,15.259246763348537
36,SIAgent5,OLD_HIGH_INCOME,5,5.18611250198594,5,4.7682211967751575
36,SIAgent6,MALE_LOW_INCOME,14,13.2934582843511,724,0.0
36,SIAgent3,FEMALE_HIGH_INCOME,3,2.919874937507546,3,2.8533433618150217
36,SIAgent4,FEMALE_YOUNG_HIGH_INCOME,1,1.1470580920191678,1,0.9732916458358486
36,SIAgent1,MALE_YOUNG,10,9.583212470619461,10,9.515884869757693
36,SIAgent2,FEMALE_YOUNG_HIGH_INCOME,1,0.8770037595502571,35,0.0
36,SIAgent10,FEMALE_LOW_INCOME,17,18.50544273162643,27,18.19354311086771
36,SIAgent0,MALE_HIGH_INCOME,6,5.721865436130189,242,0.0
37,WEAgent1,FEMALE_YOUNG_HIGH_INCOME,1,0.8989409557388174,47,0.0
37,WEAgent0,MALE_OLD_HIGH_INCOME,4,4.178283461644044,145,0.0
37,SIAgent9,OLD_LOW_INCOME,17,19.37232762724931,17,18.63680048251718
37,SIAgent7,MALE_OLD,11,13.918910926925202,13,13.70250184208183
37,SIAgent8,OLD_LOW_INCOME,17,18.636800482517177,19,18.435215883589063
37,SIAgent5,MALE_YOUNG_LOW_INCOME,8,9.592908087649576,9,8.846750895826819
37,SIAgent6,YOUNG_LOW_INCOME,15,14.744584826378032,32,14.574381335601132
37,SIAgent3,FEMALE_YOUNG_LOW_INCOME,8,7.877571602292319,8,7.8637785740682835
37,SIAgent4,FEMALE_OLD_HIGH_INCOME,2,2.1087544631068194,88,0.0
37,SIAgent1,FEMALE_YOUNG_LOW_INCOME,8,7.77300337898727,387,0.0
37,SIAgent2,FEMALE_YOUNG_HIGH_INCOME,1,1.1138676913944499,1,0.8989409557388174
37,SIAgent10,OLD_LOW_INCOME,17,15.592782059479337,767,0.0
37,SIAgent0,FEMALE_OLD_LOW_INCOME,10,10.292212380798746,11,10.089447214957218
38,WEAgent1,YOUNG_LOW_INCOME,15,13.241723268348291,371,0.0
38,WEAgent0,MALE_OLD,11,11.76182741550785,155,0.0
38,SIAgent9,YOUNG_LOW_INCOME,15,13.236546547683027,15,13.236546547683023
38,SIAgent7,FEMALE_OLD_LOW_INCOME,10,10.186807302982519,440,0.0
38,SIAgent8,OLD_LOW_INCOME,17,21.479596403771872,44,21.142556505657303
38,SIAgent5,FEMALE_LOW_INCOME,17,17.9711730298087,19,17.938115615045202
38,SIAgent6,MALE_YOUNG,10,9.251023115402168,10,8.824364365122019
38,SIAgent3,MALE_YOUNG_HIGH_INCOME,2,2.0446773592804477,2,1.985479716405217
38,SIAgent4,YOUNG_HIGH_INCOME,3,2.9782195746078255,13,2.8323340444808225
38,SIAgent1,MALE_OLD_HIGH_INCOME,4,4.212035654656331,4,4.074722921193008
38,SIAgent2,YOUNG_HIGH_INCOME,3,3.0998743154438384,3,3.037417217483056
38,SIAgent10,FEMALE_YOUNG,9,8.497002133442468,438,4.4121821825610095
38,SIAgent0,MALE_YOUNG_HIGH_INCOME,2,2.289020239469547,2,2.066582876962559
39,WEAgent1,FEMALE_YOUNG_HIGH_INCOME,1,1.0268630610687988,49,0.0
39,WEAgent0,MALE_LOW_INCOME,14,16.01403100866899,353,0.0
39,SIAgent9,FEMALE_YOUNG_HIGH_INCOME,1,0.9960574218368504,1,0.9620183434886092
39,SIAgent7,FEMALE_YOUNG_LOW_INCOME,8,8.467112365441146,8,7.696146747908871
39,SIAgent8,MALE_HIGH_INCOME,6,5.94407220452461,6,5.814595519818424
39,SIAgent5,MALE_HIGH_INCOME,6,5.814595519818424,232,0.0
39,SIAgent6,FEMALE_OLD_HIGH_INCOME,2,2.207800870876876,2,2.1086192258087197
39,SIAgent3,FEMALE_YOUNG,9,9.680157929179074,9,9.276174915748117
39,SIAgent4,OLD_HIGH_INCOME,5,5.2715480645218,6,4.953393503770508
39,SIAgent1,OLD_LOW_INCOME,17,18.23639943590908,19,18.235589475893452
39,SIAgent2,FEMALE_YOUNG_LOW_INCOME,8,7.696146747908873,369,0.0
39,SIAgent10,MALE_YOUNG_HIGH_INCOME,2,2.00576899919803,2,1.9813574015082034
39,SIAgent0,FEMALE_OLD_LOW_INCOME,10,9.597678671522866,475,0.0
40,WEAgent1,MALE_YOUNG_HIGH_INCOME,2,1.7968074874065851,86,0.0
40,WEAgent0,FEMALE_YOUNG,9,8.231452732890899,61,0.0
40,SIAgent9,FEMALE_HIGH_INCOME,3,3.056837389519405,3,2.330931523727351
40,SIAgent7,MALE_OLD_LOW_INCOME,7,6.2364020374850595,344,0.0
40,SIAgent8,MALE_OLD,11,10.634680735977867,11,10.441655641201997
40,SIAgent5,OLD_HIGH_INCOME,5,3.8848858728789177,240,0.0
40,SIAgent6,MALE_YOUNG_HIGH_INCOME,2,2.019772147916177,2,1.7818291535671598
40,SIAgent3,FEMALE_YOUNG_LOW_INCOME,8,9.157703161558949,393,0.0
40,SIAgent4,OLD_LOW_INCOME,17,16.137104172766726,46,16.036462382104435
40,SIAgent1,MALE_HIGH_INCOME,6,6.086708757325766,6,5.796635319385922
40,SIAgent2,MALE_YOUNG,10,10.284817510807438,49,10.103426125177092
40,SIAgent10,MALE_OLD_HIGH_INCOME,4,3.8589573762424867,4,3.107908698303134
40,SIAgent0,MALE_YOUNG,10,10.57733892154358,10,10.284817510807438
41,WEAgent1,MALE_OLD_LOW_INCOME,7,5.975742511348402,322,0.0
41,WEAgent0,MALE_YOUNG_LOW_INCOME,8,8.808846020118006,8,8.628439406855064
41,SIAgent9,MALE_YOUNG_LOW_INCOME,8,8.628439406855064,369,7.549884480998181
41,SIAgent7,FEMALE_YOUNG_HIGH_INCOME,1,0.9600370896160944,51,0.0
41,SIAgent8,MALE_LOW_INCOME,14,17.002124805055683,15,16.393552120200898
41,SIAgent5,FEMALE_OLD_LOW_INCOME,10,11.227193435430598,10,11.008297539396354
41,SIAgent6,MALE_YOUNG_HIGH_INCOME,2,1.9993611890802967,107,0.0
41,SIAgent3,FEMALE_OLD_HIGH_INCOME,2,1.953746046679588,2,1.8661586190104806
41,SIAgent4,OLD_HIGH_INCOME,5,6.171880143277594,6,5.8690236063179935
41,SIAgent1,MALE_OLD,11,10.831243385809255,12,10.720540866758643
41,SIAgent2,OLD_HIGH_INCOME,5,4.665396547526202,223,0.0
41,SIAgent10,FEMALE_LOW_INCOME,17,18.714105816973802,860,0.0
41,SIAgent0,MALE_LOW_INCOME,14,15.300648645520832,15,15.239359525474649
42,WEAgent1,MALE_HIGH_INCOME,6,5.140903808611537,98,0.8195059598058128
42,WEAgent0,FEMALE_YOUNG,9,8.38408460473632,39,0.0
42,SIAgent9,YOUNG_HIGH_INCOME,3,2.5971549545642656,3,2.458517879417438
42,SIAgent7,FEMALE_OLD,11,10.39876777447657,522,0.0
42,SIAgent8,OLD_LOW_INCOME,17,16.405336376216063,38,16.070822924191067
42,SIAgent5,FEMALE_HIGH_INCOME,3,3.0068896967966485,3,2.9679832853599537
42,SIAgent6,OLD_HIGH_INCOME,5,4.801146487616671,40,4.726712624762078
42,SIAgent3,FEMALE_OLD_HIGH_INCOME,2,2.099120760646968,2,2.004593131197766
42,SIAgent4,MALE_YOUNG,10,11.313352300082679,12,11.076805026249568
42,SIAgent1,MALE_YOUNG_HIGH_INCOME,2,1.6390119196116255,2,1.6390119196116255
42,SIAgent2,MALE_YOUNG_LOW_INCOME,8,7.278519602141011,370,0.0
42,SIAgent10,FEMALE_OLD,11,11.728549464885392,12,11.664778035522112
42,SIAgent0,YOUNG_HIGH_INCOME,3,2.9679832853599537,3,2.5971549545642656
43,WEAgent1,FEMALE_YOUNG,9,8.930270309527254,43,0.0
43,WEAgent0,MALE_OLD,11,10.223290572729674,152,0.0
43,SIAgent9,FEMALE_OLD_HIGH_INCOME,2,2.4799472798110473,2,2.244579915800225
43,SIAgent7,FEMALE_OLD_LOW_INCOME,10,10.025771315603917,10,9.86595897374871
43,SIAgent8,YOUNG_LOW_INCOME,15,14.679175851304327,22,14.612090630793151
43,SIAgent5,FEMALE_OLD_LOW_INCOME,10,9.137134412234419,419,0.0
43,SIAgent6,MALE_YOUNG_HIGH_INCOME,2,1.7266094539452779,107,0.0
43,SIAgent3,OLD_HIGH_INCOME,5,5.381998703938552,5,4.64695026033167
43,SIAgent4,MALE_YOUNG_LOW_INCOME,8,8.215885253056705,8,7.828893787362306
43,SIAgent1,FEMALE_OLD_LOW_INCOME,10,9.86595897374871,10,9.137134412234419
43,SIAgent2,FEMALE_OLD_HIGH_INCOME,2,1.8772754653205517,81,0.0
43,SIAgent10,FEMALE_OLD,11,12.345189536901236,12,12.0309255787247
43,SIAgent0,FEMALE_YOUNG_LOW_INCOME,8,6.876277943902657,395,0.0
44,WEAgent1,FEMALE_YOUNG_LOW_INCOME,8,6.9478168232974955,374,0.0
44,WEAgent0,FEMALE_OLD,11,10.73592545312951,59,0.0
44,SIAgent9,MALE_OLD_HIGH_INCOME,4,4.434454937135694,4,4.351361129054871
44,SIAgent7,FEMALE_YOUNG_HIGH_INCOME,1,1.0059739226636515,1,0.9927939114839445
44,SIAgent8,OLD_HIGH_INCOME,5,5.439201411318589,5,5.311742190357268
44,SIAgent5,MALE_OLD_LOW_INCOME,7,6.116996360257202,359,0.0
44,SIAgent6,MALE_OLD,11,11.272822342668404,16,10.486279474726631
44,SIAgent3,OLD_LOW_INCOME,17,19.597867247762178,19,18.63299903334198
44,SIAgent4,FEMALE_OLD_HIGH_INCOME,2,2.161140112066827,2,1.9098974692133788
44,SIAgent1,FEMALE_YOUNG_HIGH_INCOME,1,0.9927939114839445,44,0.0
44,SIAgent2,MALE_YOUNG_LOW_INCOME,8,7.6068036997428585,379,0.0
44,SIAgent10,FEMALE_OLD,11,10.504436080673583,112,10.486279474726631
44,SIAgent0,FEMALE_OLD_HIGH_INCOME,2,2.174758752035948,2,2.161140112066827
45,WEAgent1,YOUNG_LOW_INCOME,15,16.665845570453136,381,0.0
45,WEAgent0,FEMALE_YOUNG_HIGH_INCOME,1,0.9172275193584167,52,0.0
45,SIAgent9,MALE_OLD_HIGH_INCOME,4,2.8991059841113023,133,0.0
45,SIAgent7,FEMALE_OLD_LOW_INCOME,10,8.153579326790666,450,0.0
45,SIAgent8,FEMALE_OLD,11,11.255345851032459,11,10.625521565064009
45,SIAgent5,FEMALE_YOUNG,9,8.247165349381998,9,7.535082410906843
45,SIAgent6,MALE_OLD_HIGH_INCOME,4,4.028358542016938,4,3.246925985793848
45,SIAgent3,FEMALE_LOW_INCOME,17,17.24495941115583,19,17.0067073130196
45,SIAgent4,FEMALE_OLD_LOW_INCOME,10,10.485457695064202,10,10.232132591847687
45,SIAgent1,MALE_OLD,11,8.929046460933082,83,8.697317952333906
45,SIAgent2,FEMALE_HIGH_INCOME,3,2.510246548049499,7,2.174329488083477
45,SIAgent10,OLD_HIGH_INCOME,5,5.406915159004984,5,5.035448177521173
45,SIAgent0,FEMALE_YOUNG_LOW_INCOME,8,6.728732928865425,402,0.0
46,WEAgent1,MALE_OLD_LOW_INCOME,7,6.436024154455083,303,3.507799507059024
46,WEAgent0,MALE_OLD_LOW_INCOME,7,8.342662887607178,9,7.892548890882803
46,SIAgent9,MALE_YOUNG,10,9.074099404863826,10,8.769498767647558
46,SIAgent7,MALE_YOUNG_HIGH_INCOME,2,1.7770552872696643,96,0.0
46,SIAgent8,FEMALE_OLD,11,11.321963312843248,12,11.042754408524122
46,SIAgent5,MALE_YOUNG,10,11.970999545470853,12,11.06905695437507
46,SIAgent6,MALE_OLD,11,12.455996615820832,20,11.684591283338046
46,SIAgent3,FEMALE_LOW_INCOME,17,17.618429469458334,33,17.4975796653032
46,SIAgent4,MALE_LOW_INCOME,14,12.277298274706585,96,12.277298274706585
46,SIAgent1,MALE_YOUNG_HIGH_INCOME,2,1.9949575495112415,2,1.7959375841212148
46,SIAgent2,OLD_LOW_INCOME,17,16.54061214116707,51,15.78509778176561
46,SIAgent10,FEMALE_OLD_HIGH_INCOME,2,1.8048014639310241,79,0.0
46,SIAgent0,OLD_LOW_INCOME,17,16.553170984728897,17,16.54061214116707
47,WEAgent1,MALE_YOUNG_LOW_INCOME,8,7.457063131671812,8,7.374255816551781
47,WEAgent0,MALE_OLD,11,12.762399558667028,15,12.750917588971653
47,SIAgent9,OLD_HIGH_INCOME,5,4.250305862990551,17,3.6177670862654825
47,SIAgent7,FEMALE_HIGH_INCOME,3,2.769088504940021,3,2.5501835177943306
47,SIAgent8,FEMALE_YOUNG,9,9.393052766152367,9,8.9090204077103
47,SIAgent5,MALE_YOUNG,10,9.217819770689726,416,0.0
47,SIAgent6,FEMALE_YOUNG,9,8.9090204077103,119,8.557515842964795
47,SIAgent3,FEMALE_OLD,11,12.330903628419415,38,11.999383521406761
47,SIAgent4,MALE_YOUNG,10,9.795617209115482,10,9.770447651236585
47,SIAgent1,MALE_YOUNG,10,9.754662746615141,10,9.290276171419753
47,SIAgent2,FEMALE_HIGH_INCOME,3,2.1706602517592897,100,0.0
47,SIAgent10,OLD_LOW_INCOME,17,19.305227937777033,35,19.056851062102734
47,SIAgent0,MALE_YOUNG_LOW_INCOME,8,7.817761223622287,8,7.803730197292112
48,WEAgent1,FEMALE_OLD_LOW_INCOME,10,9.084640893393662,10,9.025466051132499
48,WEAgent0,FEMALE_OLD_LOW_INCOME,10,9.607017228557226,10,9.084640893393663
48,SIAgent9,FEMALE_OLD,11,8.741514214429518,491,0.0
48,SIAgent7,MALE_LOW_INCOME,14,15.83485976606792,29,15.033148059752714
48,SIAgent8,FEMALE_YOUNG,9,9.120365448012926,14,8.936703787740756
48,SIAgent5,YOUNG_LOW_INCOME,15,16.106944349735056,15,15.71914719173911
48,SIAgent6,MALE_YOUNG,10,9.44942251644394,15,9.127338687002538
48,SIAgent3,OLD_HIGH_INCOME,5,5.681330965716713,18,5.657248540559387
48,SIAgent4,YOUNG_HIGH_INCOME,3,3.3343257160662203,3,3.195506744902327
48,SIAgent1,FEMALE_LOW_INCOME,17,15.192396439159285,18,14.44459579545667
48,SIAgent2,YOUNG_LOW_INCOME,15,12.446370936821642,703,0.0
48,SIAgent10,MALE_HIGH_INCOME,6,6.546398418702672,6,5.6696535098663645
48,SIAgent0,FEMALE_YOUNG_LOW_INCOME,8,8.383545168927524,8,8.106991509344823
49,WEAgent1,MALE_LOW_INCOME,14,13.20347391929927,302,0.0
49,WEAgent0,FEMALE_OLD_LOW_INCOME,10,9.726109678019156,467,0.0
49,SIAgent9,MALE_OLD,11,11.254629216169425,19,11.184903096850947
49,SIAgent7,MALE_LOW_INCOME,14,13.271216121689477,40,12.942937724136067
49,SIAgent8,FEMALE_YOUNG_LOW_INCOME,8,8.994603480936126,387,0.0
49,SIAgent5,FEMALE_OLD_LOW_INCOME,10,10.090446665439606,10,9.726109678019156
49,SIAgent6,MALE_OLD_LOW_INCOME,7,7.117665607086965,7,6.6356080608447385
49,SIAgent3,MALE_YOUNG,10,11.125627958912238,14,10.427384095613162
49,SIAgent4,MALE_OLD_HIGH_INCOME,4,4.191792286551251,4,4.092592442243427
49,SIAgent1,MALE_OLD_LOW_INCOME,7,6.04003760459683,7,5.7982039766068825
49,SIAgent2,MALE_OLD_LOW_INCOME,7,5.798203976606882,7,5.79820397660688
49,SIAgent10,MALE_LOW_INCOME,14,16.06183655506733,14,15.165967607824998
49,SIAgent0,MALE_OLD_LOW_INCOME,7,7.30970944747774,7,7.162036773925999
50,WEAgent1,MALE_YOUNG_HIGH_INCOME,2,2.3362634351979263,97,0.9140350595012278
50,WEAgent0,FEMALE_OLD_HIGH_INCOME,2,2.2007115949006146,2,1.8002593792347243
50,SIAgent9,MALE_OLD_LOW_INCOME,7,7.366920943628074,7,7.354049642893452
50,SIAgent7,FEMALE_HIGH_INCOME,3,2.7003890688520866,116,0.0
50,SIAgent8,MALE_HIGH_INCOME,6,5.544588298803424,15,5.484210357007367
50,SIAgent5,MALE_YOUNG_LOW_INCOME,8,7.527101328836183,357,0.0
50,SIAgent6,FEMALE_LOW_INCOME,17,16.32727927238485,54,16.047311924536125
50,SIAgent3,MALE_YOUNG_HIGH_INCOME,2,1.8280701190024555,2,1.8280701190024555
50,SIAgent4,FEMALE_YOUNG_LOW_INCOME,8,9.738085753234511,10,9.604281924932264
50,SIAgent1,FEMALE_HIGH_INCOME,3,3.561857539109034,3,2.831878574918139
50,SIAgent2,MALE_YOUNG_LOW_INCOME,8,8.955202718720622,8,8.404628163306802
50,SIAgent10,MALE_LOW_INCOME,14,14.708099285786904,39,14.113314991567842
50,SIAgent0,FEMALE_YOUNG,9,8.495635724754417,77,8.10116720655626
51,WEAgent1,FEMALE_YOUNG_LOW_INCOME,8,7.206099912170741,9,6.553920359265318
51,WEAgent0,FEMALE_OLD_LOW_INCOME,10,10.563203025652005,10,9.871991238227833
51,SIAgent9,YOUNG_LOW_INCOME,15,13.722392187149062,42,13.51143733532014
51,SIAgent7,OLD_LOW_INCOME,17,16.782385104987313,824,10.487444552352152
51,SIAgent8,YOUNG_LOW_INCOME,15,15.346119034793656,16,14.792783815908445
51,SIAgent5,FEMALE_YOUNG,9,6.553920359265319,396,0.0
51,SIAgent6,MALE_OLD_HIGH_INCOME,4,4.419549559251655,4,4.326818162980022
51,SIAgent3,FEMALE_OLD,11,12.621543338675377,15,11.619523328217207
51,SIAgent4,MALE_YOUNG,10,10.535810898543616,10,9.66963380709243
51,SIAgent1,MALE_OLD,11,10.487444552352152,11,9.71076203123116
51,SIAgent2,MALE_HIGH_INCOME,6,5.296779289762451,259,0.0
51,SIAgent10,FEMALE_YOUNG,9,8.350109424501525,9,8.0468225397312
51,SIAgent0,MALE_OLD,11,11.898749948195059,12,11.812594412264449
52,WEAgent1,FEMALE_YOUNG,9,9.536266722254705,50,0.0
52,WEAgent0,MALE_YOUNG_LOW_INCOME,8,6.920393067644855,376,0.0
52,SIAgent9,OLD_HIGH_INCOME,5,4.715749752412313,9,4.3961289184289685
52,SIAgent7,FEMALE_OLD,11,11.325076987300465,11,10.397234343341689
52,SIAgent8,MALE_OLD_HIGH_INCOME,4,3.9081290001761304,4,3.77259980192985
52,SIAgent5,MALE_HIGH_INCOME,6,5.275354702114762,236,0.0
52,SIAgent6,OLD_LOW_INCOME,17,16.068453076073517,61,15.6150383436424
52,SIAgent3,MALE_OLD_LOW_INCOME,7,7.1388168934752025,7,6.616421854853801
52,SIAgent4,MALE_OLD_LOW_INCOME,7,6.429721670911575,340,0.0
52,SIAgent1,FEMALE_YOUNG_LOW_INCOME,8,7.267640510357713,361,0.0
52,SIAgent2,MALE_OLD_LOW_INCOME,7,7.466803971265382,7,7.138816893475203
52,SIAgent10,MALE_OLD_HIGH_INCOME,4,4.345284454669295,4,4.29242845484074
52,SIAgent0,OLD_HIGH_INCOME,5,5.365535568550926,5,4.9224370577908605
53,WEAgent1,OLD_HIGH_INCOME,5,5.393056435634849,84,0.0
53,WEAgent0,FEMALE_YOUNG_LOW_INCOME,8,7.482380625161643,396,0.0
53,SIAgent9,FEMALE_LOW_INCOME,17,19.18866405706537,18,18.534054319584026
53,SIAgent7,MALE_OLD_LOW_INCOME,7,6.991317261166309,7,6.872858864079652
53,SIAgent8,OLD_HIGH_INCOME,5,5.033642279375558,12,4.500474552087802
53,SIAgent5,FEMALE_OLD_LOW_INCOME,10,11.05167369442238,11,10.62103162957842
53,SIAgent6,MALE_OLD_LOW_INCOME,7,6.872858864079653,7,6.300664372922922
53,SIAgent3,FEMALE_OLD_LOW_INCOME,10,9.655483299616746,432,0.0
53,SIAgent4,FEMALE_YOUNG,9,10.37654399099149,10,10.158704500799313
53,SIAgent1,MALE_OLD_HIGH_INCOME,4,4.039802985098392,4,4.026913823500446
53,SIAgent2,OLD_HIGH_INCOME,5,6.113097496927055,5,5.1514777831604714
53,SIAgent10,MALE_OLD,11,11.506076528504243,11,11.008737971191593
53,SIAgent0,MALE_OLD_LOW_INCOME,7,6.300664372922922,352,0.0
54,WEAgent1,MALE_OLD_LOW_INCOME,7,6.2219754594484895,7,5.892525910506162
54,WEAgent0,FEMALE_LOW_INCOME,17,18.44414128057761,388,10.628351483307773
54,SIAgent9,FEMALE_YOUNG_LOW_INCOME,8,9.60785729413173,9,9.133749917057612
54,SIAgent7,MALE_LOW_INCOME,14,15.13676255914916,38,14.969516179059866
54,SIAgent8,OLD_HIGH_INCOME,5,4.885210124297909,5,4.599897343192223
54,SIAgent5,MALE_OLD_LOW_INCOME,7,7.48475808952993,8,6.734315326292757
54,SIAgent6,FEMALE_OLD,11,10.926285848665795,12,10.809273067209716
54,SIAgent3,OLD_HIGH_INCOME,5,4.287789659947082,242,0.0
54,SIAgent4,FEMALE_YOUNG_LOW_INCOME,8,6.540523989727863,8,6.540523989727861
54,SIAgent1,OLD_LOW_INCOME,17,14.310420068372105,770,3.3671576631463775
54,SIAgent2,FEMALE_LOW_INCOME,17,17.252638732219935,18,16.649244339677672
54,SIAgent10,MALE_HIGH_INCOME,6,5.5198768118306685,14,5.145347591936498
54,SIAgent0,OLD_LOW_INCOME,17,19.097605037730425,17,18.048673417318586
55,WEAgent1,MALE_OLD,11,11.794183603131394,14,11.612686478342466
55,WEAgent0,MALE_OLD,11,13.358877912189179,142,7.465298450363014
55,SIAgent9,FEMALE_LOW_INCOME,17,16.57936186019285,866,0.0
55,SIAgent7,MALE_OLD_LOW_INCOME,7,5.806343239171233,326,0.0
55,SIAgent8,MALE_LOW_INCOME,14,15.744676743610944,15,15.18645093659886
55,SIAgent5,FEMALE_YOUNG_HIGH_INCOME,1,1.0920669340751668,1,0.8302178802958747
55,SIAgent6,OLD_LOW_INCOME,17,16.672908859928754,19,16.488969378399187
55,SIAgent3,FEMALE_OLD_LOW_INCOME,10,10.907661783082661,11,10.788352791718605
55,SIAgent4,YOUNG_LOW_INCOME,15,15.359200306080128,30,14.628848700170158
55,SIAgent1,FEMALE_OLD,11,12.117578287738581,11,11.635906911546307
55,SIAgent2,FEMALE_YOUNG_HIGH_INCOME,1,1.1030622782602477,1,1.0920669340751668
55,SIAgent10,OLD_HIGH_INCOME,5,4.547528266929777,6,4.147388027979452
55,SIAgent0,FEMALE_YOUNG_HIGH_INCOME,1,0.8302178802958747,54,0.0
56,WEAgent1,FEMALE_HIGH_INCOME,3,3.268851845076084,42,0.0
56,WEAgent0,FEMALE_YOUNG_LOW_INCOME,8,7.9101958268389305,9,7.276465807469774
56,SIAgent9,MALE_YOUNG_HIGH_INCOME,2,2.0174001383392235,2,1.9237497001841797
56,SIAgent7,YOUNG_HIGH_INCOME,3,3.233746968963873,3,3.0608232058086005
56,SIAgent8,MALE_HIGH_INCOME,6,5.771249100552539,6,5.69427382899266
56,SIAgent5,YOUNG_HIGH_INCOME,3,3.495575754825055,3,3.233746968963873
56,SIAgent6,FEMALE_YOUNG_LOW_INCOME,8,8.213137588642244,10,8.08496200829975
56,SIAgent3,MALE_OLD_HIGH_INCOME,4,3.551985616302277,153,0.0
56,SIAgent4,FEMALE_YOUNG,9,9.390807607224394,9,9.239779787222522
56,SIAgent1,MALE_HIGH_INCOME,6,5.69427382899266,6,5.607517900698605
56,SIAgent2,OLD_LOW_INCOME,17,17.048790290043563,34,16.978420217429473
56,SIAgent10,FEMALE_LOW_INCOME,17,13.744435414109574,878,5.659473405809824
56,SIAgent0,MALE_YOUNG_HIGH_INCOME,2,1.8878085986492146,81,0.0
57,WEAgent1,FEMALE_OLD,11,11.313063186026707,74,4.54318461178354
57,WEAgent0,YOUNG_HIGH_INCOME,3,3.1776187749069615,42,0.0
57,SIAgent9,FEMALE_HIGH_INCOME,3,3.387179042367395,3,2.961848635709876
57,SIAgent7,FEMALE_YOUNG_LOW_INCOME,8,8.853737224350883,8,8.581199705260623
57,SIAgent8,YOUNG_HIGH_INCOME,3,3.0590840384954414,13,2.7259107670701246
57,SIAgent5,MALE_LOW_INCOME,14,15.245185521610336,47,14.913489377600754
57,SIAgent6,FEMALE_LOW_INCOME,17,18.235049373678823,28,17.82364445242526
57,SIAgent3,FEMALE_OLD_LOW_INCOME,10,10.48449673672074,457,0.0
57,SIAgent4,MALE_OLD_LOW_INCOME,7,5.799690313511406,321,0.0
57,SIAgent1,MALE_LOW_INCOME,14,16.324614340702123,14,15.245185521610336
57,SIAgent2,OLD_HIGH_INCOME,5,4.54318461178354,31,4.54318461178354
57,SIAgent10,FEMALE_OLD_HIGH_INCOME,2,1.9421539562113954,2,1.8172738447134162
57,SIAgent0,MALE_HIGH_INCOME,6,6.473032223530096,6,6.00711031984911
58,WEAgent1,FEMALE_YOUNG_LOW_INCOME,8,7.921293688638581,391,5.916378297782684
58,WEAgent0,MALE_OLD_LOW_INCOME,7,6.344813156490575,339,0.0
58,SIAgent9,MALE_OLD_LOW_INCOME,7,7.344257732079785,7,7.295419981940642
58,SIAgent7,YOUNG_HIGH_INCOME,3,2.684360231340135,6,2.490306305228209
58,SIAgent8,MALE_OLD_LOW_INCOME,7,7.268557698625832,7,7.043017904820443
58,SIAgent5,MALE_YOUNG,10,7.481967537960291,458,0.0
58,SIAgent6,MALE_OLD_HIGH_INCOME,4,3.5208554901065976,128,0.0
58,SIAgent3,OLD_HIGH_INCOME,5,5.6878471776968,5,4.887036308742145
58,SIAgent4,OLD_LOW_INCOME,17,17.10447205456393,68,16.315233830975767
58,SIAgent1,MALE_YOUNG,10,8.7105477571609,11,8.23016429175632
58,SIAgent2,FEMALE_YOUNG_LOW_INCOME,8,7.8885043970435795,8,7.888504397043578
58,SIAgent10,FEMALE_OLD,11,13.84303304749974,13,13.474162456361567
58,SIAgent0,MALE_OLD,11,11.464231400192435,11,11.422019240697733
59,WEAgent1,FEMALE_LOW_INCOME,17,19.164941866497067,360,10.68393596558785
59,WEAgent0,FEMALE_LOW_INCOME,17,16.51153740136304,17,16.51153740136304
59,SIAgent9,MALE_OLD_LOW_INCOME,7,5.974476780747183,339,0.0
59,SIAgent7,FEMALE_OLD_LOW_INCOME,10,10.882702149677954,471,0.0
59,SIAgent8,MALE_OLD_LOW_INCOME,7,7.770446845875161,7,7.4054910641970455
59,SIAgent5,OLD_HIGH_INCOME,5,4.11849767187725,234,0.0
59,SIAgent6,MALE_LOW_INCOME,14,12.90815250816643,24,12.802450244458246
59,SIAgent3,MALE_LOW_INCOME,14,14.81098212839409,15,14.252983690694483
59,SIAgent4,MALE_YOUNG,10,9.545355310625817,15,9.220108934404594
59,SIAgent1,OLD_HIGH_INCOME,5,5.643856990113135,6,5.271719479675694
59,SIAgent2,MALE_YOUNG_HIGH_INCOME,2,2.0994707605148646,2,1.9090710621251634
59,SIAgent10,FEMALE_HIGH_INCOME,3,2.8006208765493437,8,2.47109860312635
59,SIAgent0,MALE_OLD_LOW_INCOME,7,7.856091572867806,7,7.77044684587516
60,WEAgent1,MALE_LOW_INCOME,14,13.850348380213687,319,8.46370089615606
60,WEAgent0,MALE_OLD_LOW_INCOME,7,7.451072000553128,361,0.0
60,SIAgent9,FEMALE_LOW_INCOME,17,17.230221991532588,34,16.92740179231212
60,SIAgent7,MALE_OLD_HIGH_INCOME,4,3.5887350477449784,175,0.0
60,SIAgent8,FEMALE_OLD,11,11.44179703404996,12,11.295744439852903
60,SIAgent5,FEMALE_OLD_LOW_INCOME,10,11.109378890936943,10,10.464533901791507
60,SIAgent6,YOUNG_LOW_INCOME,15,12.695551344234095,49,12.69555134423409
60,SIAgent3,MALE_OLD,11,12.047259721058367,11,11.039807048298105
60,SIAgent4,FEMALE_OLD_LOW_INCOME,10,10.464533901791503,10,10.401633667318146
60,SIAgent1,FEMALE_OLD_HIGH_INCOME,2,1.8103936398730733,83,0.0
60,SIAgent2,YOUNG_LOW_INCOME,15,16.889464327829614,16,16.41706195547808
60,SIAgent10,MALE_YOUNG,10,10.269012990258615,15,10.156441075387272
60,SIAgent0,FEMALE_LOW_INCOME,17,19.961256893118275,17,19.036208108875602
61,WEAgent1,YOUNG_HIGH_INCOME,3,2.7119216616222257,51,0.0
61,WEAgent0,MALE_OLD,11,8.406019868741538,192,0.0
61,SIAgent9,FEMALE_OLD_LOW_INCOME,10,8.688011621082095,486,0.0
61,SIAgent7,MALE_YOUNG_HIGH_INCOME,2,2.251611178798378,2,2.1005479617947933
61,SIAgent8,YOUNG_LOW_INCOME,15,14.412977839832731,33,13.736916099481322
61,SIAgent5,MALE_YOUNG,10,10.502739808973967,13,9.608651893221822
61,SIAgent6,MALE_OLD_LOW_INCOME,7,7.313609962336848,7,6.589907710375168
61,SIAgent3,YOUNG_LOW_INCOME,15,18.16268748702154,17,17.22062549404396
61,SIAgent4,FEMALE_OLD_LOW_INCOME,10,10.80465718608036,11,10.210514211997145
61,SIAgent1,FEMALE_YOUNG,9,8.818433646864786,9,8.534004099670092
61,SIAgent2,FEMALE_OLD_LOW_INCOME,10,9.282285647270133,10,8.688011621082097
61,SIAgent10,MALE_OLD_LOW_INCOME,7,6.589907710375167,7,6.410560846424617
61,SIAgent0,MALE_LOW_INCOME,14,12.821121692849234,644,0.0
62,WEAgent1,FEMALE_HIGH_INCOME,3,2.914390519231105,3,2.319141561853094
62,WEAgent0,FEMALE_YOUNG,9,8.706746496949995,38,1.5460943745687292
62,SIAgent9,MALE_LOW_INCOME,14,13.186734860011633,15,13.126739081106356
62,SIAgent7,OLD_LOW_INCOME,17,19.414141631794294,20,19.24981916217974
62,SIAgent8,YOUNG_LOW_INCOME,15,13.126739081106361,44,12.368754996549832
62,SIAgent5,FEMALE_OLD_LOW_INCOME,10,9.73549385542778,10,9.105796002909761
62,SIAgent6,MALE_HIGH_INCOME,6,5.9943891673117005,11,5.9401877952588125
62,SIAgent3,FEMALE_LOW_INCOME,17,13.141802183834198,788,0.0
62,SIAgent4,MALE_YOUNG_HIGH_INCOME,2,1.980062598419604,102,0.0
62,SIAgent1,OLD_LOW_INCOME,17,15.479853204946593,48,15.460943745687288
62,SIAgent2,FEMALE_YOUNG,9,8.1030817475787,9,7.8760434486638164
62,SIAgent10,FEMALE_HIGH_INCOME,3,3.370964416839679,12,3.3360989604807547
62,SIAgent0,FEMALE_YOUNG,9,9.152616587648948,10,9.003424163976332
63,WEAgent1,MALE_HIGH_INCOME,6,6.255315398503254,7,6.195553008105403
63,WEAgent0,MALE_YOUNG,10,10.67402702824369,101,10.620948013894974
63,SIAgent9,MALE_OLD_LOW_INCOME,7,7.42577694979846,354,0.0
63,SIAgent7,MALE_OLD_HIGH_INCOME,4,3.5403160046316584,166,0.0
63,SIAgent8,FEMALE_LOW_INCOME,17,17.145884977367743,19,16.818533282920654
63,SIAgent5,MALE_OLD_LOW_INCOME,7,8.277654507630242,7,8.157998507027518
63,SIAgent6,OLD_LOW_INCOME,17,17.751884943581853,17,17.248167487782837
63,SIAgent3,FEMALE_LOW_INCOME,17,15.048161358402693,782,0.0
63,SIAgent4,FEMALE_HIGH_INCOME,3,2.7118466011865214,129,0.0
63,SIAgent1,FEMALE_YOUNG_HIGH_INCOME,1,1.1808365885221637,1,0.9039488670621738
63,SIAgent2,FEMALE_OLD_HIGH_INCOME,2,1.9516769034815138,2,1.8078977341243476
63,SIAgent10,FEMALE_LOW_INCOME,17,17.24816748778284,17,17.145884977367743
63,SIAgent0,MALE_OLD,11,12.81971193961467,13,12.209012124591778
64,WEAgent1,FEMALE_LOW_INCOME,17,17.75222335346439,18,17.51975483014978
64,WEAgent0,MALE_YOUNG,10,8.718766328057395,99,0.0
64,SIAgent9,YOUNG_LOW_INCOME,15,14.599795691791481,16,14.06757841822999
64,SIAgent7,MALE_YOUNG,10,10.482909628855374,10,9.733197127860988
64,SIAgent8,MALE_YOUNG_LOW_INCOME,8,7.141380477357364,350,0.0
64,SIAgent5,MALE_OLD_HIGH_INCOME,4,3.910788484301331,169,0.0
64,SIAgent6,FEMALE_YOUNG,9,7.646724471354503,413,0.0
64,SIAgent3,FEMALE_OLD,11,9.492925963423254,544,0.0
64,SIAgent4,YOUNG_HIGH_INCOME,3,3.355313095593203,3,3.1448728886566126
64,SIAgent1,FEMALE_YOUNG,9,10.936714300995648,10,10.516673591541629
64,SIAgent2,MALE_YOUNG_HIGH_INCOME,2,1.7601582533932418,2,1.7437532656114791
64,SIAgent10,MALE_OLD_LOW_INCOME,7,7.8730098315881,365,0.0
64,SIAgent0,FEMALE_YOUNG_HIGH_INCOME,1,0.9512437982241245,1,0.8496360523727225
65,WEAgent1,FEMALE_HIGH_INCOME,3,3.2096125330723795,51,0.0
65,WEAgent0,OLD_LOW_INCOME,17,16.8181374300159,343,0.0
65,SIAgent9,MALE_LOW_INCOME,14,12.446474982802533,71,12.44647498280253
65,SIAgent7,FEMALE_YOUNG_HIGH_INCOME,1,1.0503203153013654,1,0.9505185969951951
65,SIAgent8,MALE_OLD,11,12.816847000640655,11,12.491773663201746
65,SIAgent5,MALE_OLD_LOW_INCOME,7,6.354515269858084,7,6.223237491401267
65,SIAgent6,MALE_YOUNG_LOW_INCOME,8,9.03817273990337,10,8.890339273430381
65,SIAgent3,MALE_HIGH_INCOME,6,5.700661921368575,256,0.0
65,SIAgent4,FEMALE_OLD_HIGH_INCOME,2,1.9651828881463058,2,1.9010371939903903
65,SIAgent1,FEMALE_OLD_HIGH_INCOME,2,1.7699451412042608,84,0.0
65,SIAgent2,FEMALE_HIGH_INCOME,3,2.8515557909855853,3,2.6549177118063914
65,SIAgent10,OLD_LOW_INCOME,17,15.50669856366847,53,15.432394226798205
65,SIAgent0,MALE_OLD,11,12.491773663201746,13,12.123724675832602
66,WEAgent1,FEMALE_YOUNG_HIGH_INCOME,1,0.8795874714065465,1,0.8792177693223768
66,WEAgent0,FEMALE_OLD_HIGH_INCOME,2,1.8461524674618697,2,1.789322273241954
66,SIAgent9,YOUNG_HIGH_INCOME,3,2.993754306690948,38,2.6376533079671303
66,SIAgent7,OLD_HIGH_INCOME,5,5.500757930271003,5,4.959887570455643
66,SIAgent8,FEMALE_OLD_HIGH_INCOME,2,2.0361548243453753,2,1.9115658617610236
66,SIAgent5,OLD_HIGH_INCOME,5,4.778914654402559,6,4.473305683104885
66,SIAgent6,FEMALE_YOUNG,9,9.45362174631242,92,8.981262920072844
66,SIAgent3,FEMALE_YOUNG_LOW_INCOME,8,8.528711153331813,8,8.403219330055485
66,SIAgent4,FEMALE_OLD,11,9.841272502830748,565,0.0
66,SIAgent1,FEMALE_OLD_LOW_INCOME,10,9.86711928971749,10,9.543648011036312
66,SIAgent2,FEMALE_OLD,11,10.498012812139944,11,9.841272502830748
66,SIAgent10,MALE_OLD,11,10.720353402404315,51,10.513612239685628
66,SIAgent0,FEMALE_YOUNG_HIGH_INCOME,1,0.8792177693223768,36,0.0
67,WEAgent1,FEMALE_YOUNG,9,8.386543885742077,46,1.7294928489873607
67,WEAgent0,FEMALE_HIGH_INCOME,3,3.382618802003318,3,2.594239273481041
67,SIAgent9,FEMALE_OLD_LOW_INCOME,10,10.491836868362377,10,10.315985199386269
67,SIAgent7,MALE_OLD,11,12.230843976400617,12,11.92285869118535
67,SIAgent8,FEMALE_OLD,11,11.729869444986331,11,11.541020555198612
67,SIAgent5,FEMALE_OLD_HIGH_INCOME,2,2.1539642389788,2,1.9310981922197104
67,SIAgent6,YOUNG_HIGH_INCOME,3,3.0852123021790643,3,2.7250785950778003
67,SIAgent3,FEMALE_OLD,11,9.512210669430484,550,0.0
67,SIAgent4,MALE_YOUNG_LOW_INCOME,8,8.768336619055768,338,0.0
67,SIAgent1,YOUNG_HIGH_INCOME,3,2.7250785950778003,15,2.594239273481041
67,SIAgent2,MALE_OLD,11,9.674397376371585,457,0.0
67,SIAgent10,OLD_LOW_INCOME,17,17.53717483895666,20,17.47185944290026
67,SIAgent0,FEMALE_OLD,11,11.871831041249294,11,11.72986944498633
68,WEAgent1,MALE_HIGH_INCOME,6,6.200615134783929,99,0.0
68,WEAgent0,FEMALE_YOUNG_LOW_INCOME,8,8.72083943001009,10,8.246540720365497
68,SIAgent9,MALE_OLD_LOW_INCOME,7,8.287709119243795,8,7.589294448398663
68,SIAgent7,FEMALE_LOW_INCOME,17,17.918614221951305,17,17.30340768596807
68,SIAgent8,OLD_HIGH_INCOME,5,4.755490185274647,229,0.0
68,SIAgent5,FEMALE_OLD_LOW_INCOME,10,9.887694263716282,10,9.486618060498328
68,SIAgent6,OLD_LOW_INCOME,17,16.12725070284716,18,15.882813813284844
68,SIAgent3,YOUNG_LOW_INCOME,15,17.051210722860766,16,16.72207244615113
68,SIAgent4,FEMALE_YOUNG_HIGH_INCOME,1,1.0818404988486607,52,0.0
68,SIAgent1,MALE_LOW_INCOME,14,12.584197525138649,698,0.0
68,SIAgent2,FEMALE_OLD_LOW_INCOME,10,10.622154863702907,10,10.54036130703018
68,SIAgent10,FEMALE_LOW_INCOME,17,14.019119224621342,815,7.421886648328947
68,SIAgent0,YOUNG_LOW_INCOME,15,15.573032552049998,18,15.511727914489507
69,WEAgent1,MALE_OLD_LOW_INCOME,7,5.954507714221929,324,0.0
69,WEAgent0,FEMALE_YOUNG,9,8.8835642182917,58,0.0
69,SIAgent9,FEMALE_YOUNG,9,8.653402386692168,9,8.074859658685341
69,SIAgent7,FEMALE_LOW_INCOME,17,15.252512688627863,825,0.0
69,SIAgent8,MALE_YOUNG_LOW_INCOME,8,7.729306647599951,380,0.0
69,SIAgent5,MALE_OLD_HIGH_INCOME,4,4.142824637750599,4,3.8739652500115995
69,SIAgent6,OLD_HIGH_INCOME,5,4.842456562514499,243,0.0
69,SIAgent3,MALE_OLD_LOW_INCOME,7,7.049202314538825,7,6.4269376357086045
69,SIAgent4,FEMALE_OLD,11,11.741198678077959,11,11.204974935730803
69,SIAgent1,FEMALE_OLD,11,11.140166503566597,12,11.093179887351
69,SIAgent2,OLD_LOW_INCOME,17,15.608277115292323,17,14.880011332081828
69,SIAgent10,OLD_LOW_INCOME,17,17.354338878406406,17,17.125204842646745
69,SIAgent0,FEMALE_OLD_HIGH_INCOME,2,1.9874129196178145,2,1.9369826250057998
70,WEAgent1,MALE_YOUNG_HIGH_INCOME,2,1.8942946072553435,94,0.0
70,WEAgent0,OLD_LOW_INCOME,17,16.87638807790793,332,10.020857661152554
70,SIAgent9,MALE_OLD_LOW_INCOME,7,7.422113373649727,8,6.680571774101701
70,SIAgent7,OLD_HIGH_INCOME,5,4.96632065754036,244,0.0
70,SIAgent8,MALE_YOUNG_LOW_INCOME,8,8.9942492052262,8,8.5570822503861
70,SIAgent5,FEMALE_YOUNG,9,10.206499974677707,11,9.397493256914462
70,SIAgent6,OLD_HIGH_INCOME,5,5.007390136313367,5,4.96632065754036
70,SIAgent3,OLD_LOW_INCOME,17,19.276398061465372,39,19.085434389385007
70,SIAgent4,MALE_YOUNG,10,10.696352812982623,11,9.817305346471665
70,SIAgent1,FEMALE_HIGH_INCOME,3,3.5951264550841575,3,3.402166658225902
70,SIAgent2,MALE_YOUNG_LOW_INCOME,8,7.139858433797575,8,6.680571774101701
70,SIAgent10,MALE_LOW_INCOME,14,11.691000604677978,46,10.855929132915268
70,SIAgent0,FEMALE_YOUNG_LOW_INCOME,8,6.834540550483246,363,0.0
71,WEAgent1,OLD_HIGH_INCOME,5,5.133339019158636,5,4.389109519894384
71,WEAgent0,FEMALE_OLD_HIGH_INCOME,2,2.547176679586045,2,1.8571615298241289
71,SIAgent9,OLD_LOW_INCOME,17,16.43932006220658,757,0.0
71,SIAgent7,MALE_OLD_HIGH_INCOME,4,4.206751041665257,4,3.964261257383536
71,SIAgent8,FEMALE_LOW_INCOME,17,17.70499093252594,17,17.49268016110161
71,SIAgent5,FEMALE_LOW_INCOME,17,17.247854483353194,21,16.439320062206583
71,SIAgent6,FEMALE_HIGH_INCOME,3,2.6334657119366303,141,0.0
71,SIAgent3,MALE_OLD_HIGH_INCOME,4,3.7143230596482577,145,0.0
71,SIAgent4,FEMALE_YOUNG_HIGH_INCOME,1,1.008901885011043,1,0.8778219039788767
71,SIAgent1,MALE_HIGH_INCOME,6,5.946391886075304,13,5.571484589472386
71,SIAgent2,FEMALE_YOUNG_LOW_INCOME,8,8.31249794612965,8,8.116637403930914
71,SIAgent10,MALE_YOUNG_LOW_INCOME,8,8.276800189885266,370,0.0
71,SIAgent0,OLD_LOW_INCOME,17,19.458932226117437,19,19.117869993242273
72,WEAgent1,FEMALE_OLD_LOW_INCOME,10,10.451612540617665,467,0.0
72,WEAgent0,MALE_YOUNG_HIGH_INCOME,2,2.177833230404037,95,0.0
72,SIAgent9,FEMALE_HIGH_INCOME,3,3.1112009544474195,5,3.042847017807513
72,SIAgent7,MALE_OLD_HIGH_INCOME,4,4.394324729558367,4,3.8041994146959315
72,SIAgent8,OLD_LOW_INCOME,17,17.798199791225905,17,17.049440205954834
72,SIAgent5,MALE_HIGH_INCOME,6,5.706299122043897,6,5.628564131570032
72,SIAgent6,MALE_LOW_INCOME,14,13.375230608948126,38,13.229704927848694
72,SIAgent3,MALE_OLD_HIGH_INCOME,4,3.6146780579248565,140,0.0
72,SIAgent4,YOUNG_LOW_INCOME,15,15.235090826542852,34,14.330604223872994
72,SIAgent1,FEMALE_OLD_HIGH_INCOME,2,2.0285646785383418,2,1.6601331676523485
72,SIAgent2,FEMALE_OLD_HIGH_INCOME,2,1.6601331676523485,71,0.0
72,SIAgent10,MALE_YOUNG_LOW_INCOME,8,8.55555491443182,8,8.125381774156187
72,SIAgent0,MALE_YOUNG,10,9.449789234177636,51,9.03669514481214
73,WEAgent1,YOUNG_HIGH_INCOME,3,2.7532598375453867,33,0.0
73,WEAgent0,MALE_OLD,11,9.539271655298968,147,0.0
73,SIAgent9,MALE_LOW_INCOME,14,14.077005308813622,20,13.418889845454137
73,SIAgent7,FEMALE_OLD_HIGH_INCOME,2,1.9123170457564114,76,0.0
73,SIAgent8,YOUNG_LOW_INCOME,15,14.377381977272291,28,13.701421832130412
73,SIAgent5,FEMALE_OLD_LOW_INCOME,10,10.489668925075625,10,10.235773665918089
73,SIAgent6,MALE_LOW_INCOME,14,16.590894426583755,16,16.302396088039774
73,SIAgent3,FEMALE_OLD_LOW_INCOME,10,6.99455718690169,487,0.0
73,SIAgent4,FEMALE_LOW_INCOME,17,17.40081523206075,19,16.916168438904982
73,SIAgent1,FEMALE_YOUNG,9,6.490147183640721,36,6.295101468211522
73,SIAgent2,OLD_HIGH_INCOME,5,5.51982774523567,6,4.966842724705125
73,SIAgent10,MALE_OLD_LOW_INCOME,7,7.226093922627993,7,7.038502654406809
73,SIAgent0,MALE_YOUNG_HIGH_INCOME,2,2.339412240829119,109,0.0
74,WEAgent1,FEMALE_OLD_HIGH_INCOME,2,1.9808168448783585,2,1.8896910828503424
74,WEAgent0,FEMALE_YOUNG,9,10.066500976478698,45,0.0
74,SIAgent9,FEMALE_HIGH_INCOME,3,3.097626492236841,3,2.971225267317538
74,SIAgent7,MALE_YOUNG_LOW_INCOME,8,8.258449746856023,8,8.257170473873842
74,SIAgent8,FEMALE_YOUNG_HIGH_INCOME,1,1.1257071964201169,1,1.032542164078947
74,SIAgent5,MALE_YOUNG_LOW_INCOME,8,8.257170473873842,371,0.0
74,SIAgent6,FEMALE_YOUNG,9,10.582846997562656,10,10.319149233192876
74,SIAgent3,OLD_LOW_INCOME,17,17.47564250459406,792,0.0
74,SIAgent4,MALE_OLD_HIGH_INCOME,4,3.540748558302594,182,0.0
74,SIAgent1,FEMALE_OLD_HIGH_INCOME,2,2.2669471397360685,2,2.065084328157894
74,SIAgent2,OLD_LOW_INCOME,17,18.065152939938883,17,17.475642504594056
74,SIAgent10,FEMALE_HIGH_INCOME,3,2.8345366242755135,12,2.834536624275513
74,SIAgent0,FEMALE_YOUNG,9,9.19344203677276,69,8.50360987282654
75,WEAgent1,MALE_OLD_LOW_INCOME,7,7.408460151476233,7,7.072903451518065
75,WEAgent0,MALE_YOUNG_LOW_INCOME,8,8.2401260799114,374,0.0
75,SIAgent9,FEMALE_LOW_INCOME,17,18.84008001903939,68,18.357441239993012
75,SIAgent7,MALE_YOUNG_LOW_INCOME,8,8.462243139234795,8,8.2401260799114
75,SIAgent8,FEMALE_LOW_INCOME,17,20.392011292690835,17,19.802592898915723
75,SIAgent5,FEMALE_HIGH_INCOME,3,3.6183115221795212,4,3.6147446105760954
75,SIAgent6,FEMALE_YOUNG_LOW_INCOME,8,9.208019041677394,8,8.865920008959714
75,SIAgent3,MALE_OLD,11,11.114562566671243,507,0.0
75,SIAgent4,FEMALE_OLD_HIGH_INCOME,2,1.8210539505989831,70,0.0
75,SIAgent1,FEMALE_YOUNG_LOW_INCOME,8,6.675433178179277,360,0.0
75,SIAgent2,MALE_YOUNG,10,11.441557584324372,10,10.403187216316766
75,SIAgent10,OLD_LOW_INCOME,17,20.06758938868589,18,19.19999175652325
75,SIAgent0,YOUNG_HIGH_INCOME,3,2.6494910540328633,156,0.0
76,WEAgent1,OLD_HIGH_INCOME,5,4.625171452428374,5,3.901787497788503
76,WEAgent0,FEMALE_LOW_INCOME,17,15.356399082233825,396,0.0
76,SIAgent9,OLD_HIGH_INCOME,5,5.352730970947049,27,5.093900140950126
76,SIAgent7,YOUNG_LOW_INCOME,15,15.494576647310641,16,15.3537814782293
76,SIAgent8,FEMALE_OLD_LOW_INCOME,10,8.377115278465059,471,0.0
76,SIAgent5,FEMALE_YOUNG,9,10.77157557282883,9,9.80622824959583
76,SIAgent6,FEMALE_YOUNG,9,9.806228249595828,9,9.296745988386382
76,SIAgent3,FEMALE_YOUNG_LOW_INCOME,8,7.311867325705515,8,6.701692222772047
76,SIAgent4,FEMALE_OLD_HIGH_INCOME,2,1.5607149991154012,61,1.5607149991154012
76,SIAgent1,MALE_OLD_LOW_INCOME,7,7.71444636571872,326,0.0
76,SIAgent2,MALE_OLD,11,12.347032287673462,11,11.933595997792684
76,SIAgent10,FEMALE_OLD,11,10.848585784956281,12,10.052538334158072
76,SIAgent0,MALE_YOUNG,10,9.74820651281378,457,0.0
77,WEAgent1,YOUNG_HIGH_INCOME,3,2.9984128326654784,4,2.4844675811347425
77,WEAgent0,FEMALE_HIGH_INCOME,3,3.0028755412227577,39,1.2422337905673713
77,SIAgent9,YOUNG_HIGH_INCOME,3,2.935097621914251,3,2.8230692701670903
77,SIAgent7,OLD_HIGH_INCOME,5,5.355039260315966,5,5.285801880886833
77,SIAgent8,MALE_OLD,11,11.628764137951034,12,11.612544541069335
77,SIAgent5,FEMALE_YOUNG_HIGH_INCOME,1,0.6211168952836856,1,0.6211168952836856
77,SIAgent6,MALE_LOW_INCOME,14,13.633622746038375,24,13.244468945657642
77,SIAgent3,MALE_YOUNG,10,10.103165486882848,10,9.738301961455981
77,SIAgent4,MALE_YOUNG,10,9.460334961184028,406,0.0
77,SIAgent1,FEMALE_HIGH_INCOME,3,2.8230692701670903,3,2.1718215460294856
77,SIAgent2,MALE_HIGH_INCOME,6,5.732854457856823,22,5.676200976710417
77,SIAgent10,MALE_YOUNG_HIGH_INCOME,2,2.121927496742674,2,2.0206330973765696
77,SIAgent0,FEMALE_OLD_HIGH_INCOME,2,1.8591755109242287,90,0.0
78,WEAgent1,FEMALE_OLD_LOW_INCOME,10,9.727003005276591,11,9.640364993537752
78,WEAgent0,MALE_YOUNG_HIGH_INCOME,2,2.2218926552889084,96,0.0
78,SIAgent9,YOUNG_LOW_INCOME,15,15.32551326219668,16,15.089299406884745
78,SIAgent7,MALE_YOUNG,10,9.723043677075882,10,9.594280786095663
78,SIAgent8,OLD_HIGH_INCOME,5,4.831875474249901,5,4.534705369322184
78,SIAgent5,OLD_LOW_INCOME,17,18.390493874467303,44,17.527936351886815
78,SIAgent6,MALE_YOUNG,10,9.733077440963942,10,9.723043677075882
78,SIAgent3,YOUNG_LOW_INCOME,15,13.793575330349977,693,0.0
78,SIAgent4,YOUNG_LOW_INCOME,15,15.648773547467917,15,15.325513262196683
78,SIAgent1,OLD_HIGH_INCOME,5,4.534705369322184,208,0.0
78,SIAgent2,FEMALE_OLD_LOW_INCOME,10,8.763968175943411,494,0.0
78,SIAgent10,MALE_YOUNG_LOW_INCOME,8,7.710852531027259,8,7.356573509519989
78,SIAgent0,YOUNG_HIGH_INCOME,3,3.126959941836072,4,2.9199232322891824
79,WEAgent1,YOUNG_HIGH_INCOME,3,3.4394257218693216,43,0.0
79,WEAgent0,YOUNG_LOW_INCOME,15,15.413516678062386,342,0.0
79,SIAgent9,OLD_LOW_INCOME,17,17.466385613283396,19,17.191230302536177
79,SIAgent7,FEMALE_HIGH_INCOME,3,3.311794357408775,8,3.161617768019756
79,SIAgent8,MALE_OLD,11,10.52162103640424,40,9.753031993714785
79,SIAgent5,FEMALE_YOUNG_LOW_INCOME,8,6.323235536039512,396,0.0
79,SIAgent6,OLD_HIGH_INCOME,5,5.8087603391611315,5,5.077395914867612
79,SIAgent3,OLD_LOW_INCOME,17,18.279010254742932,17,17.466385613283396
79,SIAgent4,MALE_YOUNG,10,9.346895509594644,13,8.69444886205433
79,SIAgent1,MALE_YOUNG,10,9.841347991588282,10,9.346895509594646
79,SIAgent2,FEMALE_YOUNG_LOW_INCOME,8,6.763341616829387,8,6.323235536039512
79,SIAgent10,MALE_OLD_HIGH_INCOME,4,3.251010664571595,147,0.0
79,SIAgent0,FEMALE_LOW_INCOME,17,16.220555068117026,19,16.062936339969802
80,WEAgent1,MALE_OLD_HIGH_INCOME,4,3.7338351096094278,4,3.559877842942514
80,WEAgent0,FEMALE_LOW_INCOME,17,13.85719704289401,394,0.0
80,SIAgent9,YOUNG_HIGH_INCOME,3,2.9432909773779867,4,2.678164689954862
80,SIAgent7,MALE_OLD_LOW_INCOME,7,7.606213653089587,7,7.1042205865898875
80,SIAgent8,FEMALE_OLD,11,9.3517263983066,549,0.0
80,SIAgent5,MALE_OLD,11,12.315646568109258,11,11.600175387068182
80,SIAgent6,FEMALE_LOW_INCOME,17,18.892845764135412,23,18.747972469797787
80,SIAgent3,MALE_HIGH_INCOME,6,5.356329379909724,6,5.289661452969152
80,SIAgent4,MALE_OLD,11,9.789664068091914,44,9.651736961619207
80,SIAgent1,MALE_OLD_LOW_INCOME,7,7.1042205865898875,7,6.2297862251493985
80,SIAgent2,MALE_YOUNG_LOW_INCOME,8,7.4689182262161475,351,0.0
80,SIAgent10,MALE_HIGH_INCOME,6,5.264583797246842,228,0.0
80,SIAgent0,OLD_LOW_INCOME,17,18.9592727313658,17,18.631658840957453
81,WEAgent1,FEMALE_YOUNG_LOW_INCOME,8,8.566671592145985,9,8.354677757031576
81,WEAgent0,MALE_OLD,11,11.131643401842737,15,11.01834488406948
81,SIAgent9,OLD_LOW_INCOME,17,16.342541378745842,804,0.0
81,SIAgent7,OLD_LOW_INCOME,17,20.315232870415496,19,20.290049964765586
81,SIAgent8,MALE_OLD,11,13.532285583262013,11,12.732278113377895
81,SIAgent5,YOUNG_LOW_INCOME,15,13.92446292838596,739,0.0
81,SIAgent6,FEMALE_OLD_LOW_INCOME,10,11.059585819633858,11,10.574585598012014
81,SIAgent3,OLD_HIGH_INCOME,5,3.6727816280231593,211,0.0
81,SIAgent4,MALE_OLD_HIGH_INCOME,4,4.3671822255597466,4,4.302558819558058
81,SIAgent1,OLD_HIGH_INCOME,5,5.378198524447573,6,4.8608772293298035
81,SIAgent2,YOUNG_HIGH_INCOME,3,3.1034151290844694,152,0.0
81,SIAgent10,YOUNG_LOW_INCOME,15,18.077271113249296,17,17.34895861055511
81,SIAgent0,FEMALE_OLD_HIGH_INCOME,2,2.219073976598461,2,2.151279409779029
82,WEAgent1,FEMALE_HIGH_INCOME,3,3.0659833349538923,3,2.9520905536813524
82,WEAgent0,FEMALE_YOUNG,9,9.86059851615196,43,1.9680603691209018
82,SIAgent9,YOUNG_LOW_INCOME,15,15.8765462148271,16,15.571283340392897
82,SIAgent7,FEMALE_YOUNG_LOW_INCOME,8,8.138291857152087,8,7.95079215866057
82,SIAgent8,MALE_YOUNG,10,9.291239354051015,19,9.264378131531272
82,SIAgent5,FEMALE_YOUNG,9,8.856271661044058,58,8.856271661044058
82,SIAgent6,MALE_OLD_HIGH_INCOME,4,3.607902775955402,159,0.0
82,SIAgent3,YOUNG_LOW_INCOME,15,17.866855381967458,16,17.575552509976124
82,SIAgent4,FEMALE_YOUNG_LOW_INCOME,8,7.95079215866057,8,7.872241476483608
82,SIAgent1,MALE_YOUNG_LOW_INCOME,8,7.411502505225019,301,0.0
82,SIAgent2,YOUNG_LOW_INCOME,15,16.477080478102618,15,15.876546214827105
82,SIAgent10,FEMALE_OLD_LOW_INCOME,10,10.952104341761014,511,0.0
82,SIAgent0,MALE_OLD_HIGH_INCOME,4,4.3836215866193475,4,3.607902775955402
83,WEAgent1,MALE_HIGH_INCOME,6,6.445649170551741,7,5.857011650611081
83,WEAgent0,MALE_YOUNG,10,12.45173245331795,104,2.510147850261892
83,SIAgent9,YOUNG_LOW_INCOME,15,14.182877605113815,16,13.38745520139676
83,SIAgent7,MALE_HIGH_INCOME,6,6.001887315549735,8,5.857011650611081
83,SIAgent8,FEMALE_YOUNG_LOW_INCOME,8,6.693727600698378,384,0.0
83,SIAgent5,FEMALE_OLD_LOW_INCOME,10,9.675339086211372,484,0.0
83,SIAgent6,MALE_YOUNG_LOW_INCOME,8,8.044526626736141,337,0.0
83,SIAgent3,MALE_LOW_INCOME,14,15.264501818536168,38,15.083487425130267
83,SIAgent4,OLD_HIGH_INCOME,5,6.175948777138942,6,6.119687763101391
83,SIAgent1,FEMALE_HIGH_INCOME,3,2.98133098158973,134,0.0
83,SIAgent2,FEMALE_HIGH_INCOME,3,3.1776443291023506,3,2.98133098158973
83,SIAgent10,MALE_LOW_INCOME,14,15.561073416875708,14,15.264501818536163
83,SIAgent0,MALE_YOUNG_LOW_INCOME,8,8.926001684193512,8,8.892041952500405
84,WEAgent1,FEMALE_YOUNG_LOW_INCOME,8,8.01332000446969,8,8.01332000446969
84,WEAgent0,FEMALE_LOW_INCOME,17,18.22875953637808,18,17.988993370779347
84,SIAgent9,MALE_YOUNG_LOW_INCOME,8,8.641715733522844,8,8.265605630236609
84,SIAgent7,OLD_HIGH_INCOME,5,5.2561691110868844,5,5.067474304372938
84,SIAgent8,FEMALE_YOUNG_LOW_INCOME,8,8.339229456466905,8,8.01332000446969
84,SIAgent5,FEMALE_YOUNG,9,8.92278756665412,412,0.0
84,SIAgent6,FEMALE_OLD_HIGH_INCOME,2,1.9022447654968995,64,0.0
84,SIAgent3,MALE_OLD_HIGH_INCOME,4,4.080478610294602,152,0.0
84,SIAgent4,MALE_LOW_INCOME,14,14.464809852914069,15,14.174478020560073
84,SIAgent1,FEMALE_YOUNG_HIGH_INCOME,1,1.1673277655940015,1,0.9914208407393468
84,SIAgent2,FEMALE_OLD_HIGH_INCOME,2,1.973991388156673,2,1.9022447654968995
84,SIAgent10,MALE_LOW_INCOME,14,13.229512819189408,681,0.0
84,SIAgent0,FEMALE_OLD_LOW_INCOME,10,10.147922349125626,512,0.0
85,WEAgent1,OLD_HIGH_INCOME,5,5.10890137359053,76,0.0
85,WEAgent0,MALE_LOW_INCOME,14,14.095657753098367,18,14.048293090043538
85,SIAgent9,MALE_OLD_HIGH_INCOME,4,4.767996610535299,5,4.595008259578975
85,SIAgent7,YOUNG_LOW_INCOME,15,13.311375864028804,36,12.836800917682616
85,SIAgent8,FEMALE_OLD_HIGH_INCOME,2,1.9814896414462635,2,1.560921454449282
85,SIAgent5,MALE_OLD_LOW_INCOME,7,7.475356810174063,7,7.200069564246318
85,SIAgent6,FEMALE_YOUNG_HIGH_INCOME,1,1.0706634656445022,60,0.0
85,SIAgent3,MALE_OLD,11,10.109018171073744,11,9.413654006300582
85,SIAgent4,MALE_LOW_INCOME,14,14.400139128492638,16,14.29353070457235
85,SIAgent1,FEMALE_OLD_LOW_INCOME,10,11.004471095521492,10,10.819209140671044
85,SIAgent2,MALE_YOUNG_LOW_INCOME,8,6.846293822764061,324,0.0
85,SIAgent10,MALE_OLD,11,8.58506799947105,451,0.0
85,SIAgent0,FEMALE_LOW_INCOME,17,18.392655539140772,37,17.748501152038404
86,WEAgent1,MALE_OLD,11,12.066140949455036,13,11.590292218475234
86,WEAgent0,FEMALE_OLD_HIGH_INCOME,2,2.425342461375599,2,1.7386225994561864
86,SIAgent9,OLD_HIGH_INCOME,5,4.846554368191947,5,4.717816335576544
86,SIAgent7,MALE_OLD_LOW_INCOME,7,6.633293878567404,334,0.0
86,SIAgent8,MALE_OLD,11,11.037771955427559,11,10.423747523463062
86,SIAgent5,MALE_OLD,11,11.756913199754175,11,11.037771955427559
86,SIAgent6,FEMALE_OLD_HIGH_INCOME,2,1.7386225994561864,70,0.0
86,SIAgent3,FEMALE_YOUNG_HIGH_INCOME,1,0.9365406999559984,51,0.0
86,SIAgent4,YOUNG_HIGH_INCOME,3,3.4471466250479432,3,2.7196625797214184
86,SIAgent1,MALE_HIGH_INCOME,6,5.349365639296261,249,0.0
86,SIAgent2,FEMALE_OLD_HIGH_INCOME,2,1.8458535855935236,2,1.7386225994561864
86,SIAgent10,FEMALE_OLD_HIGH_INCOME,2,1.8871265342306176,2,1.8458535855935236
86,SIAgent0,FEMALE_OLD_LOW_INCOME,10,9.638130509281721,474,0.0
87,WEAgent1,MALE_YOUNG,10,11.367923287030354,10,10.599983755795003
87,WEAgent0,FEMALE_YOUNG_HIGH_INCOME,1,0.8596521189670387,53,0.0
87,SIAgent9,FEMALE_HIGH_INCOME,3,2.723627999876379,3,2.5950729520064675
87,SIAgent7,FEMALE_HIGH_INCOME,3,3.3110881099692704,3,2.8826418293186937
87,SIAgent8,MALE_YOUNG,10,10.62939254770218,10,10.599983755795003
87,SIAgent5,MALE_OLD,11,12.990921723148476,13,12.443409451928918
87,SIAgent6,MALE_YOUNG,10,10.599983755795007,451,0.0
87,SIAgent3,MALE_OLD_LOW_INCOME,7,6.568183018713022,349,0.0
87,SIAgent4,OLD_HIGH_INCOME,5,4.9369145733997515,5,4.72791124374935
87,SIAgent1,YOUNG_HIGH_INCOME,3,3.7571743605231704,3,3.1888177643106537
87,SIAgent2,MALE_OLD_HIGH_INCOME,4,3.882878991775686,149,0.0
87,SIAgent10,FEMALE_YOUNG_LOW_INCOME,8,9.149306235732208,371,0.0
87,SIAgent0,FEMALE_OLD,11,9.544814581716858,580,0.0
88,WEAgent1,FEMALE_YOUNG_LOW_INCOME,8,6.580328079399731,398,0.0
88,WEAgent0,FEMALE_YOUNG,9,10.025680062355606,40,0.0
88,SIAgent9,MALE_YOUNG,10,8.246956690672363,428,0.0
88,SIAgent7,MALE_HIGH_INCOME,6,7.180347878604764,9,7.011204944533032
88,SIAgent8,FEMALE_YOUNG,9,8.485433932153107,10,8.225410099249666
88,SIAgent5,MALE_LOW_INCOME,14,16.776454066536502,14,15.816664910337101
88,SIAgent6,MALE_LOW_INCOME,14,15.697381409161007,20,15.671801227200534
88,SIAgent3,FEMALE_OLD_LOW_INCOME,10,9.670931151200627,453,0.0
88,SIAgent4,YOUNG_LOW_INCOME,15,17.074230440906998,15,16.397532538796156
88,SIAgent1,FEMALE_LOW_INCOME,17,18.46456126408496,17,17.6378983026701
88,SIAgent2,FEMALE_HIGH_INCOME,3,3.02278973485247,6,2.708192994847879
88,SIAgent10,MALE_OLD,11,8.318049551774093,495,0.0
88,SIAgent0,FEMALE_OLD,11,11.551647299681271,11,10.84054158214116
89,WEAgent1,FEMALE_OLD_LOW_INCOME,10,9.633417888924223,484,0.0
89,WEAgent0,MALE_LOW_INCOME,14,14.350145608092626,377,0.0
89,SIAgent9,MALE_YOUNG_HIGH_INCOME,2,1.96255426244294,2,1.9168386123210723
89,SIAgent7,MALE_OLD_HIGH_INCOME,4,4.183819712278099,149,4.101679814211741
89,SIAgent8,MALE_YOUNG,10,9.584193061605362,439,0.0
89,SIAgent5,FEMALE_HIGH_INCOME,3,2.502333370542662,133,0.0
89,SIAgent6,FEMALE_HIGH_INCOME,3,2.8154235044629097,3,2.502333370542662
89,SIAgent3,FEMALE_OLD_LOW_INCOME,10,10.946505584940109,10,10.738004251986128
89,SIAgent4,MALE_OLD,11,12.917100401951958,12,12.38664875558388
89,SIAgent1,FEMALE_LOW_INCOME,17,18.254607228376422,18,17.70568786937587
89,SIAgent2,OLD_HIGH_INCOME,5,5.341361874508578,5,4.907333360601959
89,SIAgent10,MALE_HIGH_INCOME,6,6.152519721317612,6,5.88766278732882
89,SIAgent0,FEMALE_YOUNG_LOW_INCOME,8,7.972578434275573,362,0.0
90,WEAgent1,MALE_OLD,11,7.761627488099572,181,0.0
90,WEAgent0,FEMALE_OLD,11,12.376874643435714,90,0.0
90,SIAgent9,MALE_OLD_LOW_INCOME,7,6.265702185057688,302,0.0
90,SIAgent7,FEMALE_OLD_LOW_INCOME,10,9.064918544456654,10,9.056532206911177
90,SIAgent8,FEMALE_YOUNG,9,8.048592046893484,432,0.0
90,SIAgent5,FEMALE_YOUNG_HIGH_INCOME,1,1.0884787561870326,1,0.8942880052103871
90,SIAgent6,YOUNG_HIGH_INCOME,3,3.546362187816207,3,3.243090560256885
90,SIAgent3,MALE_LOW_INCOME,14,13.033225461130117,21,12.679145089675648
90,SIAgent4,YOUNG_LOW_INCOME,15,19.770405456480255,18,18.763388780015067
90,SIAgent1,OLD_LOW_INCOME,17,15.396104751748997,84,15.216705306568675
90,SIAgent2,OLD_HIGH_INCOME,5,5.3419613650323114,7,4.939217492427001
90,SIAgent10,FEMALE_YOUNG_LOW_INCOME,8,9.231010398097775,10,8.94288005210387
90,SIAgent0,MALE_YOUNG_HIGH_INCOME,2,2.13226609576564,104,0.0
91,WEAgent1,FEMALE_LOW_INCOME,17,18.125831472055683,336,16.362763979111868
91,WEAgent0,MALE_OLD_HIGH_INCOME,4,4.3516114292704655,169,2.0244127171947204
91,SIAgent9,FEMALE_LOW_INCOME,17,16.362763979111868,57,16.362763979111868
91,SIAgent7,FEMALE_OLD,11,11.12590308712209,13,10.958974555501651
91,SIAgent8,YOUNG_HIGH_INCOME,3,3.083022413592645,3,2.986364276980596
91,SIAgent5,YOUNG_HIGH_INCOME,3,2.7243755824750107,132,0.0
91,SIAgent6,FEMALE_LOW_INCOME,17,20.213004414109015,19,19.252284090361776
91,SIAgent3,FEMALE_OLD_LOW_INCOME,10,9.962704141365137,10,9.62515528183051
91,SIAgent4,MALE_OLD_LOW_INCOME,7,6.295139422491671,372,0.0
91,SIAgent1,MALE_OLD_HIGH_INCOME,4,4.048825434389441,4,4.048825434389441
91,SIAgent2,FEMALE_YOUNG,9,8.937591278465613,9,8.445078417548602
91,SIAgent10,MALE_YOUNG_HIGH_INCOME,2,2.0004657635320306,2,1.8162503883166738
91,SIAgent0,YOUNG_LOW_INCOME,15,15.223908710438279,47,14.895985464109359
92,WEAgent1,MALE_OLD_LOW_INCOME,7,6.16887393476893,328,6.0871884871596516
92,WEAgent0,YOUNG_LOW_INCOME,15,15.728339175388143,338,0.0
92,SIAgent9,FEMALE_YOUNG_LOW_INCOME,8,7.23015834014032,406,0.0
92,SIAgent7,FEMALE_OLD_LOW_INCOME,10,10.99198535678046,10,10.812035618714717
92,SIAgent8,FEMALE_OLD_LOW_INCOME,10,11.314533622020479,10,10.991985356780459
92,SIAgent5,MALE_OLD_LOW_INCOME,7,7.879134701646542,7,6.939178228424821
92,SIAgent6,FEMALE_OLD,11,11.818220667232056,21,11.413478413424347
92,SIAgent3,MALE_LOW_INCOME,14,11.46016260817508,15,11.413478413424347
92,SIAgent4,MALE_LOW_INCOME,14,13.878356456849644,15,13.555786078234316
92,SIAgent1,MALE_YOUNG_LOW_INCOME,8,7.683811393411427,9,7.367247390969693
92,SIAgent2,OLD_LOW_INCOME,17,12.93527553521426,40,12.93527553521426
92,SIAgent10,MALE_HIGH_INCOME,6,5.936535848061437,268,0.0
92,SIAgent0,FEMALE_OLD_LOW_INCOME,10,10.812035618714715,10,10.74383697021096
93,WEAgent1,MALE_YOUNG,10,9.513067900630901,84,0.0
93,WEAgent0,OLD_LOW_INCOME,17,15.713603639176798,339,0.0
93,SIAgent9,MALE_YOUNG,10,9.803522752744964,38,9.401567145466656
93,SIAgent7,MALE_LOW_INCOME,14,15.852422679499867,16,15.069387260545701
93,SIAgent8,FEMALE_HIGH_INCOME,3,3.1225763446835764,7,2.867615045525783
93,SIAgent5,OLD_HIGH_INCOME,5,5.328018164661828,5,5.022429653878465
93,SIAgent6,MALE_OLD_HIGH_INCOME,4,3.9815708723172722,4,3.760626858186663
93,SIAgent3,MALE_HIGH_INCOME,6,5.640940287279994,20,5.640940287279993
93,SIAgent4,FEMALE_YOUNG_HIGH_INCOME,1,0.9558716818419277,1,0.9325504909395246
93,SIAgent1,FEMALE_YOUNG,9,10.693376784881435,11,10.25805540033477
93,SIAgent2,FEMALE_YOUNG,9,8.392954418455721,436,0.0
93,SIAgent10,MALE_OLD_HIGH_INCOME,4,4.37780594374116,4,4.262414531729463
93,SIAgent0,MALE_YOUNG,10,11.910633133344758,10,11.019231795977486
94,WEAgent1,YOUNG_LOW_INCOME,15,13.606920694063993,338,0.0
94,WEAgent0,FEMALE_OLD,11,10.115557408253505,68,0.0
94,SIAgent9,MALE_HIGH_INCOME,6,6.266698501170769,6,5.496866032634922
94,SIAgent7,OLD_HIGH_INCOME,5,4.999639308471155,8,4.173311002693177
94,SIAgent8,MALE_LOW_INCOME,14,13.125138443637393,29,12.519933008079535
94,SIAgent5,MALE_LOW_INCOME,14,13.623035767830013,14,13.125138443637391
94,SIAgent6,MALE_LOW_INCOME,14,16.886614587941118,16,16.332059513633542
94,SIAgent3,MALE_YOUNG_LOW_INCOME,8,8.361957832557788,8,7.677899583575876
94,SIAgent4,YOUNG_HIGH_INCOME,3,2.4970824475522293,154,0.0
94,SIAgent1,MALE_YOUNG_LOW_INCOME,8,8.46270367086092,8,8.36195783255779
94,SIAgent2,FEMALE_OLD_LOW_INCOME,10,8.346622005386354,484,0.0
94,SIAgent10,FEMALE_LOW_INCOME,17,16.320245154947372,34,15.85858181023408
94,SIAgent0,MALE_OLD_HIGH_INCOME,4,4.225720165348962,4,4.177799000780513
95,WEAgent1,FEMALE_LOW_INCOME,17,18.848509363282925,377,6.996802963198478
95,WEAgent0,FEMALE_OLD_HIGH_INCOME,2,2.1221650586094984,2,1.741496432224036
95,SIAgent9,FEMALE_YOUNG_HIGH_INCOME,1,1.0980853481493125,1,0.9730462874649644
95,SIAgent7,FEMALE_OLD,11,9.578230377232199,510,0.0
95,SIAgent8,FEMALE_YOUNG_LOW_INCOME,8,7.996346243655403,8,7.996346243655403
95,SIAgent5,MALE_OLD_HIGH_INCOME,4,4.0699038794622195,4,3.390980555129018
95,SIAgent6,FEMALE_OLD,11,12.650047918823986,11,11.820964679766508
95,SIAgent3,FEMALE_HIGH_INCOME,3,2.919138862394893,9,2.6122446483360546
95,SIAgent4,FEMALE_LOW_INCOME,17,18.59996439075496,17,17.859405085559693
95,SIAgent1,OLD_LOW_INCOME,17,17.58814278498351,36,16.778360019617995
95,SIAgent2,FEMALE_YOUNG_LOW_INCOME,8,8.517895120242963,8,7.996346243655403
95,SIAgent10,FEMALE_OLD,11,10.856585895046939,12,10.755872807403055
95,SIAgent0,MALE_OLD_HIGH_INCOME,4,3.390980555129018,164,0.0
96,WEAgent1,FEMALE_HIGH_INCOME,3,3.4818732565377637,31,0.0
96,WEAgent0,YOUNG_HIGH_INCOME,3,2.8479894699727475,3,2.5431464385084963
96,SIAgent9,MALE_YOUNG_LOW_INCOME,8,7.278261659485872,8,6.781723836022657
96,SIAgent7,YOUNG_HIGH_INCOME,3,3.1617578301577636,3,2.9491384188583516
96,SIAgent8,YOUNG_HIGH_INCOME,3,2.9491384188583516,3,2.755553323544132
96,SIAgent5,MALE_LOW_INCOME,14,13.349956791481096,28,13.060652512087437
96,SIAgent6,MALE_YOUNG_LOW_INCOME,8,7.463230006907104,8,7.278261659485872
96,SIAgent3,YOUNG_HIGH_INCOME,3,2.755553323544132,3,2.6300612895312785
96,SIAgent4,MALE_YOUNG,10,8.477154795028321,414,0.0
96,SIAgent1,YOUNG_HIGH_INCOME,3,2.6300612895312785,3,2.5431464385084963
96,SIAgent2,FEMALE_OLD_LOW_INCOME,10,11.872534032519106,489,0.0
96,SIAgent10,FEMALE_YOUNG_LOW_INCOME,8,8.243440813269073,8,7.35163034691324
96,SIAgent0,FEMALE_YOUNG_LOW_INCOME,8,7.35163034691324,405,0.0
97,WEAgent1,FEMALE_HIGH_INCOME,3,3.0771802143756624,55,0.0
97,WEAgent0,MALE_YOUNG,10,10.672755251907196,97,0.0
97,SIAgent9,YOUNG_LOW_INCOME,15,13.878216001243217,35,13.812458263611065
97,SIAgent7,OLD_HIGH_INCOME,5,4.064947784739994,220,0.0
97,SIAgent8,FEMALE_OLD,11,9.300444256957944,39,8.942885126427987
97,SIAgent5,FEMALE_OLD,11,11.806747970825123,11,11.223617062472444
97,SIAgent6,MALE_OLD,11,10.759835881194004,13,10.719731493907062
97,SIAgent3,FEMALE_YOUNG_LOW_INCOME,8,8.922723140212005,8,8.869883361192523
97,SIAgent4,MALE_LOW_INCOME,14,12.085900980659684,680,0.0
97,SIAgent1,FEMALE_LOW_INCOME,17,18.006073595411895,21,17.835113049097323
97,SIAgent2,YOUNG_LOW_INCOME,15,16.63103130223598,15,15.770108576710461
97,SIAgent10,MALE_LOW_INCOME,14,15.614029247379646,14,15.100574999637104
97,SIAgent0,MALE_LOW_INCOME,14,14.678854117187294,15,14.566598477940495
98,WEAgent1,FEMALE_OLD,11,10.562307260894944,60,3.8638766733307266
98,WEAgent0,MALE_HIGH_INCOME,6,5.577937993421204,98,0.0
98,SIAgent9,FEMALE_YOUNG_HIGH_INCOME,1,1.0709212005039717,46,0.0
98,SIAgent7,MALE_OLD_LOW_INCOME,7,6.502566707012923,7,6.481752031955362
98,SIAgent8,MALE_OLD,11,13.113575130434398,13,12.226651093243087
98,SIAgent5,MALE_OLD_LOW_INCOME,7,6.481752031955362,348,0.0
98,SIAgent6,FEMALE_OLD,11,11.831523598576535,124,11.591630019992179
98,SIAgent3,YOUNG_LOW_INCOME,15,14.401348692957328,740,0.0
98,SIAgent4,MALE_OLD,11,10.34562784812877,11,9.749830812013206
98,SIAgent1,MALE_YOUNG_HIGH_INCOME,2,1.8477699214258902,2,1.8477699214258902
98,SIAgent2,OLD_HIGH_INCOME,5,3.8638766733307266,45,3.8638766733307266
98,SIAgent10,MALE_YOUNG_HIGH_INCOME,2,1.8506055439453586,2,1.8477699214258902
98,SIAgent0,FEMALE_YOUNG,9,10.820717907756563,11,10.67182032914219
99,WEAgent1,MALE_HIGH_INCOME,6,6.038994359848303,106,0.0
99,WEAgent0,FEMALE_OLD_LOW_INCOME,10,10.734228007119198,11,10.69731945505887
99,SIAgent9,OLD_HIGH_INCOME,5,5.095296684811805,5,4.595539370951153
99,SIAgent7,FEMALE_LOW_INCOME,17,15.678647332645742,47,15.160048466677674
99,SIAgent8,FEMALE_OLD_HIGH_INCOME,2,2.147840448519584,2,1.7888455743632086
99,SIAgent5,YOUNG_HIGH_INCOME,3,3.33443067572809,3,2.924955324784877
99,SIAgent6,FEMALE_HIGH_INCOME,3,3.260218729213248,3,3.221760672779376
99,SIAgent3,FEMALE_HIGH_INCOME,3,2.6832683615448127,125,0.0
99,SIAgent4,FEMALE_LOW_INCOME,17,16.532220976000072,17,15.678647332645749
99,SIAgent1,YOUNG_HIGH_INCOME,3,3.502641826373174,3,3.33443067572809
99,SIAgent2,FEMALE_YOUNG_LOW_INCOME,8,7.1341404549071425,362,0.0
99,SIAgent10,FEMALE_YOUNG_HIGH_INCOME,1,1.0818230486569833,1,0.8944227871816043
99,SIAgent0,MALE_OLD_HIGH_INCOME,4,3.676431496760922,154,0.0

