0,WEAgent1,FEMALE_YOUNG_HIGH_INCOME,1,0.8720597096449009,48,0.0
0,WFAgent6,MALE_OLD,9,6.549595062844899,361,0.0
0,WEAgent2,MALE_YOUNG,8,7.113219079783957,98,0.0
0,WFAgent7,FEMALE_LOW_INCOME,15,15.641776138731688,17,15.084656873681775
0,WFAgent8,YOUNG_HIGH_INCOME,3,3.1667187046296554,3,2.6619982718261954
0,WEAgent0,OLD_HIGH_INCOME,5,4.75837292678912,86,0.0
0,WFAgent9,OLD_LOW_INCOME,14,12.926580714843665,486,0.0
0,WFAgent11,FEMALE_YOUNG_HIGH_INCOME,1,1.0325472403042162,1,0.8712373224345061
0,WFAgent0,YOUNG_LOW_INCOME,13,11.53532584458018,0,0.0
0,WFAgent10,YOUNG_HIGH_INCOME,3,3.240190616337251,3,2.667457154918984
0,WFAgent1,YOUNG_LOW_INCOME,13,11.587907260962389,368,0.0
0,WFAgent2,MALE_OLD_HIGH_INCOME,3,2.81357958407591,165,0.0
0,WFAgent3,YOUNG_HIGH_INCOME,3,2.6137119673035185,0,0.0
0,WFAgent4,FEMALE_YOUNG_HIGH_INCOME,1,1.178287419340885,1,0.8720597096449009
0,WFAgent5,MALE_YOUNG_LOW_INCOME,7,6.601771458350846,363,0.0
1,WEAgent1,MALE_YOUNG_LOW_INCOME,7,6.908089048416787,368,5.921219184357246
1,WFAgent6,FEMALE_HIGH_INCOME,3,3.31918890409203,67,0.0
1,WEAgent2,OLD_HIGH_INCOME,5,4.699147828817926,5,4.699147828817926
1,WFAgent7,MALE_YOUNG_LOW_INCOME,7,7.076627962748011,7,6.9080890484167865
1,WFAgent8,MALE_OLD,9,9.410422542770783,162,0.0
1,WEAgent0,OLD_LOW_INCOME,14,14.354756404185283,342,0.0
1,WFAgent9,MALE_OLD_HIGH_INCOME,3,3.212486379247895,3,2.824116428825177
1,WFAgent11,YOUNG_HIGH_INCOME,3,3.027402923163112,0,0.0
1,WFAgent0,MALE_OLD_LOW_INCOME,6,5.8308641123283405,0,0.0
1,WFAgent10,MALE_HIGH_INCOME,5,4.706860714708628,103,0.0
1,WFAgent1,FEMALE_YOUNG_LOW_INCOME,7,5.617897687772521,0,0.0
1,WFAgent2,FEMALE_YOUNG,8,9.576461870660356,11,8.828124937928246
1,WFAgent3,FEMALE_YOUNG_HIGH_INCOME,1,1.095447147662692,52,0.0
1,WFAgent4,FEMALE_OLD_HIGH_INCOME,2,2.3362411000807244,2,1.8796591315271707
1,WFAgent5,FEMALE_LOW_INCOME,15,15.419795836091296,402,0.0
2,WEAgent1,FEMALE_YOUNG,8,7.938101991800401,57,1.9845254979501004
2,WFAgent6,MALE_YOUNG_HIGH_INCOME,2,1.8469770813045048,0,0.0
2,WEAgent2,OLD_LOW_INCOME,14,14.75059707134656,315,0.0
2,WFAgent7,MALE_HIGH_INCOME,5,5.418320115795613,106,0.0
2,WFAgent8,FEMALE_HIGH_INCOME,3,3.132495953425396,3,2.9767882469251505
2,WEAgent0,MALE_OLD_HIGH_INCOME,3,2.8846609070817597,177,0.0
2,WFAgent9,FEMALE_OLD_HIGH_INCOME,2,2.0329023906270756,0,0.0
2,WFAgent11,MALE_LOW_INCOME,13,13.225812313019244,0,0.0
2,WFAgent0,FEMALE_YOUNG_HIGH_INCOME,1,1.2595136090712022,1,0.9922627489750502
2,WFAgent10,OLD_LOW_INCOME,14,12.82886480117092,468,0.0
2,WFAgent1,MALE_OLD,9,9.006854954435363,9,8.137695509896192
2,WFAgent2,FEMALE_OLD_HIGH_INCOME,2,2.127143713488315,96,0.0
2,WFAgent3,MALE_OLD_LOW_INCOME,6,5.425130339930794,0,0.0
2,WFAgent4,MALE_YOUNG_LOW_INCOME,7,7.134216402387265,344,0.0
2,WFAgent5,MALE_OLD,9,9.886558817463582,10,9.163474857979228
3,WEAgent1,FEMALE_OLD,10,11.763842361343274,88,0.0
3,WFAgent6,FEMALE_YOUNG_HIGH_INCOME,1,0.8038455975905132,0,0.0
3,WEAgent2,FEMALE_LOW_INCOME,15,14.121448809436313,374,0.0
3,WFAgent7,FEMALE_YOUNG_HIGH_INCOME,1,0.8939488011581194,35,0.0
3,WFAgent8,YOUNG_HIGH_INCOME,3,3.1646326379906933,3,2.637960632374191
3,WEAgent0,MALE_OLD_HIGH_INCOME,3,3.1425684848489506,3,2.637960632374191
3,WFAgent9,FEMALE_OLD_HIGH_INCOME,2,2.0483861396413694,0,0.0
3,WFAgent11,MALE_OLD_LOW_INCOME,6,5.953176188614294,365,0.0
3,WFAgent0,MALE_YOUNG_HIGH_INCOME,2,1.8730841594252372,106,0.0
3,WFAgent10,FEMALE_OLD_LOW_INCOME,9,9.189138219736545,9,8.472869285661785
3,WFAgent1,FEMALE_OLD_LOW_INCOME,9,9.120166203876927,480,0.0
3,WFAgent2,OLD_LOW_INCOME,14,12.418937221208946,0,0.0
3,WFAgent3,YOUNG_HIGH_INCOME,3,2.835236281791632,3,2.41153679277154
3,WFAgent4,MALE_HIGH_INCOME,5,4.396601053956985,0,0.0
3,WFAgent5,MALE_OLD_HIGH_INCOME,3,3.067296527362418,181,0.0
4,WEAgent1,OLD_LOW_INCOME,14,14.685319201401311,316,6.7174342218025105
4,WFAgent6,MALE_YOUNG_LOW_INCOME,7,7.277251387421237,382,0.0
4,WEAgent2,OLD_LOW_INCOME,14,14.362303374168963,14,13.434868443605021
4,WFAgent7,YOUNG_HIGH_INCOME,3,2.8210902240107694,0,0.0
4,WFAgent8,FEMALE_OLD_HIGH_INCOME,2,2.2540667864764328,2,1.7293118680780712
4,WEAgent0,OLD_HIGH_INCOME,5,4.323279670195178,89,0.0
4,WFAgent9,MALE_YOUNG,8,7.900713547076537,0,0.0
4,WFAgent11,FEMALE_YOUNG,8,7.857353184900474,41,0.0
4,WFAgent0,YOUNG_LOW_INCOME,13,13.05383507540576,419,0.0
4,WFAgent10,OLD_HIGH_INCOME,5,4.971328590306229,160,0.0
4,WFAgent1,FEMALE_HIGH_INCOME,3,3.095682198655215,3,2.8210902240107694
4,WFAgent2,FEMALE_YOUNG_LOW_INCOME,7,6.7174342218025105,0,0.0
4,WFAgent3,FEMALE_YOUNG_LOW_INCOME,7,7.300246864210257,7,6.875184036787915
4,WFAgent4,MALE_YOUNG,8,9.258159343607305,103,0.0
4,WFAgent5,MALE_LOW_INCOME,13,13.22913270754776,0,0.0
5,WEAgent1,OLD_LOW_INCOME,14,14.521422010001913,335,0.0
5,WFAgent6,FEMALE_LOW_INCOME,15,14.17343826308287,0,0.0
5,WEAgent2,YOUNG_HIGH_INCOME,3,2.9509787191479084,42,0.0
5,WFAgent7,MALE_OLD,9,11.062358727111555,12,10.764027342215515
5,WFAgent8,FEMALE_YOUNG_HIGH_INCOME,1,1.2364471009883211,1,0.875230786911316
5,WEAgent0,MALE_YOUNG,8,7.001846295290528,121,0.0
5,WFAgent9,MALE_OLD_LOW_INCOME,6,7.392655345733745,7,7.260711005000956
5,WFAgent11,FEMALE_YOUNG_LOW_INCOME,7,7.102298238548141,415,0.0
5,WFAgent0,MALE_LOW_INCOME,13,11.661029620733478,0,0.0
5,WFAgent10,MALE_LOW_INCOME,13,13.32680414298731,348,0.0
5,WFAgent1,MALE_HIGH_INCOME,5,5.8738902604766245,5,4.918297865246514
5,WFAgent2,MALE_OLD,9,8.476777738000338,0,0.0
5,WFAgent3,MALE_YOUNG_HIGH_INCOME,2,2.0447303536936636,2,1.750461573822632
5,WFAgent4,OLD_HIGH_INCOME,5,5.467403609602696,169,0.0
5,WFAgent5,FEMALE_OLD,10,10.24000113424818,92,0.0
6,WEAgent1,MALE_LOW_INCOME,13,12.845232015435792,377,0.0
6,WFAgent6,YOUNG_HIGH_INCOME,3,3.063168999637181,3,2.734468167475674
6,WEAgent2,MALE_OLD,9,9.784797933486335,143,0.0
6,WFAgent7,FEMALE_HIGH_INCOME,3,2.8745038080593743,0,0.0
6,WFAgent8,OLD_HIGH_INCOME,5,5.9418977942384625,89,0.0
6,WEAgent0,FEMALE_LOW_INCOME,15,16.4174074283035,374,0.0
6,WFAgent9,FEMALE_OLD_LOW_INCOME,9,9.293095244976861,501,0.0
6,WFAgent11,MALE_HIGH_INCOME,5,5.634089975110171,6,5.543733204987346
6,WFAgent0,FEMALE_LOW_INCOME,15,14.455726901792316,0,0.0
6,WFAgent10,MALE_YOUNG_HIGH_INCOME,2,1.8479110683291153,84,0.0
6,WFAgent1,MALE_YOUNG_LOW_INCOME,7,7.371772002379027,376,0.0
6,WFAgent2,OLD_HIGH_INCOME,5,5.423018957733678,0,0.0
6,WFAgent3,MALE_YOUNG_HIGH_INCOME,2,1.8229787783171159,0,0.0
6,WFAgent4,MALE_YOUNG_LOW_INCOME,7,6.099390068753714,0,0.0
6,WFAgent5,MALE_OLD_LOW_INCOME,6,5.126520343683566,0,0.0
7,WEAgent1,MALE_YOUNG_HIGH_INCOME,2,1.984018447010278,105,0.0
7,WFAgent6,MALE_YOUNG_LOW_INCOME,7,7.450206809195448,366,0.0
7,WEAgent2,FEMALE_LOW_INCOME,15,17.042595804221044,389,0.0
7,WFAgent7,MALE_OLD_LOW_INCOME,6,6.366789209430901,362,0.0
7,WFAgent8,FEMALE_OLD_LOW_INCOME,9,9.509945265559503,465,0.0
7,WEAgent0,MALE_OLD_HIGH_INCOME,3,2.8941281906160183,165,0.0
7,WFAgent9,MALE_YOUNG,8,7.8256525895817415,9,7.420145031263768
7,WFAgent11,FEMALE_OLD,10,10.123688616302374,0,0.0
7,WFAgent0,FEMALE_OLD_HIGH_INCOME,2,1.9803589118801777,80,0.0
7,WFAgent10,FEMALE_YOUNG_HIGH_INCOME,1,0.9786087935073736,48,0.0
7,WFAgent1,FEMALE_YOUNG,8,7.265688741205339,0,0.0
7,WFAgent2,YOUNG_HIGH_INCOME,3,3.271868071810173,3,2.724633277952002
7,WFAgent3,YOUNG_LOW_INCOME,13,10.717987267380998,0,0.0
7,WFAgent4,MALE_YOUNG,8,6.693698458212694,0,0.0
7,WFAgent5,MALE_YOUNG_LOW_INCOME,7,7.851374166344679,8,7.825652589581742
8,WEAgent1,MALE_YOUNG,8,8.849229576722992,90,0.0
8,WFAgent6,MALE_HIGH_INCOME,5,4.635001826473812,184,0.0
8,WEAgent2,YOUNG_LOW_INCOME,13,12.309732512958346,330,0.0
8,WFAgent7,FEMALE_OLD_LOW_INCOME,9,10.342936396955926,484,0.0
8,WFAgent8,MALE_YOUNG_LOW_INCOME,7,7.283992195147485,8,7.162942075560381
8,WEAgent0,MALE_LOW_INCOME,13,13.629489674267887,373,0.0
8,WFAgent9,FEMALE_OLD,10,10.261891372288085,0,0.0
8,WFAgent11,MALE_HIGH_INCOME,5,4.4624645314679245,0,0.0
8,WFAgent0,MALE_OLD_HIGH_INCOME,3,2.961922330948293,3,2.6774787188807547
8,WFAgent10,MALE_YOUNG,8,8.709753680623956,9,8.032436156642264
8,WFAgent1,FEMALE_YOUNG_LOW_INCOME,7,7.053923578151662,383,0.0
8,WFAgent2,MALE_YOUNG_LOW_INCOME,7,6.2675743161153346,0,0.0
8,WFAgent3,FEMALE_OLD_HIGH_INCOME,2,1.9908935410599273,85,0.0
8,WFAgent4,FEMALE_OLD_HIGH_INCOME,2,1.8341170496837123,0,0.0
8,WFAgent5,YOUNG_LOW_INCOME,13,11.674707731643455,0,0.0
9,WEAgent1,FEMALE_HIGH_INCOME,3,2.9965691905710177,3,2.254086593403076
9,WFAgent6,OLD_HIGH_INCOME,5,4.741535345953748,88,0.0
9,WEAgent2,YOUNG_HIGH_INCOME,3,3.4148892446580708,4,3.0054487912041012
9,WFAgent7,FEMALE_YOUNG,8,7.618565431160305,31,7.513621978010255
9,WFAgent8,FEMALE_YOUNG_HIGH_INCOME,1,1.0922854204432872,1,0.9523206788950381
9,WEAgent0,FEMALE_YOUNG,8,7.82616290243203,10,7.513621978010255
9,WFAgent9,MALE_LOW_INCOME,13,15.43058536665723,358,0.0
9,WFAgent11,MALE_OLD_LOW_INCOME,6,7.024389633334189,368,0.0
9,WFAgent0,MALE_OLD,9,8.061834374712957,0,0.0
9,WFAgent10,FEMALE_YOUNG_HIGH_INCOME,1,0.7513621978010253,0,0.0
9,WFAgent1,MALE_OLD_HIGH_INCOME,3,2.6049439918004067,172,0.0
9,WFAgent2,FEMALE_YOUNG_HIGH_INCOME,1,0.9715684480422746,1,0.7513621978010253
9,WFAgent3,YOUNG_LOW_INCOME,13,11.087273388056687,383,0.0
9,WFAgent4,MALE_HIGH_INCOME,5,5.258593934573089,96,0.0
9,WFAgent5,FEMALE_OLD,10,8.562814058350101,0,0.0
10,WEAgent1,MALE_OLD_LOW_INCOME,6,6.510127416224958,369,3.3379414977080035
10,WFAgent6,FEMALE_LOW_INCOME,15,15.600103118839447,17,14.956178835273713
10,WEAgent2,MALE_YOUNG_HIGH_INCOME,2,2.1573876680372743,2,2.001373116890283
10,WFAgent7,MALE_LOW_INCOME,13,11.682529689302761,0,0.0
10,WFAgent8,FEMALE_HIGH_INCOME,3,2.2024834602381733,83,0.0
10,WEAgent0,MALE_OLD_LOW_INCOME,6,5.4231509067621175,6,5.006912246562004
10,WFAgent9,MALE_YOUNG_LOW_INCOME,7,7.051408372670293,351,0.0
10,WFAgent11,MALE_OLD_LOW_INCOME,6,5.006912246562005,0,0.0
10,WFAgent0,OLD_LOW_INCOME,14,13.616896769705559,470,0.0
10,WFAgent10,OLD_LOW_INCOME,14,12.31685315846071,0,0.0
10,WFAgent1,MALE_YOUNG_HIGH_INCOME,2,2.031576621745018,94,0.0
10,WFAgent2,FEMALE_YOUNG,8,8.149259673593049,390,0.0
10,WFAgent3,FEMALE_OLD_LOW_INCOME,9,10.399021049830704,10,9.72635483550397
10,WFAgent4,YOUNG_HIGH_INCOME,3,3.0020596753354245,0,0.0
10,WFAgent5,FEMALE_YOUNG_HIGH_INCOME,1,1.1125465728884714,51,0.0
11,WEAgent1,FEMALE_HIGH_INCOME,3,3.0340975272666,48,0.0
11,WFAgent6,MALE_LOW_INCOME,13,11.979049294421358,347,0.0
11,WEAgent2,MALE_OLD_LOW_INCOME,6,4.467448135147,336,0.0
11,WFAgent7,MALE_YOUNG_HIGH_INCOME,2,2.248883075496772,2,1.9834314237995851
11,WFAgent8,MALE_YOUNG_HIGH_INCOME,2,2.166164356387458,108,0.0
11,WEAgent0,FEMALE_OLD_LOW_INCOME,9,7.977537652765813,493,0.0
11,WFAgent9,MALE_OLD_LOW_INCOME,6,6.8898056800831435,9,6.701172202720499
11,WFAgent11,MALE_HIGH_INCOME,5,4.958578559498963,0,0.0
11,WFAgent0,FEMALE_OLD_HIGH_INCOME,2,2.1518605228239793,2,2.0227316848444
11,WFAgent10,FEMALE_YOUNG_HIGH_INCOME,1,0.9427609720300423,0,0.0
11,WFAgent1,OLD_HIGH_INCOME,5,4.248046956842865,0,0.0
11,WFAgent2,FEMALE_OLD_HIGH_INCOME,2,2.029720712132018,84,0.0
11,WFAgent3,FEMALE_YOUNG_LOW_INCOME,7,8.455452637647536,418,0.0
11,WFAgent4,MALE_OLD_HIGH_INCOME,3,3.233507008335811,153,0.0
11,WFAgent5,FEMALE_YOUNG_LOW_INCOME,7,7.742205934713975,0,0.0
12,WEAgent1,FEMALE_YOUNG,8,7.931749499314405,45,0.0
12,WFAgent6,FEMALE_YOUNG_LOW_INCOME,7,7.419605970569594,9,7.248212032306937
12,WEAgent2,MALE_HIGH_INCOME,5,4.927400813997396,6,4.702463901832333
12,WFAgent7,MALE_OLD,9,9.246822911764594,10,8.610554663067445
12,WFAgent8,YOUNG_HIGH_INCOME,3,2.617090163536527,110,0.0
12,WEAgent0,FEMALE_LOW_INCOME,15,15.05614319542931,362,0.0
12,WFAgent9,FEMALE_OLD_LOW_INCOME,9,9.388390916237034,462,0.0
12,WFAgent11,FEMALE_YOUNG_HIGH_INCOME,1,1.009469844451812,1,0.7837439836387221
12,WFAgent0,MALE_LOW_INCOME,13,12.367468188871346,368,0.0
12,WFAgent10,YOUNG_HIGH_INCOME,3,2.3512319509161665,0,0.0
12,WFAgent1,MALE_HIGH_INCOME,5,5.054398279273051,156,0.0
12,WFAgent2,MALE_LOW_INCOME,13,11.193721061987677,0,0.0
12,WFAgent3,MALE_YOUNG,8,7.411030089686532,370,0.0
12,WFAgent4,FEMALE_OLD_LOW_INCOME,9,7.248212032306937,0,0.0
12,WFAgent5,FEMALE_OLD_LOW_INCOME,9,10.039379182986977,10,10.037428796952875
13,WEAgent1,OLD_LOW_INCOME,14,11.080703647347432,315,3.165915327813552
13,WFAgent6,MALE_LOW_INCOME,13,13.569689997969832,17,13.455140143207592
13,WEAgent2,FEMALE_OLD,10,10.078898605986167,82,8.252843792430143
13,WFAgent7,FEMALE_YOUNG,8,8.238851477521438,0,0.0
13,WFAgent8,MALE_YOUNG,8,7.698283374153949,357,0.0
13,WEAgent0,FEMALE_OLD,10,11.69237797405759,12,11.003791723240191
13,WFAgent9,MALE_HIGH_INCOME,5,4.3569696216779805,170,0.0
13,WFAgent11,FEMALE_LOW_INCOME,15,18.54253870794667,407,0.0
13,WFAgent0,MALE_OLD_LOW_INCOME,6,5.915132672426382,7,5.540351823673715
13,WFAgent10,FEMALE_OLD,10,9.169826436033492,0,0.0
13,WFAgent1,MALE_LOW_INCOME,13,14.146148432967125,14,13.801976235661558
13,WFAgent2,MALE_YOUNG,8,8.144136525135574,87,0.0
13,WFAgent3,FEMALE_OLD_LOW_INCOME,9,10.936326203943738,11,10.086809079636842
13,WFAgent4,FEMALE_OLD_LOW_INCOME,9,8.647666390935369,475,0.0
13,WFAgent5,MALE_YOUNG_HIGH_INCOME,2,2.3155994683831,2,1.9245708435384872
14,WEAgent1,MALE_YOUNG,8,9.230128274407946,103,0.0
14,WFAgent6,FEMALE_OLD_LOW_INCOME,9,9.325092367366436,496,0.0
14,WEAgent2,FEMALE_HIGH_INCOME,3,2.9893047334945666,51,0.0
14,WFAgent7,YOUNG_LOW_INCOME,13,13.914460632007891,387,0.0
14,WFAgent8,OLD_HIGH_INCOME,5,6.12725234826066,84,0.0
14,WEAgent0,MALE_OLD_HIGH_INCOME,3,3.1654090713504246,142,0.0
14,WFAgent9,MALE_OLD,9,10.116791234308174,355,0.0
14,WFAgent11,YOUNG_LOW_INCOME,13,13.098647397273101,0,0.0
14,WFAgent0,FEMALE_YOUNG_LOW_INCOME,7,7.695162592506552,7,7.053117829300901
14,WFAgent10,MALE_HIGH_INCOME,5,5.102752219986802,0,0.0
14,WFAgent1,MALE_YOUNG_LOW_INCOME,7,6.0402043425096945,0,0.0
14,WFAgent2,YOUNG_LOW_INCOME,13,14.830401117777932,372,0.0
14,WFAgent3,YOUNG_HIGH_INCOME,3,3.0469731389658787,0,0.0
14,WFAgent4,FEMALE_OLD_LOW_INCOME,9,8.508518728164649,0,0.0
14,WFAgent5,YOUNG_HIGH_INCOME,3,3.4124552952334843,3,2.588659003932726
15,WEAgent1,FEMALE_YOUNG_HIGH_INCOME,1,0.9046104569045432,1,0.8499295057822126
15,WFAgent6,FEMALE_OLD,10,10.314390800504578,473,1.9486289205220508
15,WEAgent2,FEMALE_HIGH_INCOME,3,2.549788517346638,57,0.8499295057822126
15,WFAgent7,FEMALE_OLD_HIGH_INCOME,2,2.0436872518209954,77,0.0
15,WFAgent8,MALE_HIGH_INCOME,5,5.76504887318791,149,0.0
15,WEAgent0,FEMALE_OLD_LOW_INCOME,9,8.768830142349229,9,8.768830142349229
15,WFAgent9,MALE_HIGH_INCOME,5,4.930915062894981,0,0.0
15,WFAgent11,MALE_LOW_INCOME,13,11.686709894453392,377,0.0
15,WFAgent0,YOUNG_LOW_INCOME,13,14.145842789865322,412,0.0
15,WFAgent10,FEMALE_YOUNG_HIGH_INCOME,1,1.0676923248073305,1,0.9046104569045432
15,WFAgent1,MALE_YOUNG,8,7.220626076427134,0,0.0
15,WFAgent2,OLD_LOW_INCOME,14,13.333170377116616,0,0.0
15,WFAgent3,FEMALE_YOUNG_HIGH_INCOME,1,1.0129491166922546,1,0.8499295057822126
15,WFAgent4,MALE_YOUNG_HIGH_INCOME,2,2.0941374490622486,89,0.0
15,WFAgent5,MALE_HIGH_INCOME,5,6.326853112031174,6,5.9170980754739775
16,WEAgent1,MALE_YOUNG_HIGH_INCOME,2,1.5992369605027057,2,1.5992369605027057
16,WFAgent6,FEMALE_OLD_LOW_INCOME,9,9.292973155881613,492,0.0
16,WEAgent2,MALE_OLD_HIGH_INCOME,3,3.0689260722859655,3,2.9374298832354437
16,WFAgent7,MALE_HIGH_INCOME,5,5.208648685505328,6,4.7977108815081175
16,WFAgent8,FEMALE_LOW_INCOME,15,16.15037977514163,375,0.0
16,WEAgent0,MALE_OLD,9,8.826876386356107,176,8.812289649706331
16,WFAgent9,FEMALE_OLD_HIGH_INCOME,2,1.5713615276428539,0,0.0
16,WFAgent11,FEMALE_LOW_INCOME,15,11.565563311963208,0,0.0
16,WFAgent0,MALE_OLD_LOW_INCOME,6,5.8748597664708875,358,0.0
16,WFAgent10,FEMALE_OLD_HIGH_INCOME,2,1.9099033574734499,2,1.5713615276428539
16,WFAgent1,FEMALE_YOUNG_HIGH_INCOME,1,1.0087988671180166,39,0.0
16,WFAgent2,FEMALE_OLD_HIGH_INCOME,2,1.7824651319597122,77,0.0
16,WFAgent3,FEMALE_YOUNG_HIGH_INCOME,1,0.8718097823331117,0,0.0
16,WFAgent4,YOUNG_HIGH_INCOME,3,2.854141391811544,103,0.0
16,WFAgent5,FEMALE_OLD_LOW_INCOME,9,9.508965378966247,12,9.252450649570568
17,WEAgent1,FEMALE_YOUNG_HIGH_INCOME,1,0.9987834784421825,65,0.0
17,WFAgent6,MALE_YOUNG,8,9.283824727221589,10,8.447562133661856
17,WEAgent2,MALE_HIGH_INCOME,5,4.223781066830928,82,0.0
17,WFAgent7,MALE_HIGH_INCOME,5,4.090542883830188,0,0.0
17,WFAgent8,FEMALE_HIGH_INCOME,3,3.3575982261985002,69,0.0
17,WEAgent0,YOUNG_LOW_INCOME,13,11.3729369151744,334,8.748413011672616
17,WFAgent9,MALE_OLD_LOW_INCOME,6,7.398942095761138,366,0.0
17,WFAgent11,MALE_HIGH_INCOME,5,4.38040970149392,150,0.0
17,WFAgent0,MALE_YOUNG,8,7.2928642297418325,8,6.998730409338093
17,WFAgent10,MALE_YOUNG_LOW_INCOME,7,7.548465923039995,8,6.998730409338093
17,WFAgent1,FEMALE_OLD_LOW_INCOME,9,8.30700605831544,515,0.0
17,WFAgent2,MALE_LOW_INCOME,13,13.736089441503015,0,0.0
17,WFAgent3,MALE_YOUNG_HIGH_INCOME,2,1.7051667016133654,2,1.6362171535320753
17,WFAgent4,FEMALE_YOUNG_HIGH_INCOME,1,1.0347861432660213,1,0.9957526151492465
17,WFAgent5,OLD_HIGH_INCOME,5,4.978763075746232,0,0.0
18,WEAgent1,MALE_YOUNG_HIGH_INCOME,2,1.8423904717427015,2,1.8423904717427015
18,WFAgent6,MALE_OLD,9,9.530635923159767,334,0.0
18,WEAgent2,YOUNG_HIGH_INCOME,3,3.200384099485392,41,0.0
18,WFAgent7,FEMALE_OLD_HIGH_INCOME,2,1.92414742709109,2,1.838672740638854
18,WFAgent8,FEMALE_OLD,10,9.76360448795192,10,9.417279818851625
18,WEAgent0,MALE_YOUNG,8,7.438074271521757,111,3.684780943485403
18,WFAgent9,YOUNG_LOW_INCOME,13,13.064523566423878,376,0.0
18,WFAgent11,YOUNG_HIGH_INCOME,3,2.7924627532712907,0,0.0
18,WFAgent0,MALE_OLD,9,9.505987195177443,0,0.0
18,WFAgent10,OLD_HIGH_INCOME,5,4.892305484860881,166,0.0
18,WFAgent1,FEMALE_OLD_HIGH_INCOME,2,1.8834559637703254,84,0.0
18,WFAgent2,YOUNG_HIGH_INCOME,3,3.479944031800614,3,2.763585707614052
18,WFAgent3,MALE_OLD_HIGH_INCOME,3,2.8781079293329346,0,0.0
18,WFAgent4,FEMALE_OLD,10,9.65814060574264,476,0.0
18,WFAgent5,FEMALE_OLD_HIGH_INCOME,2,1.838672740638854,0,0.0
19,WEAgent1,FEMALE_YOUNG_LOW_INCOME,7,7.194783253994977,387,0.0
19,WFAgent6,MALE_LOW_INCOME,13,11.49093574571689,0,0.0
19,WEAgent2,FEMALE_OLD_LOW_INCOME,9,9.92869385339804,10,9.26728142111907
19,WFAgent7,MALE_OLD,9,9.598042992834628,180,0.0
19,WFAgent8,MALE_OLD_LOW_INCOME,6,5.281762534874649,0,0.0
19,WEAgent0,OLD_LOW_INCOME,14,12.92480434197941,342,0.0
19,WFAgent9,OLD_LOW_INCOME,14,12.974193989566698,14,12.324112581374186
19,WFAgent11,MALE_OLD,9,10.522327087986545,11,10.194009563230978
19,WFAgent0,FEMALE_YOUNG_LOW_INCOME,7,6.988689501819215,0,0.0
19,WFAgent10,MALE_YOUNG_LOW_INCOME,7,7.637988763704492,347,0.0
19,WFAgent1,FEMALE_OLD,10,10.466321390362781,77,0.0
19,WFAgent2,MALE_OLD_LOW_INCOME,6,6.193847479901462,6,5.539201860848319
19,WFAgent3,FEMALE_OLD,10,10.010388281882522,490,0.0
19,WFAgent4,MALE_OLD_HIGH_INCOME,3,2.3939706434011585,0,0.0
19,WFAgent5,OLD_HIGH_INCOME,5,4.659064877762009,0,0.0
20,WEAgent1,MALE_OLD_HIGH_INCOME,3,3.045249773702774,154,0.0
20,WFAgent6,FEMALE_HIGH_INCOME,3,3.205056085222956,3,2.5505913465397763
20,WEAgent2,FEMALE_YOUNG_HIGH_INCOME,1,0.9960305235486406,48,0.0
20,WFAgent7,FEMALE_LOW_INCOME,15,15.809712019939548,18,15.471623133042048
20,WFAgent8,MALE_YOUNG,8,7.095918325743409,0,0.0
20,WEAgent0,FEMALE_OLD_HIGH_INCOME,2,1.7003942310265177,80,0.0
20,WFAgent9,FEMALE_OLD_LOW_INCOME,9,9.188975515653773,481,0.0
20,WFAgent11,MALE_YOUNG_LOW_INCOME,7,6.3166073927127115,361,0.0
20,WFAgent0,FEMALE_YOUNG_LOW_INCOME,7,8.515713516920222,8,7.610419081912127
20,WFAgent10,FEMALE_OLD,10,9.343989416083456,0,0.0
20,WFAgent1,FEMALE_YOUNG_LOW_INCOME,7,6.016742329516354,0,0.0
20,WFAgent2,MALE_YOUNG_LOW_INCOME,7,6.546502496734305,7,6.208928535025484
20,WFAgent3,YOUNG_HIGH_INCOME,3,3.3252787598892537,3,2.6609693721537786
20,WFAgent4,FEMALE_LOW_INCOME,15,14.269535778585238,382,0.0
20,WFAgent5,MALE_YOUNG_HIGH_INCOME,2,1.9866322514681993,115,0.0
21,WEAgent1,FEMALE_OLD_LOW_INCOME,9,7.953573025558454,482,0.0
21,WFAgent6,MALE_YOUNG_HIGH_INCOME,2,2.0457598834481274,2,1.901679043862045
21,WEAgent2,FEMALE_YOUNG_LOW_INCOME,7,7.130750770966094,8,7.069842689385291
21,WFAgent7,MALE_YOUNG_HIGH_INCOME,2,2.059467671794541,2,2.0008348985132716
21,WFAgent8,MALE_OLD_HIGH_INCOME,3,2.9296159017991017,172,0.0
21,WEAgent0,FEMALE_LOW_INCOME,15,13.708483236762893,362,12.372224706424262
21,WFAgent9,MALE_OLD_LOW_INCOME,6,5.909282183664863,353,0.0
21,WFAgent11,FEMALE_YOUNG_HIGH_INCOME,1,1.0849624025889544,39,0.0
21,WFAgent0,MALE_YOUNG_HIGH_INCOME,2,2.0008348985132716,124,0.0
21,WFAgent10,OLD_HIGH_INCOME,5,4.70762494098844,0,0.0
21,WFAgent1,MALE_OLD_LOW_INCOME,6,5.884275440936426,0,0.0
21,WFAgent2,MALE_YOUNG_HIGH_INCOME,2,1.8983301171430111,0,0.0
21,WFAgent3,MALE_YOUNG,8,7.60671617544818,377,0.0
21,WFAgent4,YOUNG_LOW_INCOME,13,11.001248924594032,0,0.0
21,WFAgent5,FEMALE_OLD_LOW_INCOME,9,9.380780681596194,10,8.837303361731614
22,WEAgent1,MALE_OLD_HIGH_INCOME,3,3.0866213929485937,175,0.0
22,WFAgent6,FEMALE_OLD,10,9.195404104101192,0,0.0
22,WEAgent2,MALE_HIGH_INCOME,5,6.486442092257461,107,0.0
22,WFAgent7,FEMALE_HIGH_INCOME,3,3.091547000261996,3,2.7586212312303573
22,WFAgent8,FEMALE_OLD_HIGH_INCOME,2,2.154162381515276,2,1.8603938771584014
22,WEAgent0,FEMALE_YOUNG_LOW_INCOME,7,5.906453733766712,360,0.0
22,WFAgent9,MALE_YOUNG_LOW_INCOME,7,7.149238611510834,334,0.0
22,WFAgent11,FEMALE_YOUNG,8,8.148524879948306,0,0.0
22,WFAgent0,MALE_YOUNG_LOW_INCOME,7,7.2953445979001454,8,6.949912114022175
22,WFAgent10,YOUNG_LOW_INCOME,13,14.340555463833692,16,13.500465677181062
22,WFAgent1,MALE_OLD_LOW_INCOME,6,6.5082041629075675,353,0.0
22,WFAgent2,FEMALE_YOUNG_HIGH_INCOME,1,1.0840462251670355,52,0.0
22,WFAgent3,FEMALE_OLD_HIGH_INCOME,2,1.8603938771584014,92,0.0
22,WFAgent4,MALE_HIGH_INCOME,5,4.321527438785557,0,0.0
22,WFAgent5,YOUNG_LOW_INCOME,13,11.293607185286035,0,0.0
23,WEAgent1,YOUNG_HIGH_INCOME,3,2.7232346094785758,30,0.0
23,WFAgent6,FEMALE_OLD,10,7.660865710625287,0,0.0
23,WEAgent2,MALE_YOUNG,8,7.255785301223355,87,0.0
23,WFAgent7,MALE_YOUNG_HIGH_INCOME,2,2.0880365138303496,2,1.8963886841007354
23,WFAgent8,FEMALE_OLD_HIGH_INCOME,2,2.0243687461746576,81,0.0
23,WEAgent0,FEMALE_OLD_HIGH_INCOME,2,2.1599239615614856,2,1.5321731421250573
23,WFAgent9,YOUNG_LOW_INCOME,13,13.234755763093707,413,0.0
23,WFAgent11,FEMALE_YOUNG,8,9.212350979026422,10,9.069731626529194
23,WFAgent0,MALE_LOW_INCOME,13,12.897351742973253,356,0.0
23,WFAgent10,MALE_HIGH_INCOME,5,5.5926862885014295,145,0.0
23,WFAgent1,MALE_OLD_LOW_INCOME,6,5.746432282308247,388,0.0
23,WFAgent2,MALE_YOUNG_LOW_INCOME,7,7.756524180735408,8,7.255785301223355
23,WFAgent3,MALE_YOUNG_HIGH_INCOME,2,1.8963886841007354,2,1.8139463253058388
23,WFAgent4,MALE_YOUNG,8,8.036850435092022,8,7.261958958609535
23,WFAgent5,MALE_YOUNG,8,9.217318569095914,9,9.162523220603335
24,WEAgent1,FEMALE_HIGH_INCOME,3,2.6173437927695806,3,2.3784403126086042
24,WFAgent6,MALE_HIGH_INCOME,5,5.707193844355895,179,0.0
24,WEAgent2,FEMALE_LOW_INCOME,15,14.818676716640512,378,0.0
24,WFAgent7,FEMALE_HIGH_INCOME,3,2.797692141123633,76,0.0
24,WFAgent8,FEMALE_YOUNG_LOW_INCOME,7,8.089508604531147,8,7.903294248874941
24,WEAgent0,FEMALE_YOUNG,8,7.529949625273012,46,3.1712537501448055
24,WFAgent9,FEMALE_YOUNG_HIGH_INCOME,1,1.0253450423660337,1,0.9412437031591265
24,WFAgent11,MALE_YOUNG_HIGH_INCOME,2,2.0191839638969657,2,1.5856268750724027
24,WFAgent0,YOUNG_HIGH_INCOME,3,2.3784403126086042,0,0.0
24,WFAgent10,MALE_YOUNG_HIGH_INCOME,2,1.715802455414095,99,0.0
24,WFAgent1,FEMALE_YOUNG_HIGH_INCOME,1,1.0110308073513175,1,0.7928134375362014
24,WFAgent2,MALE_HIGH_INCOME,5,5.115227380124362,0,0.0
24,WFAgent3,YOUNG_LOW_INCOME,13,13.760712798359062,361,0.0
24,WFAgent4,FEMALE_LOW_INCOME,15,14.997536400358367,16,14.638291298899304
24,WFAgent5,YOUNG_LOW_INCOME,13,11.893611680355685,0,0.0
25,WEAgent1,MALE_YOUNG_LOW_INCOME,7,6.728068186617381,357,0.0
25,WFAgent6,MALE_YOUNG_LOW_INCOME,7,6.253939431259304,0,0.0
25,WEAgent2,MALE_OLD_HIGH_INCOME,3,3.210162272433156,163,0.0
25,WFAgent7,MALE_OLD,9,8.982252969516905,354,0.0
25,WFAgent8,MALE_OLD,9,9.511508728035935,9,8.810682367629347
25,WEAgent0,YOUNG_HIGH_INCOME,3,2.9915874509151594,61,0.0
25,WFAgent9,OLD_LOW_INCOME,14,14.614119180637356,453,0.0
25,WFAgent11,FEMALE_YOUNG_LOW_INCOME,7,6.106582468805206,0,0.0
25,WFAgent0,FEMALE_OLD_LOW_INCOME,9,8.810682367629347,0,0.0
25,WFAgent10,FEMALE_LOW_INCOME,15,16.833786310686204,401,0.0
25,WFAgent1,FEMALE_OLD,10,9.904989672848357,84,0.0
25,WFAgent2,FEMALE_OLD_HIGH_INCOME,2,2.0818571046870837,2,1.8529206138883465
25,WFAgent3,OLD_HIGH_INCOME,5,5.626147549417826,5,4.9524948364241785
25,WFAgent4,FEMALE_HIGH_INCOME,3,2.7793809208325198,0,0.0
25,WFAgent5,OLD_LOW_INCOME,14,15.483465369084655,15,14.857484509272536
26,WEAgent1,MALE_HIGH_INCOME,5,4.7075865074102445,102,0.0
26,WFAgent6,MALE_OLD_LOW_INCOME,6,6.18017642700764,359,0.0
26,WEAgent2,MALE_YOUNG_LOW_INCOME,7,8.283887472002139,379,0.0
26,WFAgent7,MALE_OLD,9,7.983969423247425,0,0.0
26,WFAgent8,MALE_YOUNG,8,7.818662817313635,0,0.0
26,WEAgent0,MALE_OLD_HIGH_INCOME,3,3.0179120267730863,147,0.0
26,WFAgent9,MALE_HIGH_INCOME,5,5.526019874656065,6,5.32264628216495
26,WFAgent11,FEMALE_OLD_LOW_INCOME,9,9.671943084756624,468,0.0
26,WFAgent0,OLD_HIGH_INCOME,5,5.497940440422547,5,5.029853377955144
26,WFAgent10,YOUNG_HIGH_INCOME,3,3.059402737634901,48,0.0
26,WFAgent1,FEMALE_YOUNG,8,8.471997629658262,0,0.0
26,WFAgent2,FEMALE_YOUNG_HIGH_INCOME,1,0.874829918896999,0,0.0
26,WFAgent3,MALE_OLD,9,9.359722324081067,10,8.871077136941583
26,WFAgent4,FEMALE_YOUNG,8,8.607168764201566,402,0.0
26,WFAgent5,FEMALE_OLD_HIGH_INCOME,2,2.150733495900506,74,0.0
27,WEAgent1,MALE_OLD_LOW_INCOME,6,5.8260546628027035,335,5.748798103639263
27,WFAgent6,OLD_HIGH_INCOME,5,5.418846411244701,6,5.343549393566712
27,WEAgent2,MALE_OLD_LOW_INCOME,6,6.563996492233481,6,5.748798103639263
27,WFAgent7,MALE_OLD_HIGH_INCOME,3,2.5017155761298646,0,0.0
27,WFAgent8,MALE_LOW_INCOME,13,13.651199945778837,380,0.0
27,WEAgent0,FEMALE_OLD,10,8.90591565594452,67,0.0
27,WFAgent9,MALE_YOUNG,8,6.962248842952036,0,0.0
27,WFAgent11,YOUNG_HIGH_INCOME,3,3.1203827377521325,51,0.0
27,WFAgent0,MALE_HIGH_INCOME,5,4.368673399585555,155,0.0
27,WFAgent10,MALE_YOUNG_HIGH_INCOME,2,1.963894294545412,107,0.0
27,WFAgent1,YOUNG_HIGH_INCOME,3,3.3418729845240045,3,2.6212040397513334
27,WFAgent2,FEMALE_LOW_INCOME,15,15.168921187438778,402,0.0
27,WFAgent3,FEMALE_OLD_HIGH_INCOME,2,2.086318725294115,2,1.6678103840865763
27,WFAgent4,MALE_OLD,9,9.460031525478579,11,9.17295711247617
27,WFAgent5,MALE_OLD_LOW_INCOME,6,5.748798103639263,0,0.0
28,WEAgent1,FEMALE_YOUNG_LOW_INCOME,7,6.695297996827065,7,6.6952979968270645
28,WFAgent6,FEMALE_OLD_HIGH_INCOME,2,1.7340733238491126,72,0.0
28,WEAgent2,YOUNG_LOW_INCOME,13,12.012331964548464,13,12.012331964548464
28,WFAgent7,OLD_HIGH_INCOME,5,5.45275104435576,166,0.0
28,WFAgent8,FEMALE_HIGH_INCOME,3,2.7491308203429,61,0.0
28,WEAgent0,MALE_HIGH_INCOME,5,4.6176444855892225,5,4.6176444855892225
28,WFAgent9,OLD_LOW_INCOME,14,14.10545050240573,465,0.0
28,WFAgent11,FEMALE_HIGH_INCOME,3,2.85671191591154,3,2.4497128047197023
28,WFAgent0,MALE_HIGH_INCOME,5,5.365122725857574,97,0.0
28,WFAgent10,MALE_YOUNG_LOW_INCOME,7,6.745922480156876,356,0.0
28,WFAgent1,FEMALE_OLD,10,10.730486786343395,11,10.0801463412573
28,WFAgent2,FEMALE_HIGH_INCOME,3,2.4497128047197023,0,0.0
28,WFAgent3,OLD_HIGH_INCOME,5,4.4291197310825945,0,0.0
28,WFAgent4,YOUNG_LOW_INCOME,13,14.592012615020534,392,2.869413427211599
28,WFAgent5,MALE_OLD,9,8.955551125206226,352,0.0
29,WEAgent1,FEMALE_HIGH_INCOME,3,2.431906259434717,3,2.431906259434717
29,WFAgent6,MALE_OLD_LOW_INCOME,6,7.226108098329325,8,6.548903007853953
29,WEAgent2,MALE_OLD_LOW_INCOME,6,6.499380199073331,7,5.730290131872209
29,WFAgent7,OLD_LOW_INCOME,14,11.46058026374442,0,0.0
29,WFAgent8,FEMALE_YOUNG_LOW_INCOME,7,7.281794484648154,367,0.0
29,WEAgent0,FEMALE_OLD_HIGH_INCOME,2,1.6652275609289071,97,0.0
29,WFAgent9,OLD_LOW_INCOME,14,12.90803001857521,322,2.4558386279452327
29,WFAgent11,FEMALE_OLD_LOW_INCOME,9,8.737704978249177,459,0.0
29,WFAgent0,FEMALE_LOW_INCOME,15,14.707580453676316,15,13.830032162759156
29,WFAgent10,MALE_YOUNG,8,8.570853194104188,85,0.0
29,WFAgent1,OLD_HIGH_INCOME,5,4.81813448393083,0,0.0
29,WFAgent2,YOUNG_HIGH_INCOME,3,3.6581053197872264,4,3.242541679246289
29,WFAgent3,FEMALE_YOUNG_LOW_INCOME,7,6.8328737127574035,0,0.0
29,WFAgent4,FEMALE_HIGH_INCOME,3,3.277521039043868,45,2.431906259434717
29,WFAgent5,MALE_HIGH_INCOME,5,5.521284054044729,178,0.0
30,WEAgent1,FEMALE_YOUNG,8,8.255324043293214,48,7.053688668620013
30,WFAgent6,MALE_YOUNG_LOW_INCOME,7,6.634041825157365,7,6.00748713630733
30,WEAgent2,YOUNG_HIGH_INCOME,3,2.834827720820592,3,2.6451332507325054
30,WFAgent7,FEMALE_YOUNG_LOW_INCOME,7,8.370320684056649,8,8.255324043293214
30,WFAgent8,MALE_HIGH_INCOME,5,5.5358548368093885,164,0.0
30,WEAgent0,OLD_HIGH_INCOME,5,4.470967363383643,79,0.0
30,WFAgent9,MALE_YOUNG_LOW_INCOME,7,6.00748713630733,0,0.0
30,WFAgent11,FEMALE_HIGH_INCOME,3,2.9351727510507195,3,2.6451332507325054
30,WFAgent0,MALE_YOUNG_LOW_INCOME,7,6.494114812356944,333,0.0
30,WFAgent10,FEMALE_OLD_LOW_INCOME,9,8.435165389804183,510,0.0
30,WFAgent1,YOUNG_LOW_INCOME,13,12.469217401168413,0,0.0
30,WFAgent2,FEMALE_YOUNG,8,9.234993807089419,384,0.0
30,WFAgent3,FEMALE_OLD,10,11.130418223806545,12,10.58053300293002
30,WFAgent4,FEMALE_OLD,10,8.817110835775017,0,0.0
30,WFAgent5,MALE_YOUNG_LOW_INCOME,7,7.007416066491257,7,6.494114812356944
31,WEAgent1,OLD_LOW_INCOME,14,14.700037168673036,353,0.0
31,WFAgent6,FEMALE_YOUNG_LOW_INCOME,7,7.059735268785194,0,0.0
31,WEAgent2,MALE_HIGH_INCOME,5,3.6325831898785292,5,3.6325831898785292
31,WFAgent7,MALE_LOW_INCOME,13,12.067302055550591,0,0.0
31,WFAgent8,OLD_HIGH_INCOME,5,5.475338084389392,148,0.0
31,WEAgent0,MALE_YOUNG,8,7.909158247210999,10,7.26516637975706
31,WFAgent9,FEMALE_YOUNG_HIGH_INCOME,1,1.0789608263640054,69,0.0
31,WFAgent11,YOUNG_LOW_INCOME,13,14.481323009030225,398,0.0
31,WFAgent0,MALE_OLD_LOW_INCOME,6,4.885284701283883,0,0.0
31,WFAgent10,OLD_LOW_INCOME,14,14.59778820945095,419,0.0
31,WFAgent1,MALE_YOUNG,8,7.446271772927255,104,5.812133103805648
31,WFAgent2,MALE_YOUNG_HIGH_INCOME,2,2.1186835417214662,2,1.4530332759514117
31,WFAgent3,FEMALE_YOUNG_HIGH_INCOME,1,0.9218432270285595,0,0.0
31,WFAgent4,YOUNG_LOW_INCOME,13,13.693302027711733,405,0.0
31,WFAgent5,FEMALE_HIGH_INCOME,3,2.9054102890447555,87,0.0
32,WEAgent1,FEMALE_OLD,10,11.148011657743224,73,0.0
32,WFAgent6,YOUNG_LOW_INCOME,13,11.152833838707924,0,0.0
32,WEAgent2,MALE_YOUNG,8,7.708796469002647,84,0.0
32,WFAgent7,FEMALE_YOUNG_LOW_INCOME,7,6.329267282177914,398,0.0
32,WFAgent8,FEMALE_OLD,10,11.309677683754508,10,10.637103968723327
32,WEAgent0,MALE_OLD,9,8.391666666679795,139,0.0
32,WFAgent9,MALE_YOUNG,8,8.38629973810571,8,7.708796469002648
32,WFAgent11,MALE_YOUNG_HIGH_INCOME,2,2.12691884325282,2,2.0764051572152638
32,WFAgent0,MALE_OLD_HIGH_INCOME,3,3.2029288282688526,3,2.544049480748539
32,WFAgent10,FEMALE_OLD_LOW_INCOME,9,9.573393571850994,506,0.0
32,WFAgent1,FEMALE_LOW_INCOME,15,12.720247403742695,0,0.0
32,WFAgent2,MALE_YOUNG_LOW_INCOME,7,8.788018576617224,366,0.0
32,WFAgent3,MALE_LOW_INCOME,13,13.000012863285699,364,0.0
32,WFAgent4,MALE_YOUNG,8,8.305620628861055,9,7.632148442245616
32,WFAgent5,MALE_YOUNG,8,7.201719328012797,0,0.0
33,WEAgent1,FEMALE_HIGH_INCOME,3,2.6490232235933022,42,0.0
33,WFAgent6,OLD_HIGH_INCOME,5,4.904414557218717,5,4.695498151842451
33,WEAgent2,MALE_YOUNG_LOW_INCOME,7,7.7488100992229745,8,7.5406357318056
33,WFAgent7,FEMALE_OLD_HIGH_INCOME,2,2.1809108087437754,2,1.7935223387262915
33,WFAgent8,OLD_HIGH_INCOME,5,4.7751230600621275,5,4.483805846815729
33,WEAgent0,FEMALE_OLD_LOW_INCOME,9,10.062921926387334,488,0.0
33,WFAgent9,FEMALE_OLD_HIGH_INCOME,2,1.8887067147367926,79,0.0
33,WFAgent11,MALE_OLD_HIGH_INCOME,3,2.7849761229618273,141,0.0
33,WFAgent0,FEMALE_OLD_LOW_INCOME,9,8.77372260208135,0,0.0
33,WFAgent10,MALE_YOUNG_LOW_INCOME,7,6.648436477871141,370,0.0
33,WFAgent1,MALE_LOW_INCOME,13,12.2535330641841,0,0.0
33,WFAgent2,FEMALE_OLD_LOW_INCOME,9,10.498438797851518,10,9.748580668979276
33,WFAgent3,OLD_HIGH_INCOME,5,4.483805846815729,0,0.0
33,WFAgent4,MALE_YOUNG_HIGH_INCOME,2,1.9914236114576789,104,0.0
33,WFAgent5,MALE_OLD,9,8.451896673316412,350,0.0
34,WEAgent1,FEMALE_YOUNG_HIGH_INCOME,1,0.9223581616411648,47,0.0
34,WFAgent6,MALE_LOW_INCOME,13,9.172328261871735,0,0.0
34,WEAgent2,MALE_OLD_LOW_INCOME,6,6.621418409337924,9,6.350073412065046
34,WFAgent7,MALE_OLD,9,10.250142908457505,9,9.792001168544942
34,WFAgent8,OLD_HIGH_INCOME,5,5.497444662439859,5,4.679071531884894
34,WEAgent0,OLD_HIGH_INCOME,5,5.440000649191634,64,0.0
34,WFAgent9,FEMALE_YOUNG_LOW_INCOME,7,6.408224265626895,382,0.0
34,WFAgent11,FEMALE_HIGH_INCOME,3,2.855332658276377,0,0.0
34,WFAgent0,MALE_YOUNG,8,8.91643129567541,108,0.0
34,WFAgent10,OLD_HIGH_INCOME,5,5.764841246665647,5,4.831896617822294
34,WFAgent1,YOUNG_LOW_INCOME,13,13.366739287710484,14,12.811529148574655
34,WFAgent2,MALE_OLD_HIGH_INCOME,3,2.899137970693377,157,0.0
34,WFAgent3,YOUNG_LOW_INCOME,13,11.896419923676463,0,0.0
34,WFAgent4,MALE_LOW_INCOME,13,12.043125245227298,352,0.0
34,WFAgent5,MALE_HIGH_INCOME,5,4.679071531884894,0,0.0
35,WEAgent1,OLD_LOW_INCOME,14,13.234297419420207,346,0.0
35,WFAgent6,MALE_OLD,9,9.439636816855103,9,8.507762626770132
35,WEAgent2,FEMALE_YOUNG,8,7.711806191842673,46,0.0
35,WFAgent7,MALE_OLD,9,9.044341746387696,150,0.0
35,WFAgent8,OLD_HIGH_INCOME,5,5.1665986954303635,5,4.66712736138036
35,WEAgent0,FEMALE_OLD,10,9.839965396479679,66,0.0
35,WFAgent9,MALE_YOUNG_HIGH_INCOME,2,2.1319279380027645,110,0.0
35,WFAgent11,FEMALE_LOW_INCOME,15,14.729726067791145,500,0.0
35,WFAgent0,FEMALE_OLD_HIGH_INCOME,2,2.3644656402796143,2,1.9679930792959357
35,WFAgent10,MALE_YOUNG,8,7.297870263197284,368,0.0
35,WFAgent1,FEMALE_OLD_LOW_INCOME,9,9.536670230652001,10,9.453069585300147
35,WFAgent2,MALE_YOUNG_HIGH_INCOME,2,1.7883467749892523,0,0.0
35,WFAgent3,OLD_HIGH_INCOME,5,4.66712736138036,0,0.0
35,WFAgent4,FEMALE_HIGH_INCOME,3,2.54455033633455,0,0.0
35,WFAgent5,FEMALE_YOUNG,8,7.221471272548219,388,0.0
36,WEAgent1,FEMALE_HIGH_INCOME,3,3.0053129703556793,48,0.0
36,WFAgent6,FEMALE_LOW_INCOME,15,14.337116909936372,362,0.0
36,WEAgent2,OLD_HIGH_INCOME,5,6.068681194766894,75,0.0
36,WFAgent7,YOUNG_HIGH_INCOME,3,3.3167988763977014,3,2.6916097787383833
36,WFAgent8,YOUNG_LOW_INCOME,13,11.44887483381251,0,0.0
36,WEAgent0,MALE_YOUNG,8,7.177626076635689,117,0.0
36,WFAgent9,FEMALE_OLD_HIGH_INCOME,2,1.9094211651180113,0,0.0
36,WFAgent11,FEMALE_LOW_INCOME,15,15.920179005703728,16,15.29292470393213
36,WFAgent0,MALE_YOUNG_LOW_INCOME,7,7.54513750630514,8,7.177626076635689
36,WFAgent10,MALE_HIGH_INCOME,5,5.2607888515049845,176,0.0
36,WFAgent1,MALE_OLD_LOW_INCOME,6,5.665830673712856,334,0.0
36,WFAgent2,OLD_LOW_INCOME,14,12.562080313596976,0,0.0
36,WFAgent3,MALE_YOUNG_LOW_INCOME,7,7.362599384756044,356,0.0
36,WFAgent4,FEMALE_YOUNG,8,8.419125354200126,9,7.926144115716352
36,WFAgent5,FEMALE_LOW_INCOME,15,15.829167279476078,496,0.0
37,WEAgent1,FEMALE_HIGH_INCOME,3,3.167419361940714,53,2.6607304586677305
37,WFAgent6,FEMALE_OLD_HIGH_INCOME,2,1.7738203057784871,0,0.0
37,WEAgent2,YOUNG_HIGH_INCOME,3,3.3235879390452387,3,2.6607304586677305
37,WFAgent7,MALE_OLD_HIGH_INCOME,3,3.01499195710379,0,0.0
37,WFAgent8,FEMALE_OLD,10,8.888444065325807,477,0.0
37,WEAgent0,MALE_YOUNG_HIGH_INCOME,2,2.0588883414724557,98,0.0
37,WFAgent9,YOUNG_LOW_INCOME,13,12.939478328294054,0,0.0
37,WFAgent11,MALE_YOUNG_LOW_INCOME,7,7.548942420670458,358,0.0
37,WFAgent0,MALE_OLD_LOW_INCOME,6,6.849947683223751,372,0.0
37,WFAgent10,MALE_HIGH_INCOME,5,5.558662747192242,170,0.0
37,WFAgent1,YOUNG_LOW_INCOME,13,14.029803022657513,384,0.0
37,WFAgent2,FEMALE_OLD_HIGH_INCOME,2,1.9678291342140855,83,0.0
37,WFAgent3,OLD_LOW_INCOME,14,14.947010785645436,0,0.0
37,WFAgent4,FEMALE_YOUNG_HIGH_INCOME,1,0.9329645962599854,0,0.0
37,WFAgent5,MALE_YOUNG_HIGH_INCOME,2,2.0635051945822203,2,2.0099946380691933
38,WEAgent1,FEMALE_HIGH_INCOME,3,2.7886526578335666,3,2.5135798993941276
38,WFAgent6,FEMALE_YOUNG_LOW_INCOME,7,5.865019765252964,0,0.0
38,WEAgent2,FEMALE_OLD_LOW_INCOME,9,9.760604227912316,533,0.0
38,WFAgent7,MALE_YOUNG_LOW_INCOME,7,7.346882119839346,366,0.0
38,WFAgent8,FEMALE_YOUNG,8,8.272972672960755,9,7.540739698182382
38,WEAgent0,FEMALE_YOUNG,8,7.55188414839393,34,1.6757199329294183
38,WFAgent9,FEMALE_YOUNG_HIGH_INCOME,1,1.0518526107845376,1,0.9439855185492413
38,WFAgent11,FEMALE_YOUNG_HIGH_INCOME,1,1.1700716936850444,1,1.0341215841200944
38,WFAgent0,OLD_LOW_INCOME,14,15.33281232115265,337,0.0
38,WFAgent10,FEMALE_YOUNG_LOW_INCOME,7,6.315112845383744,382,0.0
38,WFAgent1,YOUNG_LOW_INCOME,13,12.989816557971828,0,0.0
38,WFAgent2,MALE_OLD_LOW_INCOME,6,5.814812559803344,0,0.0
38,WFAgent3,MALE_YOUNG_HIGH_INCOME,2,1.8734147590609933,99,0.0
38,WFAgent4,OLD_HIGH_INCOME,5,5.873751106639794,154,0.0
38,WFAgent5,FEMALE_OLD_HIGH_INCOME,2,2.2249783042686353,81,0.0
39,WEAgent1,FEMALE_YOUNG_HIGH_INCOME,1,0.9276931221172824,48,0.0
39,WFAgent6,MALE_LOW_INCOME,13,13.480668335695286,363,0.0
39,WEAgent2,FEMALE_LOW_INCOME,15,11.453327514003718,356,9.162662011202974
39,WFAgent7,FEMALE_YOUNG,8,8.109990924012374,10,7.6355516760024775
39,WFAgent8,MALE_YOUNG,8,9.515305172785759,10,8.927479368391735
39,WEAgent0,OLD_HIGH_INCOME,5,4.59579910416023,83,0.0
39,WFAgent9,FEMALE_YOUNG_LOW_INCOME,7,7.41890862550307,7,7.096242058510827
39,WFAgent11,YOUNG_HIGH_INCOME,3,2.359661064065281,0,0.0
39,WFAgent0,FEMALE_OLD,10,9.955516021067515,472,0.0
39,WFAgent10,MALE_YOUNG_HIGH_INCOME,2,2.1829724190085176,114,0.0
39,WFAgent1,MALE_YOUNG_LOW_INCOME,7,6.249235557874216,0,0.0
39,WFAgent2,MALE_HIGH_INCOME,5,5.8970227515026385,150,0.0
39,WFAgent3,FEMALE_YOUNG,8,8.338550034684502,10,7.6355516760024775
39,WFAgent4,FEMALE_OLD_LOW_INCOME,9,9.81692876766721,12,9.162662011202974
39,WFAgent5,MALE_OLD_LOW_INCOME,6,5.764412447264601,365,0.0
40,WEAgent1,FEMALE_OLD_LOW_INCOME,9,8.167889913769258,10,7.762858288208489
40,WFAgent6,MALE_OLD_HIGH_INCOME,3,3.174313283847565,3,3.0525769657842434
40,WEAgent2,MALE_OLD_HIGH_INCOME,3,2.8366216058234097,152,0.0
40,WFAgent7,MALE_OLD_HIGH_INCOME,3,3.165951556622177,3,2.787167773217744
40,WFAgent8,FEMALE_OLD,10,10.142153164753498,11,9.473758084734065
40,WEAgent0,MALE_OLD_LOW_INCOME,6,5.574335546435488,6,5.574335546435488
40,WFAgent9,FEMALE_YOUNG_LOW_INCOME,7,7.756051270589592,388,0.0
40,WFAgent11,FEMALE_OLD_HIGH_INCOME,2,2.127461787706359,2,2.0284306329506996
40,WFAgent0,FEMALE_OLD,10,11.734954529396667,12,10.89051988502568
40,WFAgent10,FEMALE_OLD_LOW_INCOME,9,7.751256614782415,428,0.0
40,WFAgent1,FEMALE_YOUNG_HIGH_INCOME,1,1.0546435131315692,59,0.0
40,WFAgent2,FEMALE_LOW_INCOME,15,11.644287432312733,0,0.0
40,WFAgent3,FEMALE_OLD_HIGH_INCOME,2,1.984355706154737,0,0.0
40,WFAgent4,FEMALE_OLD,10,10.447482848403176,93,0.0
40,WFAgent5,MALE_OLD,9,9.15773089735273,341,3.7162236976236582
41,WEAgent1,MALE_YOUNG_HIGH_INCOME,2,2.0950732001071497,111,0.0
41,WFAgent6,MALE_OLD_LOW_INCOME,6,6.058783563350381,366,0.0
41,WEAgent2,YOUNG_HIGH_INCOME,3,3.349529150808482,47,0.0
41,WFAgent7,FEMALE_LOW_INCOME,15,15.654830014865796,403,0.0
41,WFAgent8,MALE_YOUNG_HIGH_INCOME,2,1.547866488533482,0,0.0
41,WEAgent0,MALE_YOUNG_LOW_INCOME,7,6.826240861538773,362,0.0
41,WFAgent9,FEMALE_YOUNG_LOW_INCOME,7,7.0614369276318865,0,0.0
41,WFAgent11,FEMALE_YOUNG,8,9.062785454396753,8,8.177122185672324
41,WFAgent0,MALE_OLD_LOW_INCOME,6,7.018873612248865,6,6.052192073500572
41,WFAgent10,OLD_LOW_INCOME,14,14.121781504834667,0,0.0
41,WFAgent1,MALE_OLD_LOW_INCOME,6,5.99502581968011,0,0.0
41,WFAgent2,FEMALE_HIGH_INCOME,3,2.997924537464741,67,0.0
41,WFAgent3,FEMALE_OLD_LOW_INCOME,9,9.283494226267523,9,9.078288110250858
41,WFAgent4,OLD_HIGH_INCOME,5,5.075573179465144,160,0.0
41,WFAgent5,FEMALE_LOW_INCOME,15,15.332104098135607,461,0.0
42,WEAgent1,MALE_YOUNG_HIGH_INCOME,2,2.437947568142838,2,1.678567400605844
42,WFAgent6,MALE_HIGH_INCOME,5,4.19641850151461,0,0.0
42,WEAgent2,MALE_HIGH_INCOME,5,5.179794367157136,6,5.035702201817532
42,WFAgent7,OLD_HIGH_INCOME,5,4.823443180969275,5,4.649412787093704
42,WFAgent8,FEMALE_OLD_LOW_INCOME,9,8.283861980475338,487,0.0
42,WEAgent0,OLD_LOW_INCOME,14,15.049749555758153,355,0.0
42,WFAgent9,MALE_OLD_HIGH_INCOME,3,2.7968694104172855,139,0.0
42,WFAgent11,FEMALE_HIGH_INCOME,3,2.9500700586587105,0,0.0
42,WFAgent0,FEMALE_YOUNG_HIGH_INCOME,1,0.9845746041223964,67,0.0
42,WFAgent10,OLD_HIGH_INCOME,5,4.615432990183367,0,0.0
42,WFAgent1,FEMALE_OLD_HIGH_INCOME,2,1.9636197878716681,2,1.8461731960733467
42,WFAgent2,FEMALE_YOUNG_LOW_INCOME,7,6.856601074407238,393,0.0
42,WFAgent3,MALE_HIGH_INCOME,5,4.649412787093704,87,2.517851100908766
42,WFAgent4,OLD_HIGH_INCOME,5,4.737013255744701,87,0.0
42,WFAgent5,MALE_OLD_HIGH_INCOME,3,3.3978941940969536,3,2.8422079534468203
43,WEAgent1,YOUNG_LOW_INCOME,13,12.967067519504267,12,11.969600787234711
43,WFAgent6,FEMALE_LOW_INCOME,15,17.15073803926348,16,16.957468832510106
43,WEAgent2,MALE_OLD_LOW_INCOME,6,6.752661021448817,403,0.0
43,WFAgent7,OLD_LOW_INCOME,14,14.363671020403446,442,0.0
43,WFAgent8,OLD_LOW_INCOME,14,15.902100047101792,17,15.334466641942685
43,WEAgent0,FEMALE_LOW_INCOME,15,15.897627030478226,364,9.974667322695591
43,WFAgent9,MALE_LOW_INCOME,13,15.244566447668303,19,15.090608720514185
43,WFAgent11,MALE_LOW_INCOME,13,12.450305097208865,322,0.0
43,WFAgent0,FEMALE_YOUNG_LOW_INCOME,7,7.551707375437323,7,6.982267125886914
43,WFAgent10,OLD_HIGH_INCOME,5,4.677942795313441,70,0.0
43,WFAgent1,OLD_LOW_INCOME,14,12.628384293364569,0,0.0
43,WFAgent2,MALE_LOW_INCOME,13,10.325153335088652,0,0.0
43,WFAgent3,MALE_OLD_HIGH_INCOME,3,3.5159182134379923,184,0.0
43,WFAgent4,FEMALE_YOUNG_HIGH_INCOME,1,0.8090960776282745,35,0.0
43,WFAgent5,MALE_HIGH_INCOME,5,4.344043205293066,0,0.0
44,WEAgent1,FEMALE_YOUNG,8,9.2361818157702,51,3.469425588307177
44,WFAgent6,MALE_OLD_HIGH_INCOME,3,2.963790415296165,174,0.0
44,WEAgent2,FEMALE_OLD_LOW_INCOME,9,7.595748922461313,453,0.0
44,WFAgent7,OLD_HIGH_INCOME,5,5.136001095571401,5,4.567248032575818
44,WFAgent8,MALE_YOUNG_LOW_INCOME,7,6.4009665728204235,380,0.0
44,WEAgent0,YOUNG_HIGH_INCOME,3,2.602069191230383,3,2.602069191230383
44,WFAgent9,MALE_YOUNG_LOW_INCOME,7,6.332191315203822,0,0.0
44,WFAgent11,OLD_HIGH_INCOME,5,5.084709146319467,80,0.0
44,WFAgent0,MALE_OLD_LOW_INCOME,6,4.844482832539207,0,0.0
44,WFAgent10,YOUNG_HIGH_INCOME,3,3.0629719944952973,105,0.0
44,WFAgent1,OLD_LOW_INCOME,14,14.865155299484632,366,0.0
44,WFAgent2,OLD_HIGH_INCOME,5,4.567248032575818,0,0.0
44,WFAgent3,FEMALE_OLD_LOW_INCOME,9,9.793437838106616,11,9.283693127452716
44,WFAgent4,MALE_YOUNG_HIGH_INCOME,2,2.1853126399164147,2,1.7347127941535885
44,WFAgent5,FEMALE_YOUNG_LOW_INCOME,7,6.518012968473328,370,0.0
45,WEAgent1,OLD_HIGH_INCOME,5,6.108820217933893,63,3.5003854856381307
45,WFAgent6,FEMALE_HIGH_INCOME,3,3.1729961099236847,4,2.8760442616871877
45,WEAgent2,FEMALE_OLD_HIGH_INCOME,2,2.125094108333733,2,1.7501927428190653
45,WFAgent7,YOUNG_HIGH_INCOME,3,2.157033196265391,0,0.0
45,WFAgent8,FEMALE_OLD_HIGH_INCOME,2,2.057928916062044,2,1.7501927428190653
45,WEAgent0,MALE_OLD_LOW_INCOME,6,5.350058549185305,349,0.0
45,WFAgent9,OLD_HIGH_INCOME,5,4.678726319344065,172,0.0
45,WFAgent11,MALE_OLD_HIGH_INCOME,3,2.625289114228598,0,0.0
45,WFAgent0,MALE_OLD_LOW_INCOME,6,5.070345175365148,0,0.0
45,WFAgent10,MALE_YOUNG_LOW_INCOME,7,8.158625599898274,367,0.0
45,WFAgent1,YOUNG_HIGH_INCOME,3,3.0113504001262066,103,0.0
45,WFAgent2,FEMALE_YOUNG,8,7.888870219495649,38,0.0
45,WFAgent3,FEMALE_OLD,10,8.84262345349343,0,0.0
45,WFAgent4,MALE_YOUNG,8,7.527108374898825,0,0.0
45,WFAgent5,FEMALE_LOW_INCOME,15,14.281020809535692,387,0.0
46,WEAgent1,MALE_YOUNG_LOW_INCOME,7,5.626076699780906,7,5.626076699780906
46,WFAgent6,YOUNG_HIGH_INCOME,3,2.6750882969511682,0,0.0
46,WEAgent2,YOUNG_LOW_INCOME,13,13.234721683537883,347,5.626076699780906
46,WFAgent7,MALE_OLD_HIGH_INCOME,3,2.5293990559598347,0,0.0
46,WFAgent8,MALE_LOW_INCOME,13,14.108473057517466,17,13.663329128039338
46,WEAgent0,OLD_LOW_INCOME,14,13.379977314394488,342,0.0
46,WFAgent9,MALE_OLD,9,8.705534457287596,170,0.0
46,WFAgent11,FEMALE_YOUNG_HIGH_INCOME,1,1.0161044043058467,53,0.0
46,WFAgent0,MALE_YOUNG,8,7.91471905036836,9,7.233527185432594
46,WFAgent10,MALE_OLD_LOW_INCOME,6,6.400389939139976,7,5.626076699780906
46,WFAgent1,YOUNG_HIGH_INCOME,3,2.828788282269946,86,0.0
46,WFAgent2,OLD_LOW_INCOME,14,14.010179929951757,482,0.0
46,WFAgent3,YOUNG_HIGH_INCOME,3,2.9918625141659,3,2.6750882969511682
46,WFAgent4,FEMALE_YOUNG,8,7.92531068499283,388,0.0
46,WFAgent5,FEMALE_OLD,10,9.243364967874738,89,0.0
47,WEAgent1,FEMALE_HIGH_INCOME,3,3.3795344256383015,52,0.0
47,WFAgent6,FEMALE_OLD_LOW_INCOME,9,10.185682417223404,10,9.581662435301627
47,WEAgent2,OLD_LOW_INCOME,14,13.414327409422278,350,5.748997461180976
47,WFAgent7,MALE_OLD_LOW_INCOME,6,5.834329900840838,6,5.748997461180976
47,WFAgent8,MALE_OLD,9,9.204679958379968,9,8.623496191771464
47,WEAgent0,OLD_HIGH_INCOME,5,4.638912670563854,76,0.0
47,WFAgent9,FEMALE_OLD_LOW_INCOME,9,9.392353459174773,474,0.0
47,WFAgent11,YOUNG_LOW_INCOME,13,15.301404391433147,356,0.0
47,WFAgent0,OLD_HIGH_INCOME,5,5.0960658922553135,140,0.0
47,WFAgent10,OLD_HIGH_INCOME,5,5.618543754817793,6,5.429575537750589
47,WFAgent1,FEMALE_YOUNG,8,7.271123734817665,0,0.0
47,WFAgent2,FEMALE_OLD,10,9.049292562917648,0,0.0
47,WFAgent3,MALE_YOUNG_HIGH_INCOME,2,1.9371782409070584,108,0.0
47,WFAgent4,FEMALE_YOUNG_HIGH_INCOME,1,0.8873858664531304,0,0.0
47,WFAgent5,FEMALE_YOUNG,8,7.66057875551348,413,0.0
48,WEAgent1,FEMALE_OLD_LOW_INCOME,9,8.325126811647209,485,0.0
48,WFAgent6,MALE_HIGH_INCOME,5,5.10240245648576,148,0.0
48,WEAgent2,FEMALE_YOUNG_HIGH_INCOME,1,0.8349767252849238,37,0.8349767252849238
48,WFAgent7,FEMALE_LOW_INCOME,15,17.673905513785222,384,0.0
48,WFAgent8,FEMALE_OLD,10,10.2838642312389,70,0.0
48,WEAgent0,YOUNG_HIGH_INCOME,3,3.638725877736304,4,3.3399069011396953
48,WFAgent9,MALE_YOUNG_HIGH_INCOME,2,1.8866457851279086,94,0.0
48,WFAgent11,MALE_OLD_LOW_INCOME,6,5.079471658687344,0,0.0
48,WFAgent0,FEMALE_OLD_LOW_INCOME,9,9.05507422804298,9,8.325126811647207
48,WFAgent10,MALE_LOW_INCOME,13,12.998782248286906,380,0.0
48,WFAgent1,MALE_YOUNG,8,8.495652668379838,9,8.085195853174701
48,WFAgent2,MALE_OLD,9,8.138888105834578,0,0.0
48,WFAgent3,MALE_YOUNG,8,8.105637795946782,9,8.085195853174701
48,WFAgent4,MALE_YOUNG,8,7.18684075837751,0,0.0
48,WFAgent5,MALE_OLD_LOW_INCOME,6,5.273104026349499,371,0.0
49,WEAgent1,FEMALE_OLD_LOW_INCOME,9,7.794752531537865,9,7.794752531537865
49,WFAgent6,FEMALE_LOW_INCOME,15,15.195946363147852,444,7.794752531537865
49,WEAgent2,YOUNG_LOW_INCOME,13,14.055943218892002,382,0.0
49,WFAgent7,MALE_OLD,9,9.370103631936745,373,0.0
49,WFAgent8,FEMALE_OLD_HIGH_INCOME,2,2.2093567328592796,2,1.9221076298179578
49,WEAgent0,FEMALE_YOUNG_HIGH_INCOME,1,1.1947782183472768,52,0.0
49,WFAgent9,OLD_LOW_INCOME,14,14.846341293417858,17,14.723421448460412
49,WFAgent11,MALE_OLD_HIGH_INCOME,3,2.928056414583778,160,0.0
49,WFAgent0,FEMALE_HIGH_INCOME,3,3.165337902972334,77,0.0
49,WFAgent10,FEMALE_YOUNG_HIGH_INCOME,1,1.038664373446428,1,0.8660836146153184
49,WFAgent1,MALE_LOW_INCOME,13,12.260655930535671,0,0.0
49,WFAgent2,FEMALE_OLD_HIGH_INCOME,2,2.262263911035822,2,2.1102252686482226
49,WFAgent3,FEMALE_YOUNG,8,7.752684118172637,378,0.0
49,WFAgent4,OLD_HIGH_INCOME,5,4.805269074544895,0,0.0
49,WFAgent5,FEMALE_OLD_HIGH_INCOME,2,2.2624795757706586,2,2.2093567328592796
50,WEAgent1,MALE_OLD,9,8.903653585151638,10,8.35965383660304
50,WFAgent6,FEMALE_HIGH_INCOME,3,3.103372714827184,58,0.0
50,WEAgent2,FEMALE_LOW_INCOME,15,16.95133864207459,397,0.0
50,WFAgent7,FEMALE_OLD_HIGH_INCOME,2,2.0840404639915597,74,0.0
50,WFAgent8,OLD_HIGH_INCOME,5,4.9119580320662095,161,0.0
50,WEAgent0,MALE_YOUNG_LOW_INCOME,7,8.201247272919597,362,0.0
50,WFAgent9,OLD_HIGH_INCOME,5,4.1798269183015195,0,0.0
50,WFAgent11,FEMALE_YOUNG_LOW_INCOME,7,6.709870211534601,0,0.0
50,WFAgent0,FEMALE_LOW_INCOME,15,15.173888328390884,470,0.0
50,WFAgent10,FEMALE_OLD_LOW_INCOME,9,9.27847145048167,9,8.488544554540905
50,WFAgent1,MALE_OLD,9,9.463110084884676,355,0.0
50,WFAgent2,FEMALE_YOUNG_HIGH_INCOME,1,0.9561803807434601,0,0.0
50,WFAgent3,MALE_YOUNG,8,7.295678623816815,103,0.0
50,WFAgent4,FEMALE_YOUNG_HIGH_INCOME,1,1.1356134013611678,1,0.9561803807434601
50,WFAgent5,OLD_LOW_INCOME,14,13.204402640396966,0,0.0
51,WEAgent1,MALE_LOW_INCOME,13,11.774542150590669,347,0.0
51,WFAgent6,MALE_OLD,9,9.983163813174365,11,9.765929910110719
51,WEAgent2,FEMALE_OLD_HIGH_INCOME,2,1.7914999827986247,73,0.8957499913993123
51,WFAgent7,MALE_LOW_INCOME,13,11.54155353013085,0,0.0
51,WFAgent8,MALE_YOUNG_HIGH_INCOME,2,2.052441839773619,95,0.0
51,WEAgent0,MALE_OLD_HIGH_INCOME,3,3.254932236144764,157,0.0
51,WFAgent9,FEMALE_YOUNG,8,8.055492674558886,0,0.0
51,WFAgent11,FEMALE_OLD_LOW_INCOME,9,9.012108312548945,486,0.0
51,WFAgent0,MALE_OLD_HIGH_INCOME,3,2.6647822848093723,0,0.0
51,WFAgent10,FEMALE_OLD_HIGH_INCOME,2,1.9005345827800528,2,1.7914999827986247
51,WFAgent1,MALE_OLD_HIGH_INCOME,3,2.712806196031085,3,2.663435430030196
51,WFAgent2,FEMALE_YOUNG,8,8.486816229706449,386,0.0
51,WFAgent3,FEMALE_OLD_HIGH_INCOME,2,2.242836889199209,2,1.9005345827800528
51,WFAgent4,FEMALE_HIGH_INCOME,3,3.0644759417592473,3,2.687249974197937
51,WFAgent5,FEMALE_YOUNG,8,9.001573738511503,8,8.055492674558886
52,WEAgent1,MALE_HIGH_INCOME,5,4.633947526274966,5,4.143393848892455
52,WFAgent6,MALE_OLD_HIGH_INCOME,3,2.486036309335473,0,0.0
52,WEAgent2,MALE_HIGH_INCOME,5,4.99508739599351,6,4.972072618670945
52,WFAgent7,FEMALE_OLD,10,10.381658830931762,11,9.56355237846744
52,WFAgent8,YOUNG_HIGH_INCOME,3,3.1260867796250436,52,0.0
52,WEAgent0,MALE_HIGH_INCOME,5,5.039666404165506,79,3.314715079113964
52,WFAgent9,MALE_HIGH_INCOME,5,4.777468762722604,160,0.0
52,WFAgent11,FEMALE_OLD_HIGH_INCOME,2,2.4601674824429596,2,2.0763317661863523
52,WFAgent0,FEMALE_OLD_HIGH_INCOME,2,2.1276196675387578,2,1.799000214759376
52,WFAgent10,MALE_OLD,9,10.174251766649904,366,0.0
52,WFAgent1,MALE_OLD,9,9.426317374015744,0,0.0
52,WFAgent2,FEMALE_HIGH_INCOME,3,2.698500322139064,45,0.0
52,WFAgent3,FEMALE_OLD_LOW_INCOME,9,8.95396109232697,471,0.0
52,WFAgent4,FEMALE_HIGH_INCOME,3,2.608241557763847,0,0.0
52,WFAgent5,MALE_HIGH_INCOME,5,5.042332125052765,5,4.633947526274966
53,WEAgent1,FEMALE_YOUNG_LOW_INCOME,7,7.054910388244731,387,0.0
53,WFAgent6,MALE_HIGH_INCOME,5,5.606467321241539,163,0.0
53,WEAgent2,YOUNG_HIGH_INCOME,3,3.1728564255906253,44,0.0
53,WFAgent7,FEMALE_LOW_INCOME,15,15.416801501406699,509,0.0
53,WFAgent8,MALE_HIGH_INCOME,5,5.777941700768069,6,5.313830389627793
53,WEAgent0,FEMALE_OLD_HIGH_INCOME,2,2.2709553382928003,75,0.0
53,WFAgent9,FEMALE_YOUNG_HIGH_INCOME,1,1.0609782496847764,1,0.885638398271299
53,WFAgent11,MALE_HIGH_INCOME,5,4.428191991356495,0,0.0
53,WFAgent0,FEMALE_LOW_INCOME,15,14.902146641613662,16,14.269711808006939
53,WFAgent10,FEMALE_OLD_LOW_INCOME,9,8.0267128920039,0,0.0
53,WFAgent1,FEMALE_LOW_INCOME,15,14.595895645144235,0,0.0
53,WFAgent2,MALE_YOUNG_HIGH_INCOME,2,2.2310092218158735,2,1.771276796542598
53,WFAgent3,MALE_YOUNG_HIGH_INCOME,2,1.9512874049931195,107,0.0
53,WFAgent4,FEMALE_HIGH_INCOME,3,2.979362721488176,0,0.0
53,WFAgent5,MALE_YOUNG_LOW_INCOME,7,6.249797327368263,347,0.0
54,WEAgent1,MALE_OLD_HIGH_INCOME,3,2.59441072360325,156,0.8648035745344167
54,WFAgent6,MALE_YOUNG_LOW_INCOME,7,8.287821068109023,10,7.968792946219095
54,WEAgent2,YOUNG_LOW_INCOME,13,13.469891513610559,362,0.0
54,WFAgent7,YOUNG_HIGH_INCOME,3,3.1346903526141148,0,0.0
54,WFAgent8,YOUNG_LOW_INCOME,13,13.218240463835835,0,0.0
54,WEAgent0,FEMALE_HIGH_INCOME,3,2.594555046092795,38,0.0
54,WFAgent9,MALE_OLD_HIGH_INCOME,3,3.08584822197495,3,2.59441072360325
54,WFAgent11,MALE_YOUNG_HIGH_INCOME,2,2.181769938779739,96,0.0
54,WFAgent0,MALE_OLD_HIGH_INCOME,3,3.063257489291492,3,2.59441072360325
54,WFAgent10,FEMALE_LOW_INCOME,15,14.462935742006414,481,0.0
54,WFAgent1,OLD_HIGH_INCOME,5,5.155068778018702,72,0.0
54,WFAgent2,FEMALE_YOUNG_LOW_INCOME,7,7.405157305873406,399,0.0
54,WFAgent3,MALE_OLD_LOW_INCOME,6,5.638223298211662,380,0.0
54,WFAgent4,FEMALE_YOUNG_HIGH_INCOME,1,0.8516590565111323,0,0.0
54,WFAgent5,FEMALE_YOUNG_LOW_INCOME,7,5.578155062353366,0,0.0
55,WEAgent1,FEMALE_OLD_LOW_INCOME,9,9.58576447860419,491,0.0
55,WFAgent6,FEMALE_YOUNG_LOW_INCOME,7,7.756006369779437,8,7.119991428049828
55,WEAgent2,MALE_YOUNG_HIGH_INCOME,2,2.154226109178374,2,1.5917572182925797
55,WFAgent7,OLD_LOW_INCOME,14,13.130916215872794,0,0.0
55,WFAgent8,FEMALE_HIGH_INCOME,3,3.2908383609202376,69,0.0
55,WEAgent0,FEMALE_YOUNG_HIGH_INCOME,1,0.9932014988453787,50,0.0
55,WFAgent9,MALE_HIGH_INCOME,5,5.414452207300514,148,0.0
55,WFAgent11,YOUNG_LOW_INCOME,13,12.544814747324729,387,0.0
55,WFAgent0,FEMALE_LOW_INCOME,15,13.349983927593428,0,0.0
55,WFAgent10,MALE_YOUNG,8,6.367028873170319,0,0.0
55,WFAgent1,MALE_LOW_INCOME,13,13.881116136320246,381,0.0
55,WFAgent2,MALE_OLD_HIGH_INCOME,3,2.5485820093809517,0,0.0
55,WFAgent3,MALE_HIGH_INCOME,5,4.838938759577591,89,3.1835144365851593
55,WFAgent4,MALE_OLD_HIGH_INCOME,3,3.560623696731132,3,2.9033632557465543
55,WFAgent5,MALE_YOUNG_LOW_INCOME,7,6.535138289276427,372,0.0
56,WEAgent1,MALE_OLD,9,9.878546205000847,168,0.0
56,WFAgent6,FEMALE_OLD,10,10.686319682249334,12,10.297832374903676
56,WEAgent2,FEMALE_OLD,10,8.581526979086393,78,0.0
56,WFAgent7,FEMALE_YOUNG_LOW_INCOME,7,6.744792116095407,0,0.0
56,WFAgent8,MALE_LOW_INCOME,13,12.974849191002841,0,0.0
56,WEAgent0,FEMALE_HIGH_INCOME,3,2.7279166042464973,50,0.0
56,WFAgent9,MALE_YOUNG_LOW_INCOME,7,8.03356135563336,7,7.2282236149738965
56,WFAgent11,FEMALE_YOUNG_LOW_INCOME,7,7.8668594973586545,8,7.708333846966179
56,WFAgent0,MALE_YOUNG_LOW_INCOME,7,7.393042021154777,7,6.986457256693837
56,WFAgent10,MALE_YOUNG_LOW_INCOME,7,7.2282236149738965,357,0.0
56,WFAgent1,MALE_OLD,9,8.967273786625439,0,0.0
56,WFAgent2,FEMALE_OLD,10,9.505262668251799,497,0.0
56,WFAgent3,FEMALE_LOW_INCOME,15,16.423472631865142,359,0.0
56,WFAgent4,MALE_OLD_LOW_INCOME,6,5.894428542524002,350,0.0
56,WFAgent5,YOUNG_HIGH_INCOME,3,2.7670545222790173,107,0.0
57,WEAgent1,MALE_YOUNG_HIGH_INCOME,2,1.9034781593082841,113,0.0
57,WFAgent6,MALE_HIGH_INCOME,5,4.770490102321718,0,0.0
57,WEAgent2,MALE_OLD_LOW_INCOME,6,6.885316477350342,330,0.0
57,WFAgent7,YOUNG_LOW_INCOME,13,12.216017276896492,387,0.0
57,WFAgent8,MALE_OLD,9,9.67994843914563,10,9.274541153099348
57,WEAgent0,MALE_OLD_HIGH_INCOME,3,3.5583344257264287,156,0.0
57,WFAgent9,YOUNG_HIGH_INCOME,3,3.2608425628755793,3,2.782362345929804
57,WFAgent11,MALE_OLD_LOW_INCOME,6,6.431260581401713,6,5.564724691859609
57,WFAgent0,MALE_OLD_LOW_INCOME,6,6.997996557699044,6,6.453298959430421
57,WFAgent10,FEMALE_LOW_INCOME,15,15.205423555295042,482,0.0
57,WFAgent1,MALE_OLD_LOW_INCOME,6,5.564724691859609,0,0.0
57,WFAgent2,MALE_OLD,9,10.325317919879286,9,9.321435209093107
57,WFAgent3,YOUNG_HIGH_INCOME,3,3.0636072554337086,55,0.0
57,WFAgent4,MALE_LOW_INCOME,13,13.464295302023373,14,12.984357614339087
57,WFAgent5,MALE_YOUNG_HIGH_INCOME,2,2.3031330372410794,2,2.042404836955806
58,WEAgent1,FEMALE_HIGH_INCOME,3,3.350271298091163,3,2.6172458379831243
58,WFAgent6,FEMALE_OLD_HIGH_INCOME,2,1.891682833874432,0,0.0
58,WEAgent2,FEMALE_YOUNG,8,8.435493749178713,50,3.489661117310832
58,WFAgent7,YOUNG_HIGH_INCOME,3,2.6172458379831243,0,0.0
58,WFAgent8,MALE_YOUNG_HIGH_INCOME,2,2.153964715739652,90,0.0
58,WEAgent0,MALE_LOW_INCOME,13,14.843503201208787,380,0.0
58,WFAgent9,MALE_OLD,9,9.628976012893498,10,9.39991426242252
58,WFAgent11,MALE_OLD_HIGH_INCOME,3,3.8892209590544238,158,0.0
58,WFAgent0,FEMALE_LOW_INCOME,15,15.208698538982427,473,0.0
58,WFAgent10,FEMALE_HIGH_INCOME,3,3.075107542521489,76,0.0
58,WFAgent1,MALE_OLD,9,9.269282289443863,0,0.0
58,WFAgent2,FEMALE_OLD_HIGH_INCOME,2,2.190873211008694,2,1.891682833874432
58,WFAgent3,YOUNG_LOW_INCOME,13,12.219888541149277,0,0.0
58,WFAgent4,FEMALE_YOUNG_LOW_INCOME,7,6.8990779057238925,412,0.0
58,WFAgent5,FEMALE_YOUNG_HIGH_INCOME,1,0.9630757241769676,1,0.872415279327708
59,WEAgent1,FEMALE_OLD,10,11.116170697574875,72,0.0
59,WFAgent6,YOUNG_HIGH_INCOME,3,3.3306172032852803,3,2.6716822302423697
59,WEAgent2,MALE_YOUNG_HIGH_INCOME,2,1.7811214868282466,2,1.7811214868282466
59,WFAgent7,FEMALE_HIGH_INCOME,3,3.186702341088929,3,2.8816606786676164
59,WFAgent8,FEMALE_YOUNG_LOW_INCOME,7,6.617426412141293,0,0.0
59,WEAgent0,MALE_HIGH_INCOME,5,5.572079584998189,86,4.4528037170706165
59,WFAgent9,OLD_HIGH_INCOME,5,4.80276779777936,0,0.0
59,WFAgent11,YOUNG_HIGH_INCOME,3,3.081697798639166,42,0.0
59,WFAgent0,MALE_LOW_INCOME,13,13.060538192079528,346,0.0
59,WFAgent10,MALE_YOUNG_LOW_INCOME,7,6.932655648934895,383,0.0
59,WFAgent1,OLD_LOW_INCOME,14,15.840887300826594,16,15.027556054379142
59,WFAgent2,FEMALE_YOUNG,8,9.00619641795631,379,0.0
59,WFAgent3,OLD_HIGH_INCOME,5,4.9895744547349485,159,0.0
59,WFAgent4,FEMALE_YOUNG,8,9.070043236635366,9,8.508119672753091
59,WFAgent5,MALE_LOW_INCOME,13,12.20988929418305,0,0.0
60,WEAgent1,MALE_OLD_HIGH_INCOME,3,3.186943789508687,3,2.537631591936143
60,WFAgent6,FEMALE_YOUNG_LOW_INCOME,7,6.832730193740128,386,0.0
60,WEAgent2,MALE_OLD_HIGH_INCOME,3,2.537631591936143,186,0.0
60,WFAgent7,MALE_OLD_LOW_INCOME,6,5.921233675889083,328,0.0
60,WFAgent8,FEMALE_YOUNG,8,7.350575917538563,0,0.0
60,WEAgent0,YOUNG_HIGH_INCOME,3,3.7150599565136724,55,0.0
60,WFAgent9,FEMALE_OLD_HIGH_INCOME,2,2.0143020267129317,74,0.0
60,WFAgent11,YOUNG_LOW_INCOME,13,11.115078105751268,0,0.0
60,WFAgent0,FEMALE_OLD,10,10.160042489291238,0,0.0
60,WFAgent10,MALE_OLD_LOW_INCOME,6,5.916306278103654,0,0.0
60,WFAgent1,MALE_YOUNG,8,9.259681357399073,108,0.0
60,WFAgent2,MALE_LOW_INCOME,13,13.274369632537082,383,0.0
60,WFAgent3,FEMALE_OLD_HIGH_INCOME,2,2.0702523199867855,2,1.832660015841196
60,WFAgent4,FEMALE_OLD_HIGH_INCOME,2,1.832660015841196,0,0.0
60,WFAgent5,OLD_LOW_INCOME,14,15.340352381435697,475,0.0
61,WEAgent1,YOUNG_HIGH_INCOME,3,2.8929897646946454,48,1.8042421350378048
61,WFAgent6,MALE_LOW_INCOME,13,13.60168822398225,19,13.549523044517388
61,WEAgent2,YOUNG_LOW_INCOME,13,11.275222300440985,424,0.0
61,WFAgent7,FEMALE_LOW_INCOME,15,14.715314048136257,465,0.0
61,WFAgent8,FEMALE_LOW_INCOME,15,15.803403288212232,18,15.61184626214906
61,WEAgent0,FEMALE_HIGH_INCOME,3,2.994312995965387,3,2.706363202556707
61,WFAgent9,FEMALE_YOUNG_HIGH_INCOME,1,1.0970519683658586,1,0.9021210675189024
61,WFAgent11,OLD_LOW_INCOME,14,9.983859085433865,0,0.0
61,WFAgent0,OLD_LOW_INCOME,14,10.975074375532284,302,0.0
61,WFAgent10,FEMALE_HIGH_INCOME,3,2.933105267294842,89,0.0
61,WFAgent1,MALE_YOUNG_LOW_INCOME,7,6.3823680562289615,378,0.0
61,WFAgent2,MALE_HIGH_INCOME,5,5.142298569198944,150,0.0
61,WFAgent3,MALE_YOUNG_HIGH_INCOME,2,1.8042421350378048,88,0.0
61,WFAgent4,MALE_YOUNG_LOW_INCOME,7,7.397875347594194,8,7.2941349214045275
61,WFAgent5,MALE_YOUNG_LOW_INCOME,7,6.597912228905564,7,6.071273546391301
62,WEAgent1,FEMALE_HIGH_INCOME,3,2.8397299629570303,50,0.0
62,WFAgent6,YOUNG_LOW_INCOME,13,13.61219175851757,14,13.296713665926617
62,WEAgent2,OLD_LOW_INCOME,14,15.176157852334818,346,0.0
62,WFAgent7,YOUNG_LOW_INCOME,13,14.716303132562885,14,14.068414829590658
62,WFAgent8,MALE_LOW_INCOME,13,15.098115493193832,16,14.981700177631948
62,WEAgent0,MALE_YOUNG_LOW_INCOME,7,7.083477902617667,380,0.0
62,WFAgent9,FEMALE_OLD,10,9.379318286942238,0,0.0
62,WFAgent11,FEMALE_YOUNG_HIGH_INCOME,1,0.9023163100439571,0,0.0
62,WFAgent0,FEMALE_OLD_HIGH_INCOME,2,2.100998234503366,84,0.0
62,WFAgent10,FEMALE_LOW_INCOME,15,15.073301603132855,363,0.0
62,WFAgent1,MALE_YOUNG_HIGH_INCOME,2,2.387133072267966,2,1.9093657349962363
62,WFAgent2,YOUNG_HIGH_INCOME,3,2.8640486024943543,0,0.0
62,WFAgent3,FEMALE_LOW_INCOME,15,14.246478927778519,0,0.0
62,WFAgent4,MALE_YOUNG,8,8.230337049465302,94,0.0
62,WFAgent5,MALE_OLD_LOW_INCOME,6,5.6181375666119795,0,0.0
63,WEAgent1,FEMALE_HIGH_INCOME,3,3.0639199272657205,36,2.3503770158885593
63,WFAgent6,MALE_YOUNG_LOW_INCOME,7,7.233906831239724,7,7.198919582837438
63,WEAgent2,YOUNG_HIGH_INCOME,3,2.7351227969508476,3,2.3503770158885593
63,WFAgent7,FEMALE_YOUNG_HIGH_INCOME,1,0.9550643964156559,1,0.7834590052961864
63,WFAgent8,FEMALE_YOUNG_LOW_INCOME,7,8.239075262891657,392,0.0
63,WEAgent0,MALE_YOUNG_LOW_INCOME,7,7.485562109664458,351,3.085251249787473
63,WFAgent9,MALE_OLD,9,8.035794108040864,0,0.0
63,WFAgent11,OLD_HIGH_INCOME,5,3.917295026480932,0,0.0
63,WFAgent0,OLD_HIGH_INCOME,5,4.992333868949877,76,0.0
63,WFAgent10,FEMALE_YOUNG_HIGH_INCOME,1,0.9832530340917025,1,0.9117075989836159
63,WFAgent1,FEMALE_OLD_LOW_INCOME,9,6.782093754785482,511,0.0
63,WFAgent2,MALE_YOUNG_LOW_INCOME,7,7.198919582837437,0,0.0
63,WFAgent3,MALE_OLD_HIGH_INCOME,3,2.86888405227549,178,0.0
63,WFAgent4,MALE_OLD,9,8.915996135909914,325,0.0
63,WFAgent5,MALE_OLD_HIGH_INCOME,3,2.9296280311164784,3,2.6785980360136215
64,WEAgent1,MALE_YOUNG_LOW_INCOME,7,6.405811027002582,349,0.0
64,WFAgent6,YOUNG_LOW_INCOME,13,14.153914065175423,14,13.301323949252678
64,WEAgent2,MALE_OLD,9,8.858011758749631,170,0.0
64,WFAgent7,MALE_OLD_HIGH_INCOME,3,2.450786245510883,0,0.0
64,WFAgent8,MALE_YOUNG_HIGH_INCOME,2,2.091060990002979,2,1.6473813145996705
64,WEAgent0,MALE_YOUNG,8,7.6007565424301005,93,0.0
64,WFAgent9,MALE_YOUNG_LOW_INCOME,7,6.061882449630924,0,0.0
64,WFAgent11,MALE_OLD_LOW_INCOME,6,6.2066461345223525,379,0.0
64,WFAgent0,FEMALE_YOUNG_LOW_INCOME,7,6.82891163708731,343,0.0
64,WFAgent10,FEMALE_LOW_INCOME,15,17.483542401889633,17,16.584499690069176
64,WFAgent1,MALE_YOUNG_LOW_INCOME,7,6.754142954996975,8,6.589525258398681
64,WFAgent2,FEMALE_YOUNG_LOW_INCOME,7,7.576547040998219,7,6.696552080569778
64,WFAgent3,FEMALE_OLD_LOW_INCOME,9,7.413215915698518,485,0.0
64,WFAgent4,FEMALE_YOUNG,8,7.653202377794033,0,0.0
64,WFAgent5,FEMALE_OLD,10,10.941378027866197,75,0.0
65,WEAgent1,FEMALE_OLD,10,8.797360982992007,9,7.917624884692808
65,WFAgent6,FEMALE_OLD_HIGH_INCOME,2,2.2015555821453088,2,1.7594721965984015
65,WEAgent2,MALE_LOW_INCOME,13,12.479738503440785,342,0.0
65,WFAgent7,MALE_OLD,9,8.40060219751485,0,0.0
65,WFAgent8,YOUNG_HIGH_INCOME,3,3.416093369552237,4,3.4144205370578664
65,WEAgent0,MALE_OLD_HIGH_INCOME,3,2.7810484555032646,145,0.0
65,WFAgent9,FEMALE_OLD,10,10.080331740610257,67,6.158152688094406
65,WFAgent11,FEMALE_LOW_INCOME,15,16.337912228339565,19,16.056045186439018
65,WFAgent0,YOUNG_HIGH_INCOME,3,2.5608154027934,0,0.0
65,WFAgent10,YOUNG_LOW_INCOME,13,10.985715127563543,0,0.0
65,WFAgent1,MALE_OLD_HIGH_INCOME,3,2.190078565209086,0,0.0
65,WFAgent2,OLD_LOW_INCOME,14,13.435425949761546,475,0.0
65,WFAgent3,YOUNG_HIGH_INCOME,3,2.6023652204314214,88,0.0
65,WFAgent4,FEMALE_YOUNG_HIGH_INCOME,1,0.8693477509721494,48,0.0
65,WFAgent5,FEMALE_LOW_INCOME,15,15.314658275420587,403,0.0
66,WEAgent1,MALE_YOUNG,8,7.973831090819319,100,0.0
66,WFAgent6,MALE_LOW_INCOME,13,13.454478837301915,360,0.0
66,WEAgent2,YOUNG_LOW_INCOME,13,12.484907144692441,324,0.0
66,WFAgent7,MALE_YOUNG,8,8.7101379656905,8,7.973831090819318
66,WFAgent8,MALE_LOW_INCOME,13,11.942606598688336,0,0.0
66,WEAgent0,YOUNG_HIGH_INCOME,3,2.788247871264864,45,0.0
66,WFAgent9,FEMALE_OLD_LOW_INCOME,9,8.707448085284714,488,0.0
66,WFAgent11,FEMALE_YOUNG_LOW_INCOME,7,6.938304268440817,8,6.478717444876096
66,WFAgent0,YOUNG_LOW_INCOME,13,12.912678776539357,13,12.484907144692437
66,WFAgent10,FEMALE_YOUNG_LOW_INCOME,7,6.558437375282962,414,0.0
66,WFAgent1,MALE_YOUNG,8,8.248545459646182,8,7.349296368423593
66,WFAgent2,OLD_HIGH_INCOME,5,5.175368674395744,78,0.0
66,WFAgent3,MALE_YOUNG_LOW_INCOME,7,6.778106415362088,7,6.4306343223706435
66,WFAgent4,MALE_OLD,9,8.563012531070768,147,0.0
66,WFAgent5,FEMALE_YOUNG,8,6.478717444876096,0,0.0
67,WEAgent1,FEMALE_OLD_HIGH_INCOME,2,2.196941713762001,62,0.0
67,WFAgent6,MALE_YOUNG_HIGH_INCOME,2,1.8817459891543789,86,0.0
67,WEAgent2,OLD_LOW_INCOME,14,14.91093364680821,382,9.91137005472456
67,WFAgent7,OLD_LOW_INCOME,14,15.157428367813997,488,0.0
67,WFAgent8,YOUNG_HIGH_INCOME,3,3.2505205858797175,57,0.0
67,WEAgent0,MALE_LOW_INCOME,13,12.026791673462677,13,11.713437337401754
67,WFAgent9,MALE_OLD_LOW_INCOME,6,6.424447227823044,7,6.307235489370175
67,WFAgent11,MALE_YOUNG_LOW_INCOME,7,6.307235489370175,362,0.0
67,WFAgent0,YOUNG_LOW_INCOME,13,11.75015197554318,0,0.0
67,WFAgent10,MALE_OLD,9,8.502757454483316,0,0.0
67,WFAgent1,YOUNG_LOW_INCOME,13,13.368971272616852,373,0.0
67,WFAgent2,OLD_LOW_INCOME,14,13.383749131936867,0,0.0
67,WFAgent3,MALE_OLD_HIGH_INCOME,3,2.967850357385197,155,0.0
67,WFAgent4,YOUNG_LOW_INCOME,13,13.95788208331783,15,13.557867664088288
67,WFAgent5,FEMALE_OLD_HIGH_INCOME,2,2.1206404149446625,0,0.0
68,WEAgent1,FEMALE_OLD_LOW_INCOME,9,8.203982385689411,480,0.0
68,WFAgent6,OLD_LOW_INCOME,14,13.687263278643712,15,13.329830359114306
68,WEAgent2,YOUNG_LOW_INCOME,13,10.877905768116472,355,5.857333875139639
68,WFAgent7,OLD_HIGH_INCOME,5,5.362267656452172,81,0.0
68,WFAgent8,MALE_YOUNG_HIGH_INCOME,2,1.8725506410240338,100,0.0
68,WEAgent0,YOUNG_LOW_INCOME,13,13.959127028256926,16,13.388191714604888
68,WFAgent9,YOUNG_LOW_INCOME,13,12.817999606836187,15,12.551429732442083
68,WFAgent11,MALE_YOUNG_HIGH_INCOME,2,1.8651845840945256,0,0.0
68,WFAgent0,MALE_HIGH_INCOME,5,5.78748807872583,6,5.5955537522835765
68,WFAgent10,YOUNG_LOW_INCOME,13,11.082819413795738,368,0.0
68,WFAgent1,OLD_LOW_INCOME,14,12.441175001840021,0,0.0
68,WFAgent2,OLD_LOW_INCOME,14,12.561061480748645,324,0.0
68,WFAgent3,YOUNG_LOW_INCOME,13,13.907378131642034,16,13.640393124671677
68,WFAgent4,FEMALE_YOUNG_HIGH_INCOME,1,0.834089052363467,51,0.0
68,WFAgent5,MALE_HIGH_INCOME,5,4.868246650153438,173,0.0
69,WEAgent1,YOUNG_HIGH_INCOME,3,3.2661275483898877,46,0.0
69,WFAgent6,FEMALE_OLD,10,10.848042793630368,64,0.0
69,WEAgent2,MALE_HIGH_INCOME,5,4.894542209596026,112,0.0
69,WFAgent7,FEMALE_OLD,10,9.931352937339616,485,0.0
69,WFAgent8,FEMALE_YOUNG,8,7.952951549236123,374,0.0
69,WEAgent0,OLD_LOW_INCOME,14,12.482830031107127,385,0.0
69,WFAgent9,FEMALE_YOUNG_HIGH_INCOME,1,0.9664785433348537,1,0.7282853009187492
69,WFAgent11,OLD_HIGH_INCOME,5,4.751553443979952,0,0.0
69,WFAgent0,YOUNG_HIGH_INCOME,3,2.4558936687841495,0,0.0
69,WFAgent10,MALE_LOW_INCOME,13,12.129276721611811,371,0.0
69,WFAgent1,FEMALE_YOUNG,8,7.643826088946803,0,0.0
69,WFAgent2,FEMALE_OLD,10,8.732917307250053,0,0.0
69,WFAgent3,MALE_HIGH_INCOME,5,5.463967705094959,147,0.0
69,WFAgent4,FEMALE_HIGH_INCOME,3,2.1848559027562477,0,0.0
69,WFAgent5,OLD_LOW_INCOME,14,14.197411783854816,15,13.374460747614782
70,WEAgent1,FEMALE_YOUNG,8,6.759702195453977,8,6.189574017235911
70,WFAgent6,MALE_LOW_INCOME,13,13.577814542265884,14,13.051099083424099
70,WEAgent2,FEMALE_HIGH_INCOME,3,3.342281556080146,4,3.094787008617955
70,WFAgent7,FEMALE_OLD_LOW_INCOME,9,9.874413204436216,501,0.0
70,WFAgent8,OLD_HIGH_INCOME,5,5.135873867235324,89,0.0
70,WEAgent0,FEMALE_YOUNG,8,6.747056331391111,31,5.415877265081422
70,WFAgent9,FEMALE_LOW_INCOME,15,11.60545128231733,0,0.0
70,WFAgent11,MALE_OLD_HIGH_INCOME,3,3.207736515007527,158,0.0
70,WFAgent0,MALE_OLD,9,10.974024379956003,10,10.270985440723612
70,WFAgent10,MALE_OLD_LOW_INCOME,6,6.162591264434168,329,0.0
70,WFAgent1,MALE_LOW_INCOME,13,8.407965297365637,0,0.0
70,WFAgent2,MALE_YOUNG,8,8.508023471860852,108,0.0
70,WFAgent3,MALE_YOUNG,8,8.351448354507422,0,0.0
70,WFAgent4,YOUNG_LOW_INCOME,13,14.525318777011961,407,0.0
70,WFAgent5,MALE_OLD,9,8.389992267915492,0,0.0
71,WEAgent1,MALE_YOUNG_LOW_INCOME,7,6.643187001839323,370,0.0
71,WFAgent6,MALE_YOUNG_HIGH_INCOME,2,2.0290034103738357,2,1.787875826701975
71,WEAgent2,FEMALE_OLD_HIGH_INCOME,2,1.8258229171725864,76,0.0
71,WFAgent7,FEMALE_LOW_INCOME,15,17.956251104076117,20,17.358385910481505
71,WFAgent8,MALE_HIGH_INCOME,5,4.469689566754937,0,0.0
71,WEAgent0,MALE_HIGH_INCOME,5,4.782692069249739,101,0.0
71,WFAgent9,MALE_YOUNG_HIGH_INCOME,2,2.150892492043516,2,1.9130768276998957
71,WFAgent11,MALE_HIGH_INCOME,5,5.146203339413241,168,0.0
71,WFAgent0,OLD_LOW_INCOME,14,12.57692894630229,0,0.0
71,WFAgent10,MALE_OLD_HIGH_INCOME,3,3.51998312129423,3,2.8696152415498437
71,WFAgent1,FEMALE_LOW_INCOME,15,17.65217174577963,487,0.0
71,WFAgent2,MALE_LOW_INCOME,13,11.95741143111929,355,0.0
71,WFAgent3,FEMALE_YOUNG_LOW_INCOME,7,6.634084286293581,361,0.0
71,WFAgent4,MALE_YOUNG_LOW_INCOME,7,6.294955639140715,0,0.0
71,WFAgent5,FEMALE_YOUNG,8,6.9433543641926025,0,0.0
72,WEAgent1,MALE_YOUNG,8,9.024064704531481,101,0.0
72,WFAgent6,FEMALE_OLD_HIGH_INCOME,2,1.8122268254612826,0,0.0
72,WEAgent2,MALE_YOUNG_LOW_INCOME,7,7.746895543007299,323,5.842023043136386
72,WFAgent7,FEMALE_YOUNG_LOW_INCOME,7,6.6558456919556095,392,0.0
72,WFAgent8,MALE_OLD_HIGH_INCOME,3,3.1686028839574707,165,0.0
72,WEAgent0,MALE_OLD_LOW_INCOME,6,7.121680815362167,399,0.0
72,WFAgent9,FEMALE_OLD,10,12.538615990388866,81,0.0
72,WFAgent11,FEMALE_LOW_INCOME,15,14.895047487228641,461,0.0
72,WFAgent0,FEMALE_YOUNG_HIGH_INCOME,1,1.0133000137360548,54,0.0
72,WFAgent10,FEMALE_YOUNG_LOW_INCOME,7,6.3261096987958565,0,0.0
72,WFAgent1,MALE_OLD_LOW_INCOME,6,6.263925208854979,0,0.0
72,WFAgent2,FEMALE_LOW_INCOME,15,14.380792793701696,0,0.0
72,WFAgent3,MALE_YOUNG_LOW_INCOME,7,5.842023043136387,0,0.0
72,WFAgent4,YOUNG_LOW_INCOME,13,12.613383915213676,15,12.518620806720826
72,WFAgent5,MALE_YOUNG_LOW_INCOME,7,7.822129059647886,9,7.511172484032496
73,WEAgent1,OLD_HIGH_INCOME,5,5.5642656366570815,69,0.0
73,WFAgent6,FEMALE_YOUNG_HIGH_INCOME,1,0.9539909326431668,0,0.0
73,WEAgent2,FEMALE_YOUNG,8,8.70563499128944,50,0.0
73,WFAgent7,MALE_OLD,9,9.839964370725927,368,0.0
73,WFAgent8,OLD_HIGH_INCOME,5,5.925159392332276,6,5.602721291528214
73,WEAgent0,MALE_OLD,9,7.9486842958413675,151,0.0
73,WFAgent9,MALE_OLD_HIGH_INCOME,3,3.1176345346257945,3,2.6495614319471223
73,WFAgent11,YOUNG_LOW_INCOME,13,14.102294042816265,0,0.0
73,WFAgent0,FEMALE_OLD,10,10.484120841764513,473,0.0
73,WFAgent10,FEMALE_YOUNG_LOW_INCOME,7,8.142290807274875,396,0.0
73,WFAgent1,MALE_YOUNG_LOW_INCOME,7,7.4017708379157465,382,0.0
73,WFAgent2,MALE_YOUNG_LOW_INCOME,7,6.649983620302105,0,0.0
73,WFAgent3,FEMALE_YOUNG_HIGH_INCOME,1,1.2713912428438474,1,0.9539909326431668
73,WFAgent4,OLD_HIGH_INCOME,5,4.668934409606845,0,0.0
73,WFAgent5,YOUNG_HIGH_INCOME,3,2.8942144877643856,101,0.0
74,WEAgent1,YOUNG_LOW_INCOME,13,11.945635861969617,378,0.0
74,WFAgent6,OLD_LOW_INCOME,14,14.912649050913211,0,0.0
74,WEAgent2,FEMALE_YOUNG_LOW_INCOME,7,7.931737962242663,6,6.7986325390651405
74,WFAgent7,FEMALE_YOUNG,8,8.579630142823646,11,8.426529147657645
74,WFAgent8,FEMALE_YOUNG,8,6.128384834660106,0,0.0
74,WEAgent0,FEMALE_YOUNG_LOW_INCOME,7,8.472686720351886,8,8.422212314803682
74,WFAgent9,MALE_OLD,9,8.460301010119084,348,0.0
74,WFAgent11,FEMALE_OLD_HIGH_INCOME,2,1.9217251516602667,78,0.0
74,WFAgent0,MALE_OLD_HIGH_INCOME,3,2.9331007611124043,167,0.0
74,WFAgent10,OLD_HIGH_INCOME,5,4.771145900568535,0,0.0
74,WFAgent1,FEMALE_YOUNG_HIGH_INCOME,1,0.9189871731959129,29,0.0
74,WFAgent2,FEMALE_OLD_LOW_INCOME,9,10.050544330130256,505,0.0
74,WFAgent3,MALE_YOUNG_HIGH_INCOME,2,2.489826241447635,86,0.0
74,WFAgent4,MALE_OLD_HIGH_INCOME,3,3.0927806460041767,3,2.8626875403411214
74,WFAgent5,YOUNG_LOW_INCOME,13,13.47495790470374,381,0.0
75,WEAgent1,FEMALE_LOW_INCOME,15,15.504756848389531,412,0.0
75,WFAgent6,YOUNG_HIGH_INCOME,3,2.7411073137145463,0,0.0
75,WEAgent2,MALE_YOUNG_LOW_INCOME,7,6.910892378658251,7,6.5108965054371035
75,WFAgent7,YOUNG_LOW_INCOME,13,12.091664938668908,0,0.0
75,WFAgent8,MALE_OLD_LOW_INCOME,6,6.3090683265575915,360,0.0
75,WEAgent0,MALE_OLD_HIGH_INCOME,3,3.046491066132409,140,0.0
75,WFAgent9,FEMALE_OLD,10,10.759310277701562,10,9.966318712541147
75,WFAgent11,MALE_OLD_LOW_INCOME,6,6.366159543265649,6,5.842087591278161
75,WFAgent0,YOUNG_HIGH_INCOME,3,3.149524257908262,50,0.0
75,WFAgent10,MALE_OLD,9,10.207147224537797,10,9.30128072205301
75,WFAgent1,FEMALE_OLD_HIGH_INCOME,2,1.9932637425082294,0,0.0
75,WFAgent2,FEMALE_OLD,10,10.371873400288717,79,0.0
75,WFAgent3,MALE_LOW_INCOME,13,12.65785644776935,337,0.0
75,WFAgent4,MALE_YOUNG_HIGH_INCOME,2,2.0251049166322073,122,0.0
75,WFAgent5,MALE_OLD,9,8.749610724843345,0,0.0
76,WEAgent1,FEMALE_YOUNG,8,7.225262960897764,46,0.0
76,WFAgent6,FEMALE_LOW_INCOME,15,13.241549621680921,0,0.0
76,WEAgent2,FEMALE_OLD_HIGH_INCOME,2,2.067197379342926,2,1.8804398305840444
76,WFAgent7,MALE_OLD_HIGH_INCOME,3,2.680577082880304,0,0.0
76,WFAgent8,FEMALE_YOUNG_HIGH_INCOME,1,1.1787417662756956,1,0.9031578701122205
76,WEAgent0,OLD_LOW_INCOME,14,15.321716780293462,409,0.0
76,WFAgent9,FEMALE_HIGH_INCOME,3,2.8206597458760667,0,0.0
76,WFAgent11,FEMALE_YOUNG_LOW_INCOME,7,6.462178168210786,392,0.0
76,WFAgent0,FEMALE_YOUNG_HIGH_INCOME,1,0.8387425291773545,0,0.0
76,WFAgent10,MALE_LOW_INCOME,13,13.429869645734033,0,0.0
76,WFAgent1,MALE_HIGH_INCOME,5,5.286169984225571,166,0.0
76,WFAgent2,MALE_YOUNG_HIGH_INCOME,2,2.2322614803626344,91,0.0
76,WFAgent3,FEMALE_YOUNG_HIGH_INCOME,1,0.933304203782546,1,0.8387425291773545
76,WFAgent4,FEMALE_OLD_HIGH_INCOME,2,1.9396584537299393,77,0.0
76,WFAgent5,MALE_HIGH_INCOME,5,4.549192701274923,0,0.0
77,WEAgent1,FEMALE_YOUNG,8,7.742850369109849,47,0.0
77,WFAgent6,YOUNG_HIGH_INCOME,3,3.2372505533036353,114,0.0
77,WEAgent2,MALE_OLD,9,9.294073349680394,162,0.0
77,WFAgent7,MALE_HIGH_INCOME,5,4.918020256678774,0,0.0
77,WFAgent8,FEMALE_LOW_INCOME,15,14.041313311856145,0,0.0
77,WEAgent0,MALE_LOW_INCOME,13,15.875966853323117,363,0.0
77,WFAgent9,FEMALE_HIGH_INCOME,3,3.0655107897808516,88,0.0
77,WFAgent11,MALE_YOUNG,8,7.876708446070769,347,0.0
77,WFAgent0,YOUNG_LOW_INCOME,13,13.919648505221481,383,0.0
77,WFAgent10,YOUNG_HIGH_INCOME,3,3.273799363761936,3,2.953765667276538
77,WFAgent1,FEMALE_OLD_HIGH_INCOME,2,1.9187422221873347,0,0.0
77,WFAgent2,MALE_OLD_LOW_INCOME,6,6.93731473287293,7,6.28429744874433
77,WFAgent3,MALE_YOUNG_LOW_INCOME,7,6.284297448744331,0,0.0
77,WFAgent4,FEMALE_YOUNG_HIGH_INCOME,1,0.9860870464947472,1,0.8977567783920473
77,WFAgent5,FEMALE_YOUNG_LOW_INCOME,7,8.883753943986266,9,8.710706665248578
78,WEAgent1,MALE_OLD_HIGH_INCOME,3,2.7296988752605644,142,0.0
78,WFAgent6,FEMALE_YOUNG_LOW_INCOME,7,7.22008653024527,7,6.448272474593706
78,WEAgent2,MALE_HIGH_INCOME,5,5.714532006417144,110,0.0
78,WFAgent7,MALE_HIGH_INCOME,5,5.19200105552102,0,0.0
78,WFAgent8,FEMALE_LOW_INCOME,15,14.394526302380859,0,0.0
78,WEAgent0,FEMALE_LOW_INCOME,15,16.538650877835046,417,0.0
78,WFAgent9,FEMALE_OLD,10,9.311066304339013,0,0.0
78,WFAgent11,FEMALE_OLD,10,10.875860933402253,11,10.242172934772917
78,WFAgent0,OLD_HIGH_INCOME,5,5.835227408005377,5,5.418029570112931
78,WFAgent10,YOUNG_LOW_INCOME,13,14.359611023839555,366,0.0
78,WFAgent1,MALE_YOUNG_HIGH_INCOME,2,2.2501784530395805,2,1.8197992501737095
78,WFAgent2,FEMALE_OLD_LOW_INCOME,9,8.290636038763335,0,0.0
78,WFAgent3,FEMALE_LOW_INCOME,15,15.575110173532359,16,14.897706086942428
78,WFAgent4,FEMALE_OLD,10,10.836059140225862,56,0.0
78,WFAgent5,FEMALE_OLD_LOW_INCOME,9,8.5305200684568,471,0.0
79,WEAgent1,FEMALE_YOUNG,8,8.890206111983302,48,2.5412103470738163
79,WFAgent6,MALE_OLD_LOW_INCOME,6,6.330447321901053,7,6.206922226537152
79,WEAgent2,FEMALE_OLD_LOW_INCOME,9,8.572000713239262,449,0.0
79,WFAgent7,OLD_HIGH_INCOME,5,5.070249037474719,126,0.0
79,WFAgent8,OLD_HIGH_INCOME,5,5.1188528065825825,5,4.599488341110863
79,WEAgent0,FEMALE_HIGH_INCOME,3,3.4791599194742933,4,3.3882804627650884
79,WFAgent9,MALE_HIGH_INCOME,5,5.648499347330247,5,5.1188528065825825
79,WFAgent11,MALE_OLD,9,7.980328576976339,0,0.0
79,WFAgent0,FEMALE_OLD_LOW_INCOME,9,7.62363104122145,0,0.0
79,WFAgent10,MALE_OLD,9,8.279079013999553,341,0.0
79,WFAgent1,FEMALE_OLD,10,9.732627950671345,83,0.0
79,WFAgent2,MALE_YOUNG_HIGH_INCOME,2,2.0826959719622122,100,0.0
79,WFAgent3,FEMALE_YOUNG,8,8.593367380996641,419,0.0
79,WFAgent4,MALE_HIGH_INCOME,5,5.357171184703875,5,5.070249037474719
79,WFAgent5,MALE_OLD_LOW_INCOME,6,6.566513554939637,7,6.439283677555208
80,WEAgent1,MALE_YOUNG_LOW_INCOME,7,7.50610650817139,351,0.0
80,WFAgent6,FEMALE_OLD_LOW_INCOME,9,8.379131628513129,474,0.0
80,WEAgent2,FEMALE_YOUNG_HIGH_INCOME,1,0.9403583353172598,51,0.0
80,WFAgent7,FEMALE_OLD,10,11.751448792701849,11,11.157619168040778
80,WFAgent8,MALE_YOUNG_HIGH_INCOME,2,2.0676898485174116,0,0.0
80,WEAgent0,OLD_LOW_INCOME,14,12.970415107022502,347,0.0
80,WFAgent9,MALE_OLD_LOW_INCOME,6,6.156810643034055,7,5.989556224483378
80,WFAgent11,FEMALE_OLD,10,10.143290152764344,0,0.0
80,WFAgent0,MALE_OLD_LOW_INCOME,6,5.133905335271467,0,0.0
80,WFAgent10,MALE_YOUNG_LOW_INCOME,7,6.1113247361618885,0,0.0
80,WFAgent1,MALE_YOUNG_HIGH_INCOME,2,2.2102519568866943,105,0.0
80,WFAgent2,FEMALE_OLD_LOW_INCOME,9,10.007275691394925,10,9.264582219301786
80,WFAgent3,MALE_YOUNG_LOW_INCOME,7,6.898686395417434,7,6.1113247361618885
80,WFAgent4,FEMALE_OLD,10,10.735816538018618,77,0.0
80,WFAgent5,MALE_YOUNG_LOW_INCOME,7,6.953576438622454,7,6.1113247361618885
81,WEAgent1,FEMALE_YOUNG,8,8.58463712401275,41,1.714599371050964
81,WFAgent6,YOUNG_HIGH_INCOME,3,3.004179241453006,98,0.0
81,WEAgent2,YOUNG_HIGH_INCOME,3,3.1905049508132493,3,2.571899056576446
81,WFAgent7,FEMALE_YOUNG,8,8.43762482670601,9,7.715697169729338
81,WFAgent8,OLD_LOW_INCOME,14,13.062115450952033,0,0.0
81,WEAgent0,OLD_HIGH_INCOME,5,4.28649842762741,79,2.571899056576446
81,WFAgent9,YOUNG_HIGH_INCOME,3,2.5958835122764405,0,0.0
81,WFAgent11,MALE_OLD,9,8.506719580616643,157,0.0
81,WFAgent0,FEMALE_HIGH_INCOME,3,3.3152058778871076,3,2.571899056576446
81,WFAgent10,MALE_LOW_INCOME,13,13.451162553878747,374,0.0
81,WFAgent1,MALE_YOUNG_LOW_INCOME,7,7.051393981201073,410,0.0
81,WFAgent2,MALE_HIGH_INCOME,5,5.675890131771798,6,5.143798113152892
81,WFAgent3,MALE_YOUNG_HIGH_INCOME,2,2.0682258662327726,2,1.7305890081842936
81,WFAgent4,MALE_LOW_INCOME,13,13.574822515967004,14,13.232674903181442
81,WFAgent5,FEMALE_YOUNG_LOW_INCOME,7,7.14679582944934,360,0.0
82,WEAgent1,FEMALE_OLD_LOW_INCOME,9,8.097276215117374,466,0.0
82,WFAgent6,FEMALE_YOUNG,8,9.296835269760656,57,0.0
82,WEAgent2,FEMALE_LOW_INCOME,15,14.897243947027107,393,0.0
82,WFAgent7,MALE_YOUNG,8,7.951385102712129,120,0.0
82,WFAgent8,MALE_YOUNG_LOW_INCOME,7,6.938369920697323,346,0.0
82,WEAgent0,OLD_LOW_INCOME,14,14.767346368710704,325,0.0
82,WFAgent9,FEMALE_LOW_INCOME,15,15.204357008740928,16,14.395157715764215
82,WFAgent11,FEMALE_YOUNG_HIGH_INCOME,1,1.0085851619126454,0,0.0
82,WFAgent0,FEMALE_OLD_LOW_INCOME,9,9.833868170913284,10,8.996973572352635
82,WFAgent10,MALE_YOUNG_LOW_INCOME,7,7.912366804996654,8,7.605287712282932
82,WFAgent1,MALE_LOW_INCOME,13,11.76401472710918,0,0.0
82,WFAgent2,MALE_OLD_HIGH_INCOME,3,3.1314798410935434,156,0.0
82,WFAgent3,MALE_LOW_INCOME,13,12.358592532459767,13,11.696065644058425
82,WFAgent4,FEMALE_OLD_HIGH_INCOME,2,1.8021449320566687,0,0.0
82,WFAgent5,OLD_HIGH_INCOME,5,5.593930999099186,90,0.0
83,WEAgent1,MALE_OLD,9,9.966267216060055,139,0.0
83,WFAgent6,FEMALE_OLD_LOW_INCOME,9,8.297748196003901,433,0.0
83,WEAgent2,FEMALE_OLD_LOW_INCOME,9,8.563156437037387,9,8.095234662203806
83,WFAgent7,FEMALE_LOW_INCOME,15,13.492057770339677,0,0.0
83,WFAgent8,OLD_HIGH_INCOME,5,4.4437679886805235,0,0.0
83,WEAgent0,FEMALE_YOUNG_LOW_INCOME,7,7.026417197980952,443,0.0
83,WFAgent9,MALE_HIGH_INCOME,5,5.062166597884085,92,0.0
83,WFAgent11,OLD_LOW_INCOME,14,13.584828267517949,307,0.0
83,WFAgent0,FEMALE_OLD_HIGH_INCOME,2,1.8244541352686123,95,0.0
83,WFAgent10,FEMALE_OLD,10,11.125510653509139,12,10.665043172833258
83,WFAgent1,MALE_LOW_INCOME,13,13.064153597098523,0,0.0
83,WFAgent2,MALE_YOUNG,8,9.170103657229022,402,0.0
83,WFAgent3,FEMALE_YOUNG_HIGH_INCOME,1,1.0141630997749844,53,0.0
83,WFAgent4,FEMALE_HIGH_INCOME,3,2.997343019626384,0,0.0
83,WFAgent5,OLD_LOW_INCOME,14,14.281181256408464,15,13.82958032667317
84,WEAgent1,FEMALE_YOUNG_LOW_INCOME,7,7.815579158062676,380,0.0
84,WFAgent6,MALE_OLD_LOW_INCOME,6,6.383687452245472,7,5.880761303480759
84,WEAgent2,FEMALE_OLD,10,10.61224671072838,76,0.0
84,WFAgent7,OLD_LOW_INCOME,14,11.935107265671558,478,0.0
84,WFAgent8,FEMALE_LOW_INCOME,15,12.074229014149848,0,0.0
84,WEAgent0,MALE_OLD_LOW_INCOME,6,5.55838170612896,342,0.0
84,WFAgent9,FEMALE_OLD_HIGH_INCOME,2,1.8219760578293722,0,0.0
84,WFAgent11,MALE_OLD_LOW_INCOME,6,6.697336843099064,6,5.820697210919853
84,WFAgent0,MALE_OLD_LOW_INCOME,6,5.040652545840651,0,0.0
84,WFAgent10,MALE_OLD,9,10.358458168010445,172,0.0
84,WFAgent1,MALE_YOUNG_LOW_INCOME,7,6.957247096711902,354,0.0
84,WFAgent2,FEMALE_YOUNG,8,7.189080642976018,43,0.0
84,WFAgent3,FEMALE_OLD_LOW_INCOME,9,9.720018084961639,12,9.659383211319879
84,WFAgent4,MALE_OLD,9,8.73104581637978,0,0.0
84,WFAgent5,FEMALE_LOW_INCOME,15,16.431356676195442,20,16.098972018866466
85,WEAgent1,FEMALE_YOUNG_HIGH_INCOME,1,0.9893163142750732,59,0.0
85,WFAgent6,FEMALE_YOUNG_LOW_INCOME,7,6.576313075282185,0,0.0
85,WEAgent2,OLD_LOW_INCOME,14,12.668077547051,326,0.0
85,WFAgent7,FEMALE_OLD,10,8.999511927978551,0,0.0
85,WFAgent8,FEMALE_YOUNG,8,8.305490225147357,352,0.0
85,WEAgent0,MALE_OLD_HIGH_INCOME,3,2.6336106145022717,170,0.0
85,WFAgent9,FEMALE_OLD,10,10.268198324497376,499,0.0
85,WFAgent11,FEMALE_OLD_HIGH_INCOME,2,2.3372970337701733,2,1.9054608784323044
85,WFAgent0,YOUNG_HIGH_INCOME,3,2.7726432901084976,117,0.0
85,WFAgent10,FEMALE_YOUNG_LOW_INCOME,7,7.749826102230853,8,7.5157863717510685
85,WFAgent1,FEMALE_OLD,10,9.421892280566922,92,0.0
85,WFAgent2,FEMALE_OLD_HIGH_INCOME,2,2.0175251601643995,2,1.8843784561133845
85,WFAgent3,MALE_OLD_LOW_INCOME,6,5.151848398371195,0,0.0
85,WFAgent4,FEMALE_OLD_HIGH_INCOME,2,1.9054608784323044,2,1.7999023855957101
85,WFAgent5,MALE_YOUNG_LOW_INCOME,7,7.986773039057177,371,0.0
86,WEAgent1,MALE_YOUNG_HIGH_INCOME,2,1.61283356254421,111,0.0
86,WFAgent6,OLD_LOW_INCOME,14,14.267346742651599,15,14.256189356154517
86,WEAgent2,FEMALE_OLD_LOW_INCOME,9,7.699836728472219,433,0.0
86,WFAgent7,YOUNG_LOW_INCOME,13,14.51994320721582,370,0.0
86,WFAgent8,FEMALE_YOUNG,8,8.245929452110175,42,0.0
86,WEAgent0,FEMALE_OLD,10,10.754220349456752,65,0.0
86,WFAgent9,MALE_OLD_LOW_INCOME,6,6.039707609770527,0,0.0
86,WFAgent11,FEMALE_LOW_INCOME,15,14.788089100815204,406,0.0
86,WFAgent0,MALE_OLD_HIGH_INCOME,3,3.127203630660703,186,0.0
86,WFAgent10,MALE_HIGH_INCOME,5,4.949149660497089,0,0.0
86,WFAgent1,FEMALE_OLD,10,9.763970940520027,10,9.028121552550347
86,WFAgent2,OLD_LOW_INCOME,14,17.024451048711377,353,0.0
86,WFAgent3,FEMALE_HIGH_INCOME,3,2.8570942561076857,0,0.0
86,WFAgent4,FEMALE_OLD_LOW_INCOME,9,8.55371361369271,9,7.699836728472219
86,WFAgent5,FEMALE_LOW_INCOME,15,13.542182328825525,0,0.0
87,WEAgent1,MALE_LOW_INCOME,13,15.115504050822889,336,0.0
87,WFAgent6,FEMALE_HIGH_INCOME,3,2.782747302261582,89,0.0
87,WEAgent2,MALE_OLD,9,10.131240094815839,155,0.0
87,WFAgent7,MALE_YOUNG_HIGH_INCOME,2,2.438033738921188,2,1.917350183865354
87,WFAgent8,OLD_LOW_INCOME,14,14.362534352575008,472,0.0
87,WEAgent0,MALE_YOUNG_HIGH_INCOME,2,1.917350183865354,118,0.0
87,WFAgent9,FEMALE_YOUNG_LOW_INCOME,7,6.541832393856954,0,0.0
87,WFAgent11,YOUNG_LOW_INCOME,13,12.492923399303015,364,0.0
87,WFAgent0,MALE_OLD_LOW_INCOME,6,5.286207685613093,0,0.0
87,WFAgent10,FEMALE_YOUNG_HIGH_INCOME,1,1.2464718066086482,1,0.927582434087194
87,WFAgent1,FEMALE_YOUNG_HIGH_INCOME,1,0.9257365427964114,0,0.0
87,WFAgent2,MALE_HIGH_INCOME,5,5.5106855802283095,0,0.0
87,WFAgent3,YOUNG_HIGH_INCOME,3,3.0001321543604047,51,0.0
87,WFAgent4,MALE_YOUNG,8,7.868107291116185,8,7.04827691415079
87,WFAgent5,YOUNG_LOW_INCOME,13,12.990263578857519,404,0.0
88,WEAgent1,MALE_OLD_HIGH_INCOME,3,2.606776475851592,3,2.606776475851592
88,WFAgent6,MALE_YOUNG_HIGH_INCOME,2,1.845960245957158,2,1.7379906476712843
88,WEAgent2,YOUNG_LOW_INCOME,13,11.848242368476692,13,11.84824236847669
88,WFAgent7,YOUNG_HIGH_INCOME,3,2.8843546505701423,3,2.6069859715069263
88,WFAgent8,MALE_HIGH_INCOME,5,4.61081910044173,5,3.9762955630739274
88,WEAgent0,MALE_YOUNG,8,6.3620729009182835,97,0.0
88,WFAgent9,YOUNG_LOW_INCOME,13,12.81488273827214,367,0.0
88,WFAgent11,YOUNG_HIGH_INCOME,3,2.6069859715069263,0,0.0
88,WFAgent0,YOUNG_HIGH_INCOME,3,3.3784406656124215,3,2.8843546505701423
88,WFAgent10,MALE_YOUNG,8,7.404012790963218,377,0.0
88,WFAgent1,FEMALE_HIGH_INCOME,3,3.4506008585213754,89,0.0
88,WFAgent2,FEMALE_YOUNG_HIGH_INCOME,1,0.9245725042720875,50,0.0
88,WFAgent3,MALE_OLD_HIGH_INCOME,3,2.706465240277851,151,2.606776475851592
88,WFAgent4,FEMALE_YOUNG,8,8.070517751788788,8,7.3965800341767
88,WFAgent5,MALE_HIGH_INCOME,5,5.153058564586283,5,4.344627459752653
89,WEAgent1,FEMALE_YOUNG_HIGH_INCOME,1,1.1346243880824989,55,0.0
89,WFAgent6,MALE_YOUNG_LOW_INCOME,7,7.531971263825289,8,7.431143102219876
89,WEAgent2,YOUNG_LOW_INCOME,13,13.241855042133544,364,0.0
89,WFAgent7,MALE_OLD_HIGH_INCOME,3,2.935781006590305,3,2.601158340837885
89,WFAgent8,YOUNG_LOW_INCOME,13,12.444412173219702,0,0.0
89,WEAgent0,MALE_HIGH_INCOME,5,4.335263901396475,100,0.0
89,WFAgent9,FEMALE_YOUNG,8,8.105384354571044,9,7.922176294864392
89,WFAgent11,OLD_HIGH_INCOME,5,5.675879857629749,83,0.0
89,WFAgent0,YOUNG_LOW_INCOME,13,14.638191530096478,14,14.260459276143814
89,WFAgent10,MALE_LOW_INCOME,13,12.075607541107294,0,0.0
89,WFAgent1,MALE_OLD,9,8.402926553700478,175,0.0
89,WFAgent2,MALE_OLD,9,9.56193750827284,353,0.0
89,WFAgent3,FEMALE_YOUNG_HIGH_INCOME,1,0.880241810540488,0,0.0
89,WFAgent4,YOUNG_LOW_INCOME,13,13.261725430248013,372,0.0
89,WFAgent5,FEMALE_HIGH_INCOME,3,2.6440395019076046,0,0.0
90,WEAgent1,MALE_OLD,9,9.98197050511723,141,0.0
90,WFAgent6,FEMALE_YOUNG_LOW_INCOME,7,6.253460624938381,385,0.0
90,WEAgent2,MALE_HIGH_INCOME,5,4.901059321472261,84,0.0
90,WFAgent7,FEMALE_YOUNG_HIGH_INCOME,1,1.0347058935909188,58,0.0
90,WFAgent8,FEMALE_YOUNG_HIGH_INCOME,1,0.944080111401237,0,0.0
90,WEAgent0,MALE_LOW_INCOME,13,13.40834736252471,347,0.0
90,WFAgent9,FEMALE_OLD,10,10.141569572759726,485,0.0
90,WFAgent11,MALE_LOW_INCOME,13,12.60170922443955,15,12.285756515135535
90,WFAgent0,MALE_YOUNG_LOW_INCOME,7,6.434220854241279,374,0.0
90,WFAgent10,FEMALE_OLD_HIGH_INCOME,2,1.8952869434697521,72,0.0
90,WFAgent1,MALE_YOUNG_LOW_INCOME,7,7.287771223435021,8,6.552403474738952
90,WFAgent2,FEMALE_LOW_INCOME,15,15.5736096529713,19,15.561958252505011
90,WFAgent3,MALE_OLD_LOW_INCOME,6,5.155683559958695,0,0.0
90,WFAgent4,YOUNG_LOW_INCOME,13,10.647655646450797,0,0.0
90,WFAgent5,MALE_OLD,9,10.566320032002467,12,10.31136711991739
91,WEAgent1,MALE_HIGH_INCOME,5,5.909097356330082,6,5.33464081567023
91,WFAgent6,FEMALE_OLD_HIGH_INCOME,2,1.8708943132049154,77,0.0
91,WEAgent2,YOUNG_HIGH_INCOME,3,3.042703704065288,30,0.0
91,WFAgent7,FEMALE_HIGH_INCOME,3,3.3239779446200184,3,2.779790771079112
91,WFAgent8,FEMALE_YOUNG_HIGH_INCOME,1,1.1445473542320153,1,0.9265969236930373
91,WEAgent0,MALE_HIGH_INCOME,5,4.746710578632165,97,4.445534013058525
91,WFAgent9,MALE_LOW_INCOME,13,11.6936735425487,373,0.0
91,WFAgent11,OLD_HIGH_INCOME,5,4.149744291716282,154,0.0
91,WFAgent0,MALE_YOUNG_LOW_INCOME,7,7.514449248280301,400,0.0
91,WFAgent10,FEMALE_HIGH_INCOME,3,3.472780136936439,3,2.9702527844333835
91,WFAgent1,FEMALE_OLD,10,7.990199537359041,0,0.0
91,WFAgent2,FEMALE_OLD,10,9.900842614777945,460,0.0
91,WFAgent3,FEMALE_HIGH_INCOME,3,2.943595950157408,3,2.3970598612077127
91,WFAgent4,MALE_YOUNG_HIGH_INCOME,2,1.77821360522341,0,0.0
91,WFAgent5,FEMALE_HIGH_INCOME,3,2.779790771079112,0,0.0
92,WEAgent1,FEMALE_LOW_INCOME,15,14.855195390205235,387,0.0
92,WFAgent6,MALE_OLD_LOW_INCOME,6,5.13220911142592,0,0.0
92,WEAgent2,FEMALE_YOUNG_HIGH_INCOME,1,1.0366205425756876,57,0.0
92,WFAgent7,FEMALE_YOUNG,8,8.295835296123562,8,7.922770874776126
92,WFAgent8,MALE_HIGH_INCOME,5,4.202482894035322,0,0.0
92,WEAgent0,OLD_LOW_INCOME,14,12.539500948200295,335,0.0
92,WFAgent9,MALE_OLD_LOW_INCOME,6,6.174360369504593,7,5.987577296663573
92,WFAgent11,FEMALE_LOW_INCOME,15,16.035142402058053,16,15.845541749552247
92,WFAgent0,MALE_HIGH_INCOME,5,4.375117615885207,137,0.0
92,WFAgent10,FEMALE_HIGH_INCOME,3,2.292149130249199,0,0.0
92,WFAgent1,OLD_HIGH_INCOME,5,5.023627782455232,77,0.0
92,WFAgent2,FEMALE_LOW_INCOME,15,15.177505430607257,504,0.0
92,WFAgent3,YOUNG_LOW_INCOME,13,12.27436227515636,0,0.0
92,WFAgent4,FEMALE_YOUNG_HIGH_INCOME,1,0.9744714390307324,1,0.7640497100830663
92,WFAgent5,FEMALE_YOUNG_LOW_INCOME,7,7.018721403937336,7,6.6092719943149625
93,WEAgent1,MALE_LOW_INCOME,13,12.875946216823726,370,0.0
93,WFAgent6,FEMALE_LOW_INCOME,15,16.222436220290376,422,0.0
93,WEAgent2,YOUNG_LOW_INCOME,13,12.479951912613606,16,12.08024770567865
93,WFAgent7,FEMALE_HIGH_INCOME,3,2.791928836610565,0,0.0
93,WFAgent8,FEMALE_OLD_HIGH_INCOME,2,1.8959323271900639,90,0.0
93,WEAgent0,FEMALE_OLD_HIGH_INCOME,2,1.9812810795205167,2,1.8612858910737098
93,WFAgent9,FEMALE_OLD_LOW_INCOME,9,9.362710697276851,454,0.0
93,WFAgent11,MALE_YOUNG_LOW_INCOME,7,7.841492404724841,8,7.7198158499251965
93,WFAgent0,FEMALE_OLD_LOW_INCOME,9,8.523143583496564,0,0.0
93,WFAgent10,MALE_YOUNG_LOW_INCOME,7,6.888426914023393,8,6.437009594570354
93,WFAgent1,FEMALE_YOUNG_HIGH_INCOME,1,1.1189731844780724,1,0.9306429455368549
93,WFAgent2,FEMALE_YOUNG,8,8.751307243440836,65,0.0
93,WFAgent3,MALE_LOW_INCOME,13,9.815201260863901,0,0.0
93,WFAgent4,MALE_YOUNG,8,7.719815849925196,81,0.0
93,WFAgent5,MALE_YOUNG_LOW_INCOME,7,5.632383395249059,316,0.0
94,WEAgent1,OLD_LOW_INCOME,14,13.696854212561856,365,0.0
94,WFAgent6,FEMALE_OLD,10,8.384717426046322,0,0.0
94,WEAgent2,MALE_YOUNG,8,7.0385611408118365,104,0.0
94,WFAgent7,FEMALE_HIGH_INCOME,3,3.448266051725777,4,3.353886970418529
94,WFAgent8,FEMALE_YOUNG,8,8.029253761344378,42,0.0
94,WEAgent0,FEMALE_OLD,10,9.599227675770194,78,0.0
94,WFAgent9,YOUNG_LOW_INCOME,13,13.01171166776311,0,0.0
94,WFAgent11,FEMALE_OLD_LOW_INCOME,9,9.04082176218461,472,0.0
94,WFAgent0,MALE_HIGH_INCOME,5,5.84813708226831,148,0.0
94,WFAgent10,YOUNG_HIGH_INCOME,3,3.152668073500242,3,2.6168838126910776
94,WFAgent1,FEMALE_LOW_INCOME,15,16.81048900159054,401,0.0
94,WFAgent2,MALE_OLD_LOW_INCOME,6,5.228232613294271,0,0.0
94,WFAgent3,MALE_YOUNG_LOW_INCOME,7,6.442808578989936,373,0.0
94,WFAgent4,FEMALE_OLD_LOW_INCOME,9,9.877241495566581,10,9.783467294687041
94,WFAgent5,MALE_YOUNG_LOW_INCOME,7,6.106062229612514,0,0.0
95,WEAgent1,MALE_YOUNG_HIGH_INCOME,2,2.0804741665435507,2,1.8386580551262306
95,WFAgent6,YOUNG_HIGH_INCOME,3,3.1311027643464273,46,0.0
95,WEAgent2,MALE_YOUNG_HIGH_INCOME,2,1.8969334083801888,106,0.0
95,WFAgent7,MALE_YOUNG_LOW_INCOME,7,7.632885772857605,0,0.0
95,WFAgent8,OLD_HIGH_INCOME,5,5.222407479073264,5,4.858732093207545
95,WEAgent0,MALE_OLD_HIGH_INCOME,3,2.915239255924527,162,0.0
95,WFAgent9,OLD_HIGH_INCOME,5,5.044460795966649,81,0.0
95,WFAgent11,MALE_OLD_HIGH_INCOME,3,3.492063596146418,3,3.026676477579989
95,WFAgent0,MALE_YOUNG_LOW_INCOME,7,7.642729340098451,339,0.0
95,WFAgent10,MALE_HIGH_INCOME,5,5.323918223782508,5,4.596645137815576
95,WFAgent1,MALE_OLD_HIGH_INCOME,3,2.757987082689346,0,0.0
95,WFAgent2,FEMALE_YOUNG_LOW_INCOME,7,7.521598687999501,395,0.0
95,WFAgent3,MALE_OLD_HIGH_INCOME,3,2.953146837073073,3,2.757987082689346
95,WFAgent4,FEMALE_YOUNG,8,7.870248487362802,0,0.0
95,WFAgent5,FEMALE_OLD_LOW_INCOME,9,7.7725059097762585,486,0.0
96,WEAgent1,MALE_OLD_LOW_INCOME,6,6.345968760187744,6,5.603040643335885
96,WFAgent6,MALE_OLD_LOW_INCOME,6,6.059864502803848,6,5.819732302755946
96,WEAgent2,MALE_YOUNG_HIGH_INCOME,2,1.5606363255284306,89,0.0
96,WFAgent7,OLD_LOW_INCOME,14,13.579375373097205,0,0.0
96,WFAgent8,FEMALE_OLD_HIGH_INCOME,2,2.17731195352329,86,0.0
96,WEAgent0,OLD_LOW_INCOME,14,14.139974686349767,338,5.603040643335885
96,WFAgent9,MALE_OLD_LOW_INCOME,6,5.937143727447066,6,5.603040643335885
96,WFAgent11,FEMALE_OLD_LOW_INCOME,9,8.920255273894213,500,0.0
96,WFAgent0,FEMALE_YOUNG_HIGH_INCOME,1,1.097179693356457,47,0.0
96,WFAgent10,FEMALE_YOUNG,8,6.28413792544442,381,0.0
96,WFAgent1,MALE_OLD_HIGH_INCOME,3,2.7593417194012066,140,0.0
96,WFAgent2,MALE_OLD_HIGH_INCOME,3,2.7497265626905194,0,0.0
96,WFAgent3,MALE_OLD,9,9.238345489545729,10,9.1657552089684
96,WFAgent4,FEMALE_OLD_LOW_INCOME,9,8.404560965003828,0,0.0
96,WFAgent5,MALE_YOUNG_LOW_INCOME,7,7.009551480759699,391,0.0
97,WEAgent1,MALE_OLD_HIGH_INCOME,3,2.7857809819786654,146,0.0
97,WFAgent6,FEMALE_HIGH_INCOME,3,3.7085066660673993,3,3.018663004131982
97,WEAgent2,MALE_YOUNG,8,8.280466925578605,104,1.8009061400869926
97,WFAgent7,MALE_YOUNG_LOW_INCOME,7,7.428811655303076,8,7.203624560347969
97,WFAgent8,FEMALE_OLD_HIGH_INCOME,2,2.0671842312949718,2,1.9085729801460072
97,WEAgent0,FEMALE_YOUNG_HIGH_INCOME,1,1.0967344527181033,55,0.0
97,WFAgent9,MALE_YOUNG,8,7.20362456034797,0,0.0
97,WFAgent11,FEMALE_OLD,10,10.369954102514903,474,0.0
97,WFAgent0,MALE_YOUNG_LOW_INCOME,7,6.848242780721354,377,0.0
97,WFAgent10,FEMALE_OLD_HIGH_INCOME,2,2.012442002754655,78,0.0
97,WFAgent1,FEMALE_OLD,10,9.542864900730036,0,0.0
97,WFAgent2,MALE_OLD_LOW_INCOME,6,5.967739971597976,359,0.0
97,WFAgent3,MALE_YOUNG_HIGH_INCOME,2,2.128324673365727,2,1.8009061400869926
97,WFAgent4,MALE_YOUNG_HIGH_INCOME,2,2.0210966109567776,2,1.8009061400869926
97,WFAgent5,FEMALE_OLD_LOW_INCOME,9,7.678174080929509,0,0.0
98,WEAgent1,FEMALE_HIGH_INCOME,3,3.2462623349720108,48,0.0
98,WFAgent6,FEMALE_YOUNG_HIGH_INCOME,1,0.9692223033661176,1,0.7636199316555935
98,WEAgent2,OLD_LOW_INCOME,14,10.69067904317831,339,0.0
98,WFAgent7,FEMALE_HIGH_INCOME,3,3.115777355616671,3,2.907666910098353
98,WFAgent8,OLD_HIGH_INCOME,5,5.033851677936324,0,0.0
98,WEAgent0,OLD_HIGH_INCOME,5,5.734612560028918,72,0.0
98,WFAgent9,MALE_OLD_HIGH_INCOME,3,3.241385529305645,165,0.0
98,WFAgent11,MALE_OLD,9,7.887582440895196,10,7.6361993165559365
98,WFAgent0,MALE_OLD_LOW_INCOME,6,6.458198091513751,7,5.791415517270196
98,WFAgent10,MALE_LOW_INCOME,13,12.668888420181704,0,0.0
98,WFAgent1,FEMALE_YOUNG_HIGH_INCOME,1,1.0116418449637208,1,0.9550424294916241
98,WFAgent2,YOUNG_HIGH_INCOME,3,2.865127288474872,114,0.0
98,WFAgent3,MALE_OLD,9,7.446105665061681,0,0.0
98,WFAgent4,MALE_YOUNG_LOW_INCOME,7,7.001205246197726,371,0.0
98,WFAgent5,FEMALE_OLD,10,10.131266392057741,492,0.0
99,WEAgent1,FEMALE_YOUNG,8,7.221497889559631,40,0.0
99,WFAgent6,FEMALE_OLD_LOW_INCOME,9,10.032914573900667,480,0.0
99,WEAgent2,FEMALE_YOUNG_HIGH_INCOME,1,1.005780284992649,1,0.7793218193248421
99,WFAgent7,YOUNG_LOW_INCOME,13,14.35931858602565,15,13.540308542924306
99,WFAgent8,MALE_HIGH_INCOME,5,3.89660909662421,0,0.0
99,WEAgent0,MALE_YOUNG_LOW_INCOME,7,6.8955168152477615,346,0.0
99,WFAgent9,YOUNG_HIGH_INCOME,3,3.399824030548357,3,2.824066541003951
99,WFAgent11,MALE_YOUNG,8,7.1359717723134235,0,0.0
99,WFAgent0,YOUNG_LOW_INCOME,13,13.778398345513994,387,0.0
99,WFAgent10,YOUNG_HIGH_INCOME,3,3.2917011256647135,4,3.1172872772993685
99,WFAgent1,MALE_OLD_HIGH_INCOME,3,3.4495945416303897,172,0.0
99,WFAgent2,MALE_YOUNG,8,8.105845086459667,9,8.027968243852602
99,WFAgent3,MALE_YOUNG_HIGH_INCOME,2,1.8827110273359675,93,0.0
99,WFAgent4,MALE_OLD_HIGH_INCOME,3,3.565447577191331,3,3.2374863417747006
99,WFAgent5,MALE_OLD,9,9.712459025324101,372,0.0

