0,WFAgent6,MALE_OLD_HIGH_INCOME,61,69.71220738196071,71,69.58000000000017
0,WFAgent7,OLD_HIGH_INCOME,92,81.18231969706626,0,0.0
0,WFAgent0,FEMALE_YOUNG_HIGH_INCOME,20,18.93796802864966,0,0.0
0,WFAgent1,MALE_YOUNG,177,203.89725762151954,208,203.8399999999996
0,WFAgent2,MALE_LOW_INCOME,273,243.74706928810693,0,0.0
0,WFAgent3,FEMALE_OLD_LOW_INCOME,181,185.5398571852551,189,185.2199999999998
0,WFAgent4,MALE_LOW_INCOME,273,286.632766678209,193,189.13999999999976
0,WFAgent5,MALE_OLD,196,203.44990810166874,207,202.85999999999962
1,WFAgent6,FEMALE_YOUNG,168,169.71041862515963,173,169.53999999999996
1,WFAgent7,MALE_HIGH_INCOME,100,85.26349473132171,0,0.0
1,WFAgent0,MALE_HIGH_INCOME,100,100.71305043185774,102,99.96000000000029
1,WFAgent1,MALE_YOUNG_HIGH_INCOME,39,37.41553304545433,0,0.0
1,WFAgent2,FEMALE_YOUNG,168,174.40083506790617,177,173.45999999999992
1,WFAgent3,FEMALE_OLD_HIGH_INCOME,31,29.627717753047047,0,0.0
1,WFAgent4,YOUNG_LOW_INCOME,287,278.9763297455062,0,0.0
1,WFAgent5,MALE_YOUNG,177,202.33779066528993,206,201.87999999999963
2,WFAgent6,YOUNG_HIGH_INCOME,59,62.533312942389074,63,61.74000000000014
2,WFAgent7,FEMALE_HIGH_INCOME,50,54.98794324807826,56,54.88000000000011
2,WFAgent0,YOUNG_LOW_INCOME,287,325.14464053638295,331,324.38000000000034
2,WFAgent1,MALE_OLD_LOW_INCOME,135,134.93620165043984,137,134.26000000000033
2,WFAgent2,OLD_HIGH_INCOME,92,88.94912769137034,0,0.0
2,WFAgent3,FEMALE_YOUNG_LOW_INCOME,149,145.99524971128398,0,0.0
2,WFAgent4,MALE_OLD_LOW_INCOME,135,133.5004858177125,136,133.28000000000034
2,WFAgent5,MALE_OLD_HIGH_INCOME,61,54.359877173148796,0,0.0
3,WFAgent6,FEMALE_HIGH_INCOME,50,45.9006720936012,0,0.0
3,WFAgent7,OLD_LOW_INCOME,315,337.5849531484159,344,337.1200000000006
3,WFAgent0,FEMALE_HIGH_INCOME,50,55.151092355901255,56,54.88000000000011
3,WFAgent1,FEMALE_YOUNG_HIGH_INCOME,20,20.27511698405554,20,19.600000000000012
3,WFAgent2,MALE_OLD_LOW_INCOME,135,151.75012887329027,154,150.92000000000016
3,WFAgent3,FEMALE_YOUNG_HIGH_INCOME,20,21.465662356139962,21,20.580000000000013
3,WFAgent4,FEMALE_OLD_HIGH_INCOME,31,27.24779688604044,0,0.0
3,WFAgent5,FEMALE_LOW_INCOME,329,317.38863627195315,0,0.0
4,WFAgent6,OLD_HIGH_INCOME,92,93.64034143292395,95,93.10000000000026
4,WFAgent7,OLD_HIGH_INCOME,92,85.85630562903117,0,0.0
4,WFAgent0,MALE_YOUNG_HIGH_INCOME,39,35.6865556223142,0,0.0
4,WFAgent1,MALE_YOUNG_HIGH_INCOME,39,39.740947481823824,40,39.200000000000045
4,WFAgent2,FEMALE_YOUNG_HIGH_INCOME,20,18.381035028629974,0,0.0
4,WFAgent3,OLD_HIGH_INCOME,92,92.62531817237837,87,85.26000000000023
4,WFAgent4,MALE_OLD_HIGH_INCOME,61,57.23666669122912,0,0.0
4,WFAgent5,FEMALE_HIGH_INCOME,50,44.39225898315246,0,0.0
5,WFAgent6,OLD_HIGH_INCOME,92,89.16883531521886,0,0.0
5,WFAgent7,MALE_YOUNG_LOW_INCOME,138,161.62818172173235,164,160.72000000000006
5,WFAgent0,MALE_LOW_INCOME,273,277.3985685371927,283,277.33999999999946
5,WFAgent1,FEMALE_LOW_INCOME,329,335.4998184630256,342,335.16000000000054
5,WFAgent2,FEMALE_YOUNG_LOW_INCOME,149,150.5723835859278,153,149.94000000000017
5,WFAgent3,MALE_YOUNG_HIGH_INCOME,39,36.253143175004155,0,0.0
5,WFAgent4,FEMALE_LOW_INCOME,329,296.64293440237356,0,0.0
5,WFAgent5,YOUNG_HIGH_INCOME,59,53.32520386369124,0,0.0
6,WFAgent6,MALE_YOUNG_LOW_INCOME,138,148.86075265246768,151,147.9800000000002
6,WFAgent7,FEMALE_YOUNG_HIGH_INCOME,20,19.851489129181143,20,19.600000000000012
6,WFAgent0,OLD_HIGH_INCOME,92,97.83185200388621,99,97.02000000000028
6,WFAgent1,MALE_OLD,196,185.6334017758619,0,0.0
6,WFAgent2,OLD_HIGH_INCOME,92,86.61829139104496,0,0.0
6,WFAgent3,MALE_OLD_LOW_INCOME,135,154.67881704493803,157,153.86000000000013
6,WFAgent4,FEMALE_LOW_INCOME,329,328.48597163171655,335,328.3000000000004
6,WFAgent5,MALE_YOUNG,177,194.01245871865228,197,193.05999999999972
7,WFAgent6,MALE_OLD_LOW_INCOME,135,134.4404256493293,137,134.26000000000033
7,WFAgent7,FEMALE_YOUNG_LOW_INCOME,149,163.54074436178104,166,162.68000000000004
7,WFAgent0,MALE_YOUNG,177,168.04799257486636,0,0.0
7,WFAgent1,MALE_OLD_LOW_INCOME,135,138.31827070524886,141,138.1800000000003
7,WFAgent2,MALE_HIGH_INCOME,100,103.46871976862201,105,102.9000000000003
7,WFAgent3,YOUNG_LOW_INCOME,287,253.39697664084525,0,0.0
7,WFAgent4,FEMALE_HIGH_INCOME,50,57.913983241835766,59,57.82000000000012
7,WFAgent5,FEMALE_HIGH_INCOME,50,50.7063826331523,51,49.98000000000009
8,WFAgent6,OLD_LOW_INCOME,315,313.3221887394713,225,220.49999999999943
8,WFAgent7,FEMALE_OLD,211,197.33594668674917,0,0.0
8,WFAgent0,FEMALE_YOUNG,168,149.4931970535527,0,0.0
8,WFAgent1,FEMALE_HIGH_INCOME,50,52.889509964238634,53,51.9400000000001
8,WFAgent2,MALE_OLD_HIGH_INCOME,61,59.43664888455279,0,0.0
8,WFAgent3,MALE_OLD,196,200.80585696135242,204,199.91999999999965
8,WFAgent4,MALE_HIGH_INCOME,100,108.80624127163625,94,92.12000000000026
8,WFAgent5,MALE_YOUNG,177,170.62999887413392,0,0.0
9,WFAgent6,MALE_YOUNG_LOW_INCOME,138,139.56323479447212,142,139.16000000000028
9,WFAgent7,YOUNG_HIGH_INCOME,59,54.17276763805269,0,0.0
9,WFAgent0,MALE_YOUNG_LOW_INCOME,138,131.667935228276,0,0.0
9,WFAgent1,YOUNG_HIGH_INCOME,59,48.21530756740968,0,0.0
9,WFAgent2,MALE_YOUNG_HIGH_INCOME,39,45.7885510356528,46,45.08000000000007
9,WFAgent3,FEMALE_OLD_LOW_INCOME,181,180.94859880840278,184,180.31999999999985
9,WFAgent4,FEMALE_YOUNG,168,170.4544168124175,173,169.53999999999996
9,WFAgent5,FEMALE_OLD,211,189.37041079132467,0,0.0
10,WFAgent6,MALE_OLD_HIGH_INCOME,61,69.5037389843778,70,68.60000000000016
10,WFAgent7,MALE_HIGH_INCOME,100,89.7780111935562,0,0.0
10,WFAgent0,MALE_HIGH_INCOME,100,94.61269182395621,0,0.0
10,WFAgent1,FEMALE_OLD_LOW_INCOME,181,205.31240040676897,209,204.8199999999996
10,WFAgent2,FEMALE_OLD,211,194.08329753362875,0,0.0
10,WFAgent3,OLD_HIGH_INCOME,92,85.1289112503595,0,0.0
10,WFAgent4,MALE_YOUNG_LOW_INCOME,138,117.9637319124727,0,0.0
10,WFAgent5,YOUNG_HIGH_INCOME,59,66.11391683265926,67,65.66000000000015
11,WFAgent6,FEMALE_OLD_HIGH_INCOME,31,30.385012399016432,31,30.380000000000017
11,WFAgent7,MALE_YOUNG_LOW_INCOME,138,160.15293985014495,163,159.74000000000007
11,WFAgent0,MALE_OLD,196,213.84349097119633,218,213.6399999999995
11,WFAgent1,MALE_OLD_HIGH_INCOME,61,66.73573015962559,68,66.64000000000016
11,WFAgent2,FEMALE_YOUNG_LOW_INCOME,149,161.0112860897768,164,160.72000000000006
11,WFAgent3,MALE_OLD_HIGH_INCOME,61,68.23201581990814,62,67.64436959292955
11,WFAgent4,MALE_HIGH_INCOME,100,105.69185680593247,90,88.20000000000024
11,WFAgent5,MALE_OLD,196,192.20831453845594,181,177.37999999999988
12,WFAgent6,OLD_HIGH_INCOME,92,106.82344405253795,109,106.82000000000032
12,WFAgent7,MALE_YOUNG_LOW_INCOME,138,125.46784666252313,0,0.0
12,WFAgent0,FEMALE_OLD,211,232.04517478619863,228,223.4399999999994
12,WFAgent1,MALE_OLD_HIGH_INCOME,61,69.64804891174212,71,69.58000000000017
12,WFAgent2,YOUNG_HIGH_INCOME,59,54.75217300111244,0,0.0
12,WFAgent3,FEMALE_OLD,211,237.38094104852848,242,237.15999999999926
12,WFAgent4,FEMALE_OLD_HIGH_INCOME,31,32.220722152840956,0,0.0
12,WFAgent5,MALE_OLD_LOW_INCOME,135,110.74717173714559,0,0.0
13,WFAgent6,FEMALE_YOUNG,168,136.72944898367598,0,0.0
13,WFAgent7,MALE_OLD_HIGH_INCOME,61,49.376566673084724,0,0.0
13,WFAgent0,FEMALE_LOW_INCOME,329,303.91608935578205,0,0.0
13,WFAgent1,OLD_LOW_INCOME,315,325.8418100110477,332,325.36000000000035
13,WFAgent2,MALE_YOUNG_HIGH_INCOME,39,38.28365064363729,39,38.22000000000004
13,WFAgent3,OLD_HIGH_INCOME,92,94.56937084432542,96,94.08000000000027
13,WFAgent4,FEMALE_YOUNG_LOW_INCOME,149,151.30794095722123,154,150.92000000000016
13,WFAgent5,FEMALE_YOUNG,168,181.36903839954243,185,181.29999999999984
14,WFAgent6,FEMALE_YOUNG,168,173.8874265081124,177,173.45999999999992
14,WFAgent7,MALE_YOUNG_HIGH_INCOME,39,37.29146809333028,0,0.0
14,WFAgent0,MALE_OLD_LOW_INCOME,135,130.9327001908497,0,0.0
14,WFAgent1,MALE_YOUNG,177,183.23183733112978,132,129.36000000000038
14,WFAgent2,FEMALE_YOUNG_LOW_INCOME,149,169.8726394778227,173,169.53999999999996
14,WFAgent3,YOUNG_LOW_INCOME,287,337.8793875228618,344,337.1200000000006
14,WFAgent4,MALE_OLD_LOW_INCOME,135,147.93270929717752,150,147.0000000000002
14,WFAgent5,MALE_YOUNG_LOW_INCOME,138,135.39127352046788,0,0.0
15,WFAgent6,FEMALE_LOW_INCOME,329,296.3493838780189,0,0.0
15,WFAgent7,FEMALE_YOUNG_LOW_INCOME,149,140.0499453581243,0,0.0
15,WFAgent0,MALE_YOUNG_HIGH_INCOME,39,35.88554143413403,0,0.0
15,WFAgent1,MALE_YOUNG_LOW_INCOME,138,139.358014011499,142,139.16000000000028
15,WFAgent2,FEMALE_YOUNG_HIGH_INCOME,20,23.273673478592265,23,22.540000000000013
15,WFAgent3,FEMALE_YOUNG_LOW_INCOME,149,138.40385721015986,0,0.0
15,WFAgent4,MALE_YOUNG_HIGH_INCOME,39,38.879036218714006,39,38.22000000000004
15,WFAgent5,MALE_OLD_HIGH_INCOME,61,59.39940473556442,0,0.0
16,WFAgent6,MALE_HIGH_INCOME,100,91.07751645250586,0,0.0
16,WFAgent7,FEMALE_OLD,211,180.08078029653797,0,0.0
16,WFAgent0,MALE_LOW_INCOME,273,252.57235479587027,0,0.0
16,WFAgent1,MALE_YOUNG_HIGH_INCOME,39,38.83193079069047,39,38.22000000000004
16,WFAgent2,FEMALE_HIGH_INCOME,50,46.639923501484596,0,0.0
16,WFAgent3,MALE_LOW_INCOME,273,252.1010797071199,0,0.0
16,WFAgent4,MALE_HIGH_INCOME,100,108.00157908362065,110,107.80000000000032
16,WFAgent5,OLD_LOW_INCOME,315,370.082983195629,352,344.9600000000007
17,WFAgent6,MALE_OLD_HIGH_INCOME,61,60.69980096136842,61,59.78000000000013
17,WFAgent7,MALE_OLD,196,183.0940946135538,0,0.0
17,WFAgent0,MALE_YOUNG_HIGH_INCOME,39,41.0210402219197,29,28.420000000000016
17,WFAgent1,MALE_YOUNG_LOW_INCOME,138,125.87318807393392,0,0.0
17,WFAgent2,FEMALE_HIGH_INCOME,50,53.59896309767457,54,52.9200000000001
17,WFAgent3,OLD_LOW_INCOME,315,204.46901214904454,0,0.0
17,WFAgent4,YOUNG_HIGH_INCOME,59,63.972786320385055,65,63.700000000000145
17,WFAgent5,MALE_OLD_HIGH_INCOME,61,69.83044602604753,71,69.58000000000017
18,WFAgent6,OLD_LOW_INCOME,315,297.55146301882667,0,0.0
18,WFAgent7,MALE_HIGH_INCOME,100,106.12721866013852,108,105.84000000000032
18,WFAgent0,MALE_OLD_HIGH_INCOME,61,57.079657337958515,0,0.0
18,WFAgent1,MALE_YOUNG_LOW_INCOME,138,146.2584019476039,149,146.0200000000002
18,WFAgent2,FEMALE_HIGH_INCOME,50,42.15920852118866,0,0.0
18,WFAgent3,YOUNG_HIGH_INCOME,59,60.91157613567787,62,60.76000000000013
18,WFAgent4,FEMALE_LOW_INCOME,329,361.42708570603423,368,360.640000000001
18,WFAgent5,FEMALE_YOUNG,168,152.13978439461803,0,0.0
19,WFAgent6,FEMALE_YOUNG,168,162.96868283201542,0,0.0
19,WFAgent7,FEMALE_HIGH_INCOME,50,55.42741247006856,56,54.88000000000011
19,WFAgent0,MALE_LOW_INCOME,273,306.1676329351069,312,305.76
19,WFAgent1,FEMALE_OLD,211,180.41680675217054,0,0.0
19,WFAgent2,MALE_YOUNG_HIGH_INCOME,39,35.125981414932966,0,0.0
19,WFAgent3,MALE_OLD_LOW_INCOME,135,153.89563761533185,157,153.86000000000013
19,WFAgent4,MALE_YOUNG_HIGH_INCOME,39,42.63448547413931,43,42.14000000000006
19,WFAgent5,FEMALE_YOUNG,168,177.72475569367555,181,177.37999999999988
20,WFAgent6,YOUNG_LOW_INCOME,287,263.6605181524926,0,0.0
20,WFAgent7,MALE_YOUNG_HIGH_INCOME,39,39.30392961529947,40,39.200000000000045
20,WFAgent0,FEMALE_YOUNG_LOW_INCOME,149,160.88090800500356,151,160.84708467193454
20,WFAgent1,FEMALE_LOW_INCOME,329,350.4549063381887,203,198.93999999999966
20,WFAgent2,YOUNG_HIGH_INCOME,59,57.71184215000938,0,0.0
20,WFAgent3,MALE_YOUNG_LOW_INCOME,138,112.52041893850203,0,0.0
20,WFAgent4,YOUNG_HIGH_INCOME,59,69.37528855855989,70,68.60000000000016
20,WFAgent5,FEMALE_LOW_INCOME,329,352.01628619337185,359,351.82000000000085
21,WFAgent6,MALE_YOUNG_HIGH_INCOME,39,43.37877189370093,44,43.12000000000006
21,WFAgent7,FEMALE_OLD_LOW_INCOME,181,183.3629327668946,0,0.0
21,WFAgent0,FEMALE_YOUNG,168,159.4087670886605,0,0.0
21,WFAgent1,MALE_OLD_LOW_INCOME,135,132.95341617452792,135,132.30000000000035
21,WFAgent2,MALE_HIGH_INCOME,100,93.1245089007487,0,0.0
21,WFAgent3,YOUNG_LOW_INCOME,287,293.47960048362864,299,293.01999999999975
21,WFAgent4,FEMALE_LOW_INCOME,329,344.73059116306695,351,343.9800000000007
21,WFAgent5,FEMALE_OLD,211,184.1125051642314,0,0.0
22,WFAgent6,MALE_OLD_LOW_INCOME,135,161.84683622436657,165,161.70000000000005
22,WFAgent7,FEMALE_OLD,211,206.32487777523107,0,0.0
22,WFAgent0,FEMALE_YOUNG_HIGH_INCOME,20,20.9693151769278,21,20.580000000000013
22,WFAgent1,MALE_LOW_INCOME,273,271.445959090955,276,270.47999999999934
22,WFAgent2,MALE_OLD_HIGH_INCOME,61,67.6410580335289,69,67.62000000000016
22,WFAgent3,MALE_YOUNG,177,178.63949073790468,182,178.35999999999987
22,WFAgent4,FEMALE_YOUNG,168,185.78944130015572,189,185.2199999999998
22,WFAgent5,FEMALE_LOW_INCOME,329,390.93717715478687,398,390.04000000000156
23,WFAgent6,MALE_YOUNG_LOW_INCOME,138,157.18576418432346,160,156.8000000000001
23,WFAgent7,YOUNG_LOW_INCOME,287,287.0861543861272,292,286.1599999999996
23,WFAgent0,MALE_OLD_LOW_INCOME,135,135.22730635565858,137,134.26000000000033
23,WFAgent1,MALE_OLD_LOW_INCOME,135,125.98235785852893,0,0.0
23,WFAgent2,MALE_HIGH_INCOME,100,106.31457782789083,102,99.96000000000029
23,WFAgent3,MALE_OLD_HIGH_INCOME,61,60.962668183657875,62,60.76000000000013
23,WFAgent4,FEMALE_YOUNG_HIGH_INCOME,20,19.373765447523603,0,0.0
23,WFAgent5,OLD_LOW_INCOME,315,297.9429787048194,0,0.0
24,WFAgent6,FEMALE_YOUNG,168,186.27838626440575,190,186.1999999999998
24,WFAgent7,FEMALE_OLD_LOW_INCOME,181,178.71844550795888,182,178.35999999999987
24,WFAgent0,FEMALE_OLD_HIGH_INCOME,31,29.662356807542483,0,0.0
24,WFAgent1,MALE_LOW_INCOME,273,283.78970361746497,289,283.2199999999996
24,WFAgent2,FEMALE_HIGH_INCOME,50,48.939153702571424,0,0.0
24,WFAgent3,MALE_YOUNG,177,188.5967915341081,192,188.15999999999977
24,WFAgent4,FEMALE_OLD_HIGH_INCOME,31,27.55622616945294,0,0.0
24,WFAgent5,FEMALE_OLD,211,222.25696236600385,226,221.47999999999942
25,WFAgent6,MALE_OLD_HIGH_INCOME,61,62.929180760253345,64,62.72000000000014
25,WFAgent7,YOUNG_LOW_INCOME,287,252.0606325277679,0,0.0
25,WFAgent0,OLD_HIGH_INCOME,92,104.5173483647558,106,103.88000000000031
25,WFAgent1,YOUNG_HIGH_INCOME,59,59.800738559923296,61,59.78000000000013
25,WFAgent2,MALE_YOUNG_HIGH_INCOME,39,44.892721391924894,45,44.100000000000065
25,WFAgent3,FEMALE_YOUNG_LOW_INCOME,149,159.59957243111663,162,158.76000000000008
25,WFAgent4,FEMALE_HIGH_INCOME,50,37.75975159644375,0,0.0
25,WFAgent5,FEMALE_OLD_HIGH_INCOME,31,27.154871936543238,0,0.0
26,WFAgent6,FEMALE_YOUNG_HIGH_INCOME,20,21.27047610657436,21,20.580000000000013
26,WFAgent7,MALE_HIGH_INCOME,100,96.24768833961353,0,0.0
26,WFAgent0,FEMALE_HIGH_INCOME,50,42.10782116330441,0,0.0
26,WFAgent1,OLD_LOW_INCOME,315,342.99556601205245,338,331.24000000000046
26,WFAgent2,YOUNG_HIGH_INCOME,59,57.70491338166607,0,0.0
26,WFAgent3,MALE_OLD,196,178.279747255493,0,0.0
26,WFAgent4,YOUNG_LOW_INCOME,287,290.85845356556683,296,290.0799999999997
26,WFAgent5,MALE_YOUNG_LOW_INCOME,138,125.48540698076485,0,0.0
27,WFAgent6,FEMALE_YOUNG_HIGH_INCOME,20,17.286965161941893,0,0.0
27,WFAgent7,YOUNG_LOW_INCOME,287,321.1624257338781,327,320.46000000000026
27,WFAgent0,MALE_YOUNG_HIGH_INCOME,39,40.14043349733573,40,39.200000000000045
27,WFAgent1,FEMALE_OLD_LOW_INCOME,181,179.2423464639274,182,178.35999999999987
27,WFAgent2,FEMALE_YOUNG_HIGH_INCOME,20,20.890833317986733,21,20.580000000000013
27,WFAgent3,MALE_YOUNG_LOW_INCOME,138,148.7752367875458,151,147.9800000000002
27,WFAgent4,YOUNG_LOW_INCOME,287,246.94800729434377,0,0.0
27,WFAgent5,FEMALE_OLD,211,215.26744391022174,219,214.6199999999995
28,WFAgent6,OLD_LOW_INCOME,315,290.97296186713373,0,0.0
28,WFAgent7,FEMALE_YOUNG_LOW_INCOME,149,151.8730168132313,154,150.92000000000016
28,WFAgent0,MALE_OLD_LOW_INCOME,135,124.78603911723987,0,0.0
28,WFAgent1,MALE_OLD_HIGH_INCOME,61,63.19775586344093,64,62.72000000000014
28,WFAgent2,MALE_OLD_HIGH_INCOME,61,60.28359299431161,61,59.78000000000013
28,WFAgent3,MALE_YOUNG,177,198.39438540389057,202,197.95999999999967
28,WFAgent4,YOUNG_LOW_INCOME,287,226.43833018307697,0,0.0
28,WFAgent5,MALE_OLD,196,188.70729066498365,0,0.0
29,WFAgent6,FEMALE_OLD_HIGH_INCOME,31,33.56919275262825,34,33.32000000000002
29,WFAgent7,MALE_YOUNG_LOW_INCOME,138,144.19493307829865,147,144.06000000000023
29,WFAgent0,FEMALE_YOUNG_HIGH_INCOME,20,20.167830164577154,20,19.600000000000012
29,WFAgent1,FEMALE_OLD_HIGH_INCOME,31,33.314151972458966,33,32.34000000000002
29,WFAgent2,MALE_LOW_INCOME,273,262.5837033461809,0,0.0
29,WFAgent3,OLD_HIGH_INCOME,92,79.1956959493468,0,0.0
29,WFAgent4,MALE_OLD_LOW_INCOME,135,146.89305012937214,149,146.0200000000002
29,WFAgent5,FEMALE_YOUNG_LOW_INCOME,149,143.7513326248611,0,0.0
30,WFAgent6,OLD_LOW_INCOME,315,291.2134643499077,0,0.0
30,WFAgent7,FEMALE_LOW_INCOME,329,286.7914465423132,0,0.0
30,WFAgent0,FEMALE_LOW_INCOME,329,293.3198997841525,0,0.0
30,WFAgent1,OLD_LOW_INCOME,315,316.74816583179336,323,316.5400000000002
30,WFAgent2,MALE_YOUNG_HIGH_INCOME,39,41.020801568457586,41,40.18000000000005
30,WFAgent3,FEMALE_YOUNG_LOW_INCOME,149,166.79180459343698,170,166.6
30,WFAgent4,MALE_OLD_HIGH_INCOME,61,64.75983990306824,66,64.68000000000015
30,WFAgent5,MALE_YOUNG,177,161.59105513888593,0,0.0
31,WFAgent6,OLD_LOW_INCOME,315,342.73013009195193,349,342.02000000000066
31,WFAgent7,MALE_YOUNG_HIGH_INCOME,39,41.93809582441056,42,41.16000000000005
31,WFAgent0,FEMALE_YOUNG_LOW_INCOME,149,148.93552274281984,151,147.9800000000002
31,WFAgent1,YOUNG_LOW_INCOME,287,249.00848260969704,0,0.0
31,WFAgent2,FEMALE_OLD_LOW_INCOME,181,166.20969869224592,0,0.0
31,WFAgent3,MALE_OLD_LOW_INCOME,135,140.5082459916938,143,140.14000000000027
31,WFAgent4,OLD_HIGH_INCOME,92,97.71872437431317,99,97.02000000000028
31,WFAgent5,FEMALE_OLD_LOW_INCOME,181,164.61055220423856,0,0.0
32,WFAgent6,FEMALE_OLD_LOW_INCOME,181,188.0610848676123,191,187.17999999999978
32,WFAgent7,FEMALE_OLD_HIGH_INCOME,31,30.774176461176555,31,30.380000000000017
32,WFAgent0,MALE_YOUNG_HIGH_INCOME,39,34.19659962221687,0,0.0
32,WFAgent1,FEMALE_HIGH_INCOME,50,51.15477324060581,50,49.000000000000085
32,WFAgent2,YOUNG_LOW_INCOME,287,320.8177499585922,327,320.46000000000026
32,WFAgent3,MALE_OLD,196,202.84444333670191,206,201.87999999999963
32,WFAgent4,MALE_LOW_INCOME,273,301.80879119442545,307,300.8599999999999
32,WFAgent5,MALE_OLD_LOW_INCOME,135,133.65523804749827,136,133.28000000000034
33,WFAgent6,YOUNG_HIGH_INCOME,59,58.69134735112355,59,57.82000000000012
33,WFAgent7,FEMALE_YOUNG_HIGH_INCOME,20,22.712255519355462,23,22.540000000000013
33,WFAgent0,MALE_OLD_LOW_INCOME,135,145.87005136859884,148,145.04000000000022
33,WFAgent1,MALE_YOUNG_HIGH_INCOME,39,40.57141396474075,41,40.18000000000005
33,WFAgent2,FEMALE_HIGH_INCOME,50,48.94436805114841,0,0.0
33,WFAgent3,MALE_OLD_LOW_INCOME,135,129.51644055811477,0,0.0
33,WFAgent4,MALE_OLD,196,220.5133059778488,225,220.49999999999943
33,WFAgent5,FEMALE_OLD_HIGH_INCOME,31,30.542828626377933,31,30.380000000000017
34,WFAgent6,OLD_LOW_INCOME,315,322.8203309385512,329,322.4200000000003
34,WFAgent7,OLD_LOW_INCOME,315,302.4494385037008,0,0.0
34,WFAgent0,FEMALE_LOW_INCOME,329,415.7889745399977,407,398.8600000000017
34,WFAgent1,MALE_OLD_HIGH_INCOME,61,56.033719006440485,0,0.0
34,WFAgent2,MALE_YOUNG_HIGH_INCOME,39,39.29458848135307,40,39.200000000000045
34,WFAgent3,MALE_YOUNG,177,147.52063189123916,0,0.0
34,WFAgent4,MALE_OLD_HIGH_INCOME,61,67.56104325522438,68,66.64000000000016
34,WFAgent5,MALE_YOUNG_LOW_INCOME,138,116.69020215705187,0,0.0
35,WFAgent6,FEMALE_YOUNG_LOW_INCOME,149,135.45187836862993,0,0.0
35,WFAgent7,FEMALE_OLD_HIGH_INCOME,31,28.5155383591928,0,0.0
35,WFAgent0,MALE_YOUNG_LOW_INCOME,138,140.02334934567406,142,139.16000000000028
35,WFAgent1,FEMALE_OLD_LOW_INCOME,181,176.08683001712083,0,0.0
35,WFAgent2,FEMALE_YOUNG_HIGH_INCOME,20,21.291910953630637,21,20.580000000000013
35,WFAgent3,FEMALE_YOUNG_LOW_INCOME,149,148.7228051935207,151,147.9800000000002
35,WFAgent4,FEMALE_LOW_INCOME,329,361.0734646644793,368,360.640000000001
35,WFAgent5,MALE_OLD,196,208.76345013637246,213,208.73999999999955
36,WFAgent6,FEMALE_YOUNG,168,172.8127959165765,176,172.47999999999993
36,WFAgent7,MALE_YOUNG_HIGH_INCOME,39,39.247534637597646,40,39.200000000000045
36,WFAgent0,FEMALE_YOUNG_LOW_INCOME,149,152.65242895829095,155,151.90000000000015
36,WFAgent1,FEMALE_YOUNG_HIGH_INCOME,20,21.956420917053087,22,21.560000000000013
36,WFAgent2,YOUNG_LOW_INCOME,287,267.5507952342849,0,0.0
36,WFAgent3,MALE_HIGH_INCOME,100,98.44833417325064,100,98.00000000000028
36,WFAgent4,OLD_LOW_INCOME,315,264.2990832116826,0,0.0
36,WFAgent5,MALE_HIGH_INCOME,100,104.29629788733645,106,103.88000000000031
37,WFAgent6,FEMALE_HIGH_INCOME,50,53.794957542681594,46,45.08000000000007
37,WFAgent7,OLD_LOW_INCOME,315,248.1758997274797,0,0.0
37,WFAgent0,MALE_YOUNG_HIGH_INCOME,39,33.04990380427472,0,0.0
37,WFAgent1,MALE_YOUNG_LOW_INCOME,138,137.79066946744186,140,137.2000000000003
37,WFAgent2,MALE_OLD_HIGH_INCOME,61,56.884579904586076,0,0.0
37,WFAgent3,OLD_LOW_INCOME,315,304.93865952645154,0,0.0
37,WFAgent4,FEMALE_OLD_HIGH_INCOME,31,34.98726027904944,35,34.300000000000026
37,WFAgent5,YOUNG_HIGH_INCOME,59,70.48570489277691,71,69.58000000000017
38,WFAgent6,MALE_YOUNG,177,165.2166913571764,0,0.0
38,WFAgent7,FEMALE_YOUNG,168,178.25704758161515,181,177.37999999999988
38,WFAgent0,MALE_OLD,196,164.00423990722572,0,0.0
38,WFAgent1,FEMALE_YOUNG_HIGH_INCOME,20,22.06051193506503,22,21.560000000000013
38,WFAgent2,YOUNG_LOW_INCOME,287,267.68070847187965,0,0.0
38,WFAgent3,MALE_HIGH_INCOME,100,85.51719366849389,0,0.0
38,WFAgent4,MALE_OLD_HIGH_INCOME,61,71.99740987518987,73,71.54000000000018
38,WFAgent5,MALE_OLD_LOW_INCOME,135,133.27840724478773,135,132.30000000000035
39,WFAgent6,MALE_YOUNG,177,219.62677195961228,224,219.51999999999944
39,WFAgent7,OLD_HIGH_INCOME,92,110.01580226645537,112,109.76000000000033
39,WFAgent0,FEMALE_YOUNG,168,138.67480322024196,0,0.0
39,WFAgent1,MALE_OLD,196,181.86073141729025,0,0.0
39,WFAgent2,MALE_HIGH_INCOME,100,106.08845896416864,82,80.36000000000021
39,WFAgent3,FEMALE_YOUNG_LOW_INCOME,149,146.4655108455249,149,146.0200000000002
39,WFAgent4,MALE_OLD_LOW_INCOME,135,143.03681471849544,145,142.10000000000025
39,WFAgent5,MALE_YOUNG_LOW_INCOME,138,162.1187133152316,165,161.70000000000005
40,WFAgent6,FEMALE_HIGH_INCOME,50,48.28519931681254,0,0.0
40,WFAgent7,MALE_OLD_LOW_INCOME,135,130.59753327141627,0,0.0
40,WFAgent0,MALE_YOUNG_LOW_INCOME,138,145.612499340777,148,145.04000000000022
40,WFAgent1,MALE_YOUNG_LOW_INCOME,138,145.52026542465234,148,145.04000000000022
40,WFAgent2,FEMALE_YOUNG_LOW_INCOME,149,155.46653985262554,158,154.84000000000012
40,WFAgent3,MALE_OLD_HIGH_INCOME,61,61.612359620355186,62,60.76000000000013
40,WFAgent4,FEMALE_YOUNG,168,166.92501331073402,170,166.6
40,WFAgent5,OLD_HIGH_INCOME,92,71.86368119168833,0,0.0
41,WFAgent6,OLD_HIGH_INCOME,92,99.04269153025884,101,98.98000000000029
41,WFAgent7,YOUNG_LOW_INCOME,287,329.52261428194083,336,329.2800000000004
41,WFAgent0,MALE_LOW_INCOME,273,250.0360231171393,0,0.0
41,WFAgent1,OLD_LOW_INCOME,315,343.74957986530666,350,343.0000000000007
41,WFAgent2,FEMALE_YOUNG,168,156.2360874001016,0,0.0
41,WFAgent3,MALE_OLD,196,207.70745413841138,211,206.77999999999957
41,WFAgent4,MALE_OLD_LOW_INCOME,135,110.8127422611495,0,0.0
41,WFAgent5,OLD_LOW_INCOME,315,276.5232288045361,0,0.0
42,WFAgent6,OLD_LOW_INCOME,315,308.72772619567377,315,308.70000000000005
42,WFAgent7,OLD_LOW_INCOME,315,306.32001506879857,0,0.0
42,WFAgent0,FEMALE_HIGH_INCOME,50,48.76034526872775,0,0.0
42,WFAgent1,YOUNG_LOW_INCOME,287,267.0855642666197,0,0.0
42,WFAgent2,FEMALE_OLD,211,211.32231433615226,215,210.69999999999953
42,WFAgent3,OLD_HIGH_INCOME,92,87.19449723286773,0,0.0
42,WFAgent4,OLD_LOW_INCOME,315,327.08845297250565,333,326.3400000000004
42,WFAgent5,MALE_HIGH_INCOME,100,105.73816256949561,107,104.86000000000031
43,WFAgent6,FEMALE_YOUNG,168,157.77163746195345,0,0.0
43,WFAgent7,FEMALE_YOUNG,168,177.76546561674914,181,177.37999999999988
43,WFAgent0,YOUNG_HIGH_INCOME,59,55.02334936753653,0,0.0
43,WFAgent1,YOUNG_HIGH_INCOME,59,57.10216496743547,0,0.0
43,WFAgent2,FEMALE_OLD,211,208.64924287190698,212,207.75999999999956
43,WFAgent3,OLD_HIGH_INCOME,92,96.29942848221448,98,96.04000000000028
43,WFAgent4,MALE_YOUNG,177,192.61744078089546,196,192.07999999999973
43,WFAgent5,MALE_YOUNG_LOW_INCOME,138,136.19776717291973,138,135.24000000000032
44,WFAgent6,MALE_YOUNG_LOW_INCOME,138,149.75352831015422,152,148.96000000000018
44,WFAgent7,MALE_OLD_LOW_INCOME,135,122.5282057581052,0,0.0
44,WFAgent0,FEMALE_OLD_HIGH_INCOME,31,36.38050401258161,37,36.26000000000003
44,WFAgent1,MALE_YOUNG_HIGH_INCOME,39,40.629770336732335,41,40.18000000000005
44,WFAgent2,FEMALE_LOW_INCOME,329,331.92235337899734,336,329.2800000000004
44,WFAgent3,YOUNG_HIGH_INCOME,59,69.32101430451904,70,68.60000000000016
44,WFAgent4,OLD_LOW_INCOME,315,263.00823068547743,0,0.0
44,WFAgent5,OLD_HIGH_INCOME,92,81.18567678695524,0,0.0
45,WFAgent6,MALE_YOUNG,177,184.46008100185128,188,184.2399999999998
45,WFAgent7,FEMALE_OLD_HIGH_INCOME,31,29.52065375446367,0,0.0
45,WFAgent0,OLD_LOW_INCOME,315,301.0567170506693,0,0.0
45,WFAgent1,FEMALE_OLD,211,202.71512638290105,0,0.0
45,WFAgent2,FEMALE_YOUNG,168,161.0817033062259,0,0.0
45,WFAgent3,MALE_OLD,196,223.90024909268755,228,223.4399999999994
45,WFAgent4,OLD_LOW_INCOME,315,255.85393846804095,0,0.0
45,WFAgent5,YOUNG_LOW_INCOME,287,264.49907615229426,0,0.0
46,WFAgent6,MALE_YOUNG,177,174.66074655972602,178,174.4399999999999
46,WFAgent7,MALE_OLD,196,215.96199826445064,220,215.59999999999948
46,WFAgent0,MALE_HIGH_INCOME,100,113.22486919339909,115,112.70000000000034
46,WFAgent1,MALE_LOW_INCOME,273,233.0707432224559,0,0.0
46,WFAgent2,FEMALE_OLD,211,226.3629304967141,230,225.39999999999938
46,WFAgent3,FEMALE_OLD_LOW_INCOME,181,177.87515178436792,181,177.37999999999988
46,WFAgent4,MALE_YOUNG_HIGH_INCOME,39,36.95379365967238,0,0.0
46,WFAgent5,YOUNG_LOW_INCOME,287,281.5024570938129,287,281.25999999999954
47,WFAgent6,OLD_HIGH_INCOME,92,114.60345968158659,116,113.68000000000035
47,WFAgent7,MALE_YOUNG_LOW_INCOME,138,144.19027239725392,147,144.06000000000023
47,WFAgent0,OLD_HIGH_INCOME,92,95.33253955471753,95,93.10000000000026
47,WFAgent1,YOUNG_LOW_INCOME,287,322.4170166383001,328,321.4400000000003
47,WFAgent2,MALE_YOUNG,177,178.03401398299906,181,177.37999999999988
47,WFAgent3,MALE_YOUNG_HIGH_INCOME,39,37.05580016828943,0,0.0
47,WFAgent4,OLD_LOW_INCOME,315,298.1249762900397,0,0.0
47,WFAgent5,FEMALE_OLD_HIGH_INCOME,31,35.17693976278124,35,34.300000000000026
48,WFAgent6,YOUNG_HIGH_INCOME,59,57.25130911330917,0,0.0
48,WFAgent7,FEMALE_YOUNG,168,207.23724413367526,211,206.77999999999957
48,WFAgent0,FEMALE_LOW_INCOME,329,332.377886288367,339,332.2200000000005
48,WFAgent1,MALE_OLD_LOW_INCOME,135,110.9664745234359,0,0.0
48,WFAgent2,FEMALE_YOUNG_HIGH_INCOME,20,20.9760564370419,21,20.580000000000013
48,WFAgent3,MALE_HIGH_INCOME,100,98.67145264596768,100,98.00000000000028
48,WFAgent4,MALE_YOUNG_HIGH_INCOME,39,42.94105862974353,43,42.14000000000006
48,WFAgent5,OLD_LOW_INCOME,315,286.14255984645257,0,0.0
49,WFAgent6,FEMALE_OLD_HIGH_INCOME,31,33.3392343659956,34,33.32000000000002
49,WFAgent7,FEMALE_HIGH_INCOME,50,48.132806844464056,0,0.0
49,WFAgent0,FEMALE_OLD_HIGH_INCOME,31,28.51121655853997,0,0.0
49,WFAgent1,YOUNG_HIGH_INCOME,59,60.35881190889705,61,59.78000000000013
49,WFAgent2,MALE_YOUNG_LOW_INCOME,138,138.32968492606156,141,138.1800000000003
49,WFAgent3,FEMALE_YOUNG_HIGH_INCOME,20,17.26970507687391,0,0.0
49,WFAgent4,MALE_YOUNG,177,202.63670621171207,206,201.87999999999963
49,WFAgent5,FEMALE_HIGH_INCOME,50,57.62854179566213,46,45.08000000000007
50,WFAgent6,FEMALE_OLD_HIGH_INCOME,31,33.981151737995006,34,33.32000000000002
50,WFAgent7,MALE_YOUNG_HIGH_INCOME,39,44.51821189384263,43,43.915491903388656
50,WFAgent0,FEMALE_YOUNG_HIGH_INCOME,20,16.125867125488327,0,0.0
50,WFAgent1,MALE_YOUNG,177,180.76842016046027,184,180.31999999999985
50,WFAgent2,FEMALE_LOW_INCOME,329,317.9206843142483,0,0.0
50,WFAgent3,FEMALE_YOUNG_HIGH_INCOME,20,24.382790319856575,24,23.520000000000014
50,WFAgent4,FEMALE_OLD_HIGH_INCOME,31,27.79874129454534,0,0.0
50,WFAgent5,MALE_YOUNG_HIGH_INCOME,39,39.92178369074147,40,39.200000000000045
51,WFAgent6,FEMALE_OLD_LOW_INCOME,181,181.13953982760293,184,180.31999999999985
51,WFAgent7,MALE_OLD_HIGH_INCOME,61,58.92144584412218,0,0.0
51,WFAgent0,MALE_LOW_INCOME,273,271.4983312489495,277,271.45999999999935
51,WFAgent1,FEMALE_YOUNG_HIGH_INCOME,20,19.54351667836194,0,0.0
51,WFAgent2,MALE_OLD_LOW_INCOME,135,151.39087594504602,154,150.92000000000016
51,WFAgent3,YOUNG_LOW_INCOME,287,277.8814624245921,0,0.0
51,WFAgent4,MALE_OLD_HIGH_INCOME,61,60.407284836646916,61,59.78000000000013
51,WFAgent5,FEMALE_OLD,211,220.9952985495221,225,220.49999999999943
52,WFAgent6,FEMALE_YOUNG_LOW_INCOME,149,164.0484853077705,167,163.66000000000003
52,WFAgent7,OLD_HIGH_INCOME,92,107.4651516102291,109,106.82000000000032
52,WFAgent0,FEMALE_HIGH_INCOME,50,50.7327818494669,0,0.0
52,WFAgent1,OLD_HIGH_INCOME,92,102.40374269757473,76,74.48000000000019
52,WFAgent2,YOUNG_HIGH_INCOME,59,60.52413489790683,61,59.78000000000013
52,WFAgent3,FEMALE_OLD_HIGH_INCOME,31,28.562209223211532,0,0.0
52,WFAgent4,FEMALE_OLD_HIGH_INCOME,31,30.176584924340812,0,0.0
52,WFAgent5,FEMALE_YOUNG_HIGH_INCOME,20,22.69550189251012,23,22.540000000000013
53,WFAgent6,FEMALE_OLD_HIGH_INCOME,31,28.497019854223385,0,0.0
53,WFAgent7,YOUNG_LOW_INCOME,287,328.0005256694681,334,327.3200000000004
53,WFAgent0,FEMALE_OLD_HIGH_INCOME,31,34.15444228968865,34,33.32000000000002
53,WFAgent1,MALE_YOUNG,177,197.00926364019114,201,196.97999999999968
53,WFAgent2,MALE_HIGH_INCOME,100,89.34772070004348,0,0.0
53,WFAgent3,YOUNG_LOW_INCOME,287,252.73124321883938,0,0.0
53,WFAgent4,YOUNG_HIGH_INCOME,59,63.32737363887552,64,62.72000000000014
53,WFAgent5,FEMALE_YOUNG_HIGH_INCOME,20,17.230063287809468,0,0.0
54,WFAgent6,YOUNG_LOW_INCOME,287,232.7359977140991,0,0.0
54,WFAgent7,FEMALE_LOW_INCOME,329,327.8855889409538,334,327.3200000000004
54,WFAgent0,OLD_LOW_INCOME,315,284.4930062284054,0,0.0
54,WFAgent1,OLD_HIGH_INCOME,92,93.7141241834156,95,93.10000000000026
54,WFAgent2,MALE_OLD_LOW_INCOME,135,133.90106665593612,136,133.28000000000034
54,WFAgent3,FEMALE_YOUNG_HIGH_INCOME,20,18.037921192455055,0,0.0
54,WFAgent4,FEMALE_OLD_LOW_INCOME,181,197.74350009668495,201,196.97999999999968
54,WFAgent5,FEMALE_YOUNG_HIGH_INCOME,20,18.610372322492164,0,0.0
55,WFAgent6,MALE_OLD,196,213.6146852248799,212,207.75999999999956
55,WFAgent7,OLD_HIGH_INCOME,92,92.99130746386015,94,92.12000000000026
55,WFAgent0,YOUNG_HIGH_INCOME,59,50.814127078783905,0,0.0
55,WFAgent1,MALE_YOUNG_HIGH_INCOME,39,34.20541779119502,0,0.0
55,WFAgent2,FEMALE_YOUNG,168,188.63737487829877,192,188.15999999999977
55,WFAgent3,MALE_OLD_LOW_INCOME,135,148.5497246037454,151,147.9800000000002
55,WFAgent4,FEMALE_OLD,211,233.88693641313506,238,233.2399999999993
55,WFAgent5,FEMALE_HIGH_INCOME,50,61.74688039554493,63,61.74000000000014
56,WFAgent6,FEMALE_OLD,211,218.19810246940705,222,217.55999999999946
56,WFAgent7,FEMALE_OLD,211,201.61712349644122,0,0.0
56,WFAgent0,MALE_OLD,196,226.01672131952103,230,225.39999999999938
56,WFAgent1,MALE_LOW_INCOME,273,301.59707274849103,197,193.05999999999972
56,WFAgent2,FEMALE_OLD_HIGH_INCOME,31,36.85509028621842,37,36.26000000000003
56,WFAgent3,MALE_YOUNG_HIGH_INCOME,39,36.172834121262404,0,0.0
56,WFAgent4,MALE_YOUNG_HIGH_INCOME,39,39.39229024893261,40,39.200000000000045
56,WFAgent5,YOUNG_LOW_INCOME,287,321.42896653250887,327,320.46000000000026
57,WFAgent6,FEMALE_OLD_HIGH_INCOME,31,33.221565670522494,33,32.34000000000002
57,WFAgent7,FEMALE_OLD,211,179.98912437181326,0,0.0
57,WFAgent0,FEMALE_YOUNG_HIGH_INCOME,20,18.00035319843442,0,0.0
57,WFAgent1,MALE_LOW_INCOME,273,283.4239999258088,289,283.2199999999996
57,WFAgent2,FEMALE_YOUNG_LOW_INCOME,149,119.96211348065059,0,0.0
57,WFAgent3,FEMALE_OLD_HIGH_INCOME,31,29.166516553755994,0,0.0
57,WFAgent4,MALE_LOW_INCOME,273,262.61051570616394,0,0.0
57,WFAgent5,MALE_OLD_LOW_INCOME,135,154.7745495628086,157,153.86000000000013
58,WFAgent6,FEMALE_OLD,211,214.40311677362723,218,213.6399999999995
58,WFAgent7,MALE_YOUNG,177,174.90222908224587,0,0.0
58,WFAgent0,MALE_OLD_LOW_INCOME,135,137.20336000155984,140,137.2000000000003
58,WFAgent1,FEMALE_HIGH_INCOME,50,49.80849379237946,50,49.000000000000085
58,WFAgent2,YOUNG_HIGH_INCOME,59,65.0386651736725,66,64.68000000000015
58,WFAgent3,FEMALE_YOUNG,168,175.58880040241183,179,175.4199999999999
58,WFAgent4,MALE_LOW_INCOME,273,289.11329109254956,295,289.0999999999997
58,WFAgent5,MALE_OLD_LOW_INCOME,135,158.47023037924254,161,157.7800000000001
59,WFAgent6,MALE_YOUNG_LOW_INCOME,138,138.03175912020967,87,85.26000000000023
59,WFAgent7,OLD_LOW_INCOME,315,314.42301602841985,320,313.60000000000014
59,WFAgent0,MALE_YOUNG_HIGH_INCOME,39,41.6425841903475,42,41.16000000000005
59,WFAgent1,FEMALE_YOUNG,168,198.3883557203527,202,197.95999999999967
59,WFAgent2,MALE_OLD_HIGH_INCOME,61,63.9768091878368,65,63.700000000000145
59,WFAgent3,MALE_OLD_LOW_INCOME,135,147.1594454575639,150,147.0000000000002
59,WFAgent4,YOUNG_LOW_INCOME,287,328.70527935682395,335,328.3000000000004
59,WFAgent5,MALE_OLD_HIGH_INCOME,61,65.08627612162799,66,64.68000000000015
60,WFAgent6,FEMALE_YOUNG_HIGH_INCOME,20,22.909939392277728,23,22.540000000000013
60,WFAgent7,FEMALE_OLD_HIGH_INCOME,31,25.433415400951272,0,0.0
60,WFAgent0,FEMALE_YOUNG_HIGH_INCOME,20,19.231671895793998,0,0.0
60,WFAgent1,FEMALE_OLD,211,202.8020702169911,0,0.0
60,WFAgent2,MALE_OLD,196,206.77747698661491,210,205.79999999999959
60,WFAgent3,FEMALE_LOW_INCOME,329,288.7211176548098,0,0.0
60,WFAgent4,FEMALE_OLD_HIGH_INCOME,31,26.29998899047,0,0.0
60,WFAgent5,MALE_YOUNG,177,168.515381865985,0,0.0
61,WFAgent6,MALE_YOUNG_HIGH_INCOME,39,40.1804944961144,41,40.18000000000005
61,WFAgent7,YOUNG_LOW_INCOME,287,266.37342215793683,0,0.0
61,WFAgent0,FEMALE_YOUNG_LOW_INCOME,149,141.6620767838186,0,0.0
61,WFAgent1,FEMALE_OLD_LOW_INCOME,181,185.58435556719257,189,185.2199999999998
61,WFAgent2,MALE_OLD_LOW_INCOME,135,130.6327571475619,0,0.0
61,WFAgent3,MALE_YOUNG,177,196.1169425286455,200,195.9999999999997
61,WFAgent4,FEMALE_HIGH_INCOME,50,51.015928663129465,52,50.96000000000009
61,WFAgent5,OLD_HIGH_INCOME,92,85.44644826422422,0,0.0
62,WFAgent6,MALE_OLD,196,192.80293947378806,196,192.07999999999973
62,WFAgent7,FEMALE_HIGH_INCOME,50,45.968932023574496,0,0.0
62,WFAgent0,FEMALE_LOW_INCOME,329,310.75040864238906,0,0.0
62,WFAgent1,FEMALE_YOUNG_HIGH_INCOME,20,18.891319130343366,0,0.0
62,WFAgent2,FEMALE_YOUNG_HIGH_INCOME,20,17.796383245028863,0,0.0
62,WFAgent3,FEMALE_HIGH_INCOME,50,42.436721817508044,0,0.0
62,WFAgent4,OLD_HIGH_INCOME,92,104.57036128478751,106,103.88000000000031
62,WFAgent5,FEMALE_LOW_INCOME,329,399.7503816606353,381,373.38000000000125
63,WFAgent6,MALE_YOUNG_HIGH_INCOME,39,32.66725687136328,0,0.0
63,WFAgent7,MALE_YOUNG_LOW_INCOME,138,142.20136079822026,145,142.10000000000025
63,WFAgent0,FEMALE_YOUNG,168,187.07239480142678,190,186.1999999999998
63,WFAgent1,MALE_OLD_LOW_INCOME,135,131.96940001104963,0,0.0
63,WFAgent2,YOUNG_LOW_INCOME,287,254.121937972844,0,0.0
63,WFAgent3,MALE_YOUNG_HIGH_INCOME,39,45.505176282212936,46,45.08000000000007
63,WFAgent4,FEMALE_OLD_LOW_INCOME,181,240.39669255322028,245,240.09999999999923
63,WFAgent5,MALE_LOW_INCOME,273,257.2645494906389,0,0.0
64,WFAgent6,FEMALE_YOUNG_LOW_INCOME,149,164.83835539333728,168,164.64000000000001
64,WFAgent7,FEMALE_YOUNG_HIGH_INCOME,20,22.062922415396862,22,21.560000000000013
64,WFAgent0,FEMALE_YOUNG_LOW_INCOME,149,134.20365079345834,0,0.0
64,WFAgent1,OLD_HIGH_INCOME,92,79.70566617376032,0,0.0
64,WFAgent2,MALE_HIGH_INCOME,100,93.35325029204391,0,0.0
64,WFAgent3,FEMALE_OLD_LOW_INCOME,181,208.6237363293361,212,207.75999999999956
64,WFAgent4,OLD_HIGH_INCOME,92,108.317613304642,110,107.80000000000032
64,WFAgent5,MALE_OLD_LOW_INCOME,135,136.39426712350482,139,136.2200000000003
65,WFAgent6,MALE_OLD_HIGH_INCOME,61,58.06121320616086,0,0.0
65,WFAgent7,MALE_HIGH_INCOME,100,108.68631542232204,102,99.96000000000029
65,WFAgent0,FEMALE_LOW_INCOME,329,288.5439765262859,0,0.0
65,WFAgent1,FEMALE_OLD_LOW_INCOME,181,167.38341151985944,0,0.0
65,WFAgent2,FEMALE_OLD,211,173.8788345526181,0,0.0
65,WFAgent3,OLD_HIGH_INCOME,92,104.12083544149804,106,103.88000000000031
65,WFAgent4,MALE_LOW_INCOME,273,263.8125634673729,0,0.0
65,WFAgent5,FEMALE_YOUNG,168,135.2466477220886,0,0.0
66,WFAgent6,MALE_YOUNG,177,146.53013785552272,0,0.0
66,WFAgent7,FEMALE_OLD_LOW_INCOME,181,196.31819021528884,200,195.9999999999997
66,WFAgent0,FEMALE_YOUNG_HIGH_INCOME,20,23.908144577689388,24,23.520000000000014
66,WFAgent1,OLD_LOW_INCOME,315,353.126465352636,360,352.80000000000086
66,WFAgent2,FEMALE_YOUNG_LOW_INCOME,149,125.16314696702909,0,0.0
66,WFAgent3,FEMALE_YOUNG_LOW_INCOME,149,135.1281187723813,0,0.0
66,WFAgent4,FEMALE_OLD,211,212.6587983644765,216,211.67999999999952
66,WFAgent5,OLD_HIGH_INCOME,92,87.87693786006615,0,0.0
67,WFAgent6,MALE_YOUNG_LOW_INCOME,138,130.62113232293214,0,0.0
67,WFAgent7,FEMALE_OLD_LOW_INCOME,181,196.169184794635,200,195.9999999999997
67,WFAgent0,MALE_OLD_HIGH_INCOME,61,52.33383126848676,0,0.0
67,WFAgent1,MALE_HIGH_INCOME,100,88.59457633594032,0,0.0
67,WFAgent2,OLD_HIGH_INCOME,92,83.63362531229201,0,0.0
67,WFAgent3,FEMALE_OLD_LOW_INCOME,181,170.8454559246985,0,0.0
67,WFAgent4,YOUNG_HIGH_INCOME,59,75.53901946186038,77,75.46000000000019
67,WFAgent5,FEMALE_YOUNG_LOW_INCOME,149,148.14491518640358,151,147.9800000000002
68,WFAgent6,MALE_OLD_LOW_INCOME,135,128.80502832820042,0,0.0
68,WFAgent7,OLD_LOW_INCOME,315,321.24341603194773,327,320.46000000000026
68,WFAgent0,MALE_YOUNG_HIGH_INCOME,39,36.37998090207124,0,0.0
68,WFAgent1,FEMALE_YOUNG_HIGH_INCOME,20,15.1403453404943,0,0.0
68,WFAgent2,OLD_HIGH_INCOME,92,100.28464286437419,102,99.96000000000029
68,WFAgent3,FEMALE_HIGH_INCOME,50,53.23468628251317,54,52.9200000000001
68,WFAgent4,FEMALE_YOUNG_LOW_INCOME,149,112.56771440503672,0,0.0
68,WFAgent5,YOUNG_HIGH_INCOME,59,63.63889597653046,64,62.72000000000014
69,WFAgent6,FEMALE_HIGH_INCOME,50,48.1162479545079,0,0.0
69,WFAgent7,FEMALE_YOUNG_HIGH_INCOME,20,19.95819579438071,20,19.600000000000012
69,WFAgent0,FEMALE_LOW_INCOME,329,257.73979102762485,0,0.0
69,WFAgent1,FEMALE_YOUNG_LOW_INCOME,149,132.5445456136592,0,0.0
69,WFAgent2,FEMALE_OLD,211,207.0586532568259,211,206.77999999999957
69,WFAgent3,FEMALE_YOUNG,168,179.60848195121096,183,179.33999999999986
69,WFAgent4,OLD_LOW_INCOME,315,300.40060849534217,0,0.0
69,WFAgent5,MALE_YOUNG,177,155.95481901299453,0,0.0
70,WFAgent6,FEMALE_YOUNG_LOW_INCOME,149,176.80401926853483,180,176.3999999999999
70,WFAgent7,FEMALE_HIGH_INCOME,50,49.183018795515515,41,40.18000000000005
70,WFAgent0,MALE_OLD,196,186.98088679271012,0,0.0
70,WFAgent1,MALE_OLD,196,210.57525157098235,214,209.71999999999954
70,WFAgent2,MALE_LOW_INCOME,273,277.9898746594253,201,196.97999999999968
70,WFAgent3,FEMALE_OLD_HIGH_INCOME,31,30.992736556915315,31,30.380000000000017
70,WFAgent4,FEMALE_OLD_LOW_INCOME,181,158.00217039151508,0,0.0
70,WFAgent5,FEMALE_LOW_INCOME,329,334.21044244584874,341,334.1800000000005
71,WFAgent6,YOUNG_LOW_INCOME,287,281.83379698617324,287,281.25999999999954
71,WFAgent7,FEMALE_YOUNG_LOW_INCOME,149,130.79041588185243,0,0.0
71,WFAgent0,MALE_YOUNG_HIGH_INCOME,39,43.49640778522853,43,43.24695111308768
71,WFAgent1,MALE_YOUNG_HIGH_INCOME,39,41.13625132467956,41,40.18000000000005
71,WFAgent2,OLD_LOW_INCOME,315,288.21978374875727,0,0.0
71,WFAgent3,FEMALE_LOW_INCOME,329,339.45659313669654,346,339.0800000000006
71,WFAgent4,YOUNG_HIGH_INCOME,59,59.338839899352884,60,58.800000000000125
71,WFAgent5,MALE_YOUNG_HIGH_INCOME,39,34.40670130463101,0,0.0
72,WFAgent6,FEMALE_OLD_LOW_INCOME,181,225.61140306314527,230,225.39999999999938
72,WFAgent7,MALE_LOW_INCOME,273,298.59816477699354,304,297.91999999999985
72,WFAgent0,MALE_LOW_INCOME,273,282.5892409955905,288,282.23999999999955
72,WFAgent1,FEMALE_YOUNG_LOW_INCOME,149,163.51375130203712,162,163.3977693876298
72,WFAgent2,MALE_OLD_HIGH_INCOME,61,61.44452553409105,62,60.76000000000013
72,WFAgent3,FEMALE_YOUNG_LOW_INCOME,149,152.21649702143264,155,151.90000000000015
72,WFAgent4,FEMALE_LOW_INCOME,329,331.83867980574183,322,315.5600000000002
72,WFAgent5,YOUNG_HIGH_INCOME,59,65.43903423191112,66,64.68000000000015
73,WFAgent6,OLD_HIGH_INCOME,92,85.8557420707755,0,0.0
73,WFAgent7,FEMALE_OLD_HIGH_INCOME,31,32.52600809333668,33,32.34000000000002
73,WFAgent0,MALE_OLD_HIGH_INCOME,61,53.16312242515528,0,0.0
73,WFAgent1,MALE_OLD_HIGH_INCOME,61,57.482524895185165,0,0.0
73,WFAgent2,FEMALE_HIGH_INCOME,50,47.5623103832615,0,0.0
73,WFAgent3,MALE_YOUNG,177,194.6950015723469,198,194.0399999999997
73,WFAgent4,MALE_LOW_INCOME,273,236.1146538789805,0,0.0
73,WFAgent5,MALE_HIGH_INCOME,100,117.34918943487082,119,116.62000000000036
74,WFAgent6,YOUNG_HIGH_INCOME,59,62.781726668334315,64,62.72000000000014
74,WFAgent7,MALE_HIGH_INCOME,100,97.98977412847812,0,0.0
74,WFAgent0,MALE_YOUNG_HIGH_INCOME,39,40.554441657234136,41,40.18000000000005
74,WFAgent1,FEMALE_OLD_HIGH_INCOME,31,30.335352247667355,0,0.0
74,WFAgent2,YOUNG_LOW_INCOME,287,284.49976937991073,290,284.1999999999996
74,WFAgent3,FEMALE_OLD,211,218.83520072147672,223,218.53999999999945
74,WFAgent4,MALE_HIGH_INCOME,100,109.67910056033821,111,108.78000000000033
74,WFAgent5,FEMALE_OLD_HIGH_INCOME,31,26.19533168677234,0,0.0
75,WFAgent6,OLD_HIGH_INCOME,92,79.32032687379267,0,0.0
75,WFAgent7,YOUNG_LOW_INCOME,287,292.8953877231497,298,292.03999999999974
75,WFAgent0,FEMALE_OLD_HIGH_INCOME,31,32.4751078647072,33,32.34000000000002
75,WFAgent1,FEMALE_OLD_LOW_INCOME,181,168.59724492393138,0,0.0
75,WFAgent2,OLD_LOW_INCOME,315,314.37720306022646,320,313.60000000000014
75,WFAgent3,FEMALE_YOUNG_LOW_INCOME,149,139.86309127784563,0,0.0
75,WFAgent4,FEMALE_OLD_LOW_INCOME,181,189.66292377466073,193,189.13999999999976
75,WFAgent5,MALE_YOUNG,177,196.97701341078835,200,195.9999999999997
76,WFAgent6,MALE_YOUNG_LOW_INCOME,138,154.3934425854533,157,153.86000000000013
76,WFAgent7,MALE_OLD,196,169.7153249127819,0,0.0
76,WFAgent0,MALE_HIGH_INCOME,100,99.49519652403897,101,98.98000000000029
76,WFAgent1,MALE_HIGH_INCOME,100,90.94169303122723,0,0.0
76,WFAgent2,MALE_OLD,196,186.28868676842916,0,0.0
76,WFAgent3,FEMALE_YOUNG,168,190.8215580787466,194,190.11999999999975
76,WFAgent4,MALE_OLD_HIGH_INCOME,61,52.72839643230796,0,0.0
76,WFAgent5,FEMALE_HIGH_INCOME,50,49.330623486732755,50,49.000000000000085
77,WFAgent6,OLD_HIGH_INCOME,92,78.75777827081109,0,0.0
77,WFAgent7,MALE_HIGH_INCOME,100,90.0881520457035,0,0.0
77,WFAgent0,FEMALE_LOW_INCOME,329,345.40301634786823,352,344.9600000000007
77,WFAgent1,FEMALE_OLD,211,177.10874730079763,0,0.0
77,WFAgent2,MALE_YOUNG_HIGH_INCOME,39,49.02162816815549,50,49.000000000000085
77,WFAgent3,FEMALE_HIGH_INCOME,50,43.3641671477094,0,0.0
77,WFAgent4,FEMALE_YOUNG,168,194.678935642032,198,194.0399999999997
77,WFAgent5,MALE_YOUNG_LOW_INCOME,138,153.46278386662087,156,152.88000000000014
78,WFAgent6,FEMALE_YOUNG_LOW_INCOME,149,138.41292176024638,0,0.0
78,WFAgent7,OLD_HIGH_INCOME,92,79.01098982323414,0,0.0
78,WFAgent0,MALE_YOUNG_LOW_INCOME,138,125.67835617021821,0,0.0
78,WFAgent1,MALE_OLD_HIGH_INCOME,61,55.149304429043625,0,0.0
78,WFAgent2,FEMALE_OLD_LOW_INCOME,181,173.88768423714208,0,0.0
78,WFAgent3,YOUNG_HIGH_INCOME,59,54.309420924347066,0,0.0
78,WFAgent4,OLD_HIGH_INCOME,92,92.53453784715514,94,92.12000000000026
78,WFAgent5,MALE_HIGH_INCOME,100,116.4640835118764,110,107.80000000000032
79,WFAgent6,OLD_HIGH_INCOME,92,92.66595712282492,94,92.12000000000026
79,WFAgent7,FEMALE_OLD_LOW_INCOME,181,182.5275082041192,186,182.27999999999983
79,WFAgent0,YOUNG_HIGH_INCOME,59,59.95076842198387,61,59.78000000000013
79,WFAgent1,MALE_YOUNG,177,179.75751131482576,183,179.33999999999986
79,WFAgent2,MALE_YOUNG_LOW_INCOME,138,129.60548524280398,0,0.0
79,WFAgent3,MALE_HIGH_INCOME,100,93.70450177559628,0,0.0
79,WFAgent4,FEMALE_OLD,211,204.3142487554591,0,0.0
79,WFAgent5,MALE_YOUNG_HIGH_INCOME,39,35.17468677769092,0,0.0
80,WFAgent6,OLD_HIGH_INCOME,92,86.12112612993793,0,0.0
80,WFAgent7,YOUNG_HIGH_INCOME,59,55.444058259192815,0,0.0
80,WFAgent0,MALE_OLD,196,153.73850452805618,0,0.0
80,WFAgent1,MALE_HIGH_INCOME,100,119.61921978891534,103,100.9400000000003
80,WFAgent2,FEMALE_OLD_HIGH_INCOME,31,33.15959110188722,33,32.34000000000002
80,WFAgent3,MALE_OLD_HIGH_INCOME,61,63.58509339882452,64,62.72000000000014
80,WFAgent4,MALE_YOUNG_HIGH_INCOME,39,39.520716535579,0,0.0
80,WFAgent5,MALE_YOUNG_LOW_INCOME,138,129.0376837418593,0,0.0
81,WFAgent6,MALE_OLD_LOW_INCOME,135,116.22213579268795,0,0.0
81,WFAgent7,OLD_LOW_INCOME,315,345.2710163137866,194,190.11999999999975
81,WFAgent0,MALE_OLD,196,221.10585334920157,225,220.49999999999943
81,WFAgent1,FEMALE_HIGH_INCOME,50,59.35933341283396,53,51.9400000000001
81,WFAgent2,OLD_HIGH_INCOME,92,76.27648819030026,0,0.0
81,WFAgent3,OLD_HIGH_INCOME,92,91.93513742796783,0,0.0
81,WFAgent4,FEMALE_LOW_INCOME,329,335.1631627161791,342,335.16000000000054
81,WFAgent5,FEMALE_LOW_INCOME,329,285.01358099899585,0,0.0
82,WFAgent6,MALE_OLD,196,217.96727458759395,222,217.55999999999946
82,WFAgent7,YOUNG_LOW_INCOME,287,317.5553671265478,324,317.5200000000002
82,WFAgent0,YOUNG_LOW_INCOME,287,282.57051097167255,247,242.0599999999992
82,WFAgent1,MALE_HIGH_INCOME,100,104.25185836494494,106,103.88000000000031
82,WFAgent2,MALE_HIGH_INCOME,100,105.156351483332,107,104.86000000000031
82,WFAgent3,MALE_YOUNG,177,187.81563286845798,191,187.17999999999978
82,WFAgent4,YOUNG_HIGH_INCOME,59,73.8938637840842,75,73.50000000000018
82,WFAgent5,MALE_YOUNG,177,169.4167109195624,0,0.0
83,WFAgent6,MALE_HIGH_INCOME,100,103.38799605788718,105,102.9000000000003
83,WFAgent7,FEMALE_HIGH_INCOME,50,42.648190852749025,0,0.0
83,WFAgent0,FEMALE_HIGH_INCOME,50,48.21504668415838,0,0.0
83,WFAgent1,MALE_OLD_LOW_INCOME,135,144.10351899908417,140,143.6237716119455
83,WFAgent2,FEMALE_OLD,211,223.74485477755556,228,223.4399999999994
83,WFAgent3,MALE_OLD_LOW_INCOME,135,141.78884598665618,144,141.12000000000026
83,WFAgent4,MALE_OLD_LOW_INCOME,135,138.49435119723296,0,0.0
83,WFAgent5,MALE_YOUNG_LOW_INCOME,138,118.89721283997183,0,0.0
84,WFAgent6,MALE_YOUNG_LOW_INCOME,138,134.6879602298469,0,0.0
84,WFAgent7,FEMALE_LOW_INCOME,329,371.4263567148004,379,371.4200000000012
84,WFAgent0,MALE_OLD_LOW_INCOME,135,120.09772752530304,0,0.0
84,WFAgent1,FEMALE_YOUNG_LOW_INCOME,149,146.74046093490426,149,146.0200000000002
84,WFAgent2,YOUNG_HIGH_INCOME,59,50.87509076696521,0,0.0
84,WFAgent3,YOUNG_HIGH_INCOME,59,50.42449354662527,0,0.0
84,WFAgent4,MALE_OLD,196,198.45799911370455,202,197.95999999999967
84,WFAgent5,FEMALE_OLD_LOW_INCOME,181,157.89544253795486,0,0.0
85,WFAgent6,FEMALE_OLD_HIGH_INCOME,31,26.69081804387335,0,0.0
85,WFAgent7,FEMALE_YOUNG_HIGH_INCOME,20,18.598216751946076,0,0.0
85,WFAgent0,FEMALE_HIGH_INCOME,50,49.6494002522632,50,49.000000000000085
85,WFAgent1,FEMALE_YOUNG_LOW_INCOME,149,172.84543973287145,176,172.47999999999993
85,WFAgent2,MALE_OLD_LOW_INCOME,135,132.14144536281023,0,0.0
85,WFAgent3,FEMALE_OLD_HIGH_INCOME,31,33.32315641580416,34,33.32000000000002
85,WFAgent4,FEMALE_OLD_LOW_INCOME,181,189.93401797477844,193,189.13999999999976
85,WFAgent5,MALE_OLD,196,174.9355482889732,0,0.0
86,WFAgent6,FEMALE_OLD_HIGH_INCOME,31,33.98678882531444,34,33.32000000000002
86,WFAgent7,OLD_HIGH_INCOME,92,83.45484914935666,0,0.0
86,WFAgent0,FEMALE_YOUNG_HIGH_INCOME,20,20.352355817773,20,19.600000000000012
86,WFAgent1,FEMALE_YOUNG,168,175.8178687307904,179,175.4199999999999
86,WFAgent2,FEMALE_OLD,211,203.63991795144082,0,0.0
86,WFAgent3,MALE_YOUNG_HIGH_INCOME,39,32.1394283475885,0,0.0
86,WFAgent4,FEMALE_OLD,211,211.82389482932413,216,211.67999999999952
86,WFAgent5,FEMALE_YOUNG_HIGH_INCOME,20,17.08297173038453,0,0.0
87,WFAgent6,FEMALE_HIGH_INCOME,50,60.3652001607947,46,45.08000000000007
87,WFAgent7,YOUNG_LOW_INCOME,287,287.2498208542663,293,287.13999999999965
87,WFAgent0,OLD_HIGH_INCOME,92,92.20590690616305,94,92.12000000000026
87,WFAgent1,FEMALE_HIGH_INCOME,50,43.59112128191474,0,0.0
87,WFAgent2,MALE_YOUNG_LOW_INCOME,138,122.5959622896731,0,0.0
87,WFAgent3,MALE_YOUNG_LOW_INCOME,138,135.702105017819,138,135.24000000000032
87,WFAgent4,MALE_YOUNG_HIGH_INCOME,39,39.263464168686774,40,39.200000000000045
87,WFAgent5,OLD_HIGH_INCOME,92,80.76734255268269,0,0.0
88,WFAgent6,FEMALE_LOW_INCOME,329,296.5692706399322,0,0.0
88,WFAgent7,FEMALE_OLD,211,207.83962885106834,212,207.75999999999956
88,WFAgent0,FEMALE_YOUNG,168,137.2585586931703,0,0.0
88,WFAgent1,FEMALE_OLD,211,189.13877420153617,0,0.0
88,WFAgent2,FEMALE_HIGH_INCOME,50,52.91953422231572,48,47.04000000000008
88,WFAgent3,FEMALE_YOUNG_LOW_INCOME,149,151.83741770380638,154,150.92000000000016
88,WFAgent4,MALE_HIGH_INCOME,100,103.41470631517913,105,102.9000000000003
88,WFAgent5,YOUNG_HIGH_INCOME,59,64.311943616322,65,63.700000000000145
89,WFAgent6,YOUNG_HIGH_INCOME,59,61.79934374904131,63,61.74000000000014
89,WFAgent7,MALE_LOW_INCOME,273,267.82442242633437,134,131.32000000000036
89,WFAgent0,MALE_OLD_LOW_INCOME,135,110.02307927555321,0,0.0
89,WFAgent1,FEMALE_HIGH_INCOME,50,51.91767145278937,52,50.96000000000009
89,WFAgent2,MALE_LOW_INCOME,273,289.0283967806655,294,288.11999999999966
89,WFAgent3,YOUNG_LOW_INCOME,287,308.2293749535653,314,307.72
89,WFAgent4,MALE_YOUNG_LOW_INCOME,138,165.11492052158286,168,164.81502918543697
89,WFAgent5,OLD_LOW_INCOME,315,327.85830381992326,334,327.3200000000004
90,WFAgent6,OLD_LOW_INCOME,315,289.3621474763844,0,0.0
90,WFAgent7,MALE_YOUNG,177,159.12341551776993,0,0.0
90,WFAgent0,FEMALE_YOUNG_LOW_INCOME,149,155.98457325371137,159,155.8200000000001
90,WFAgent1,MALE_OLD_LOW_INCOME,135,134.9669805591258,0,0.0
90,WFAgent2,FEMALE_OLD_LOW_INCOME,181,186.6664977946115,190,186.1999999999998
90,WFAgent3,OLD_LOW_INCOME,315,357.83236844430064,329,322.4200000000003
90,WFAgent4,FEMALE_YOUNG_HIGH_INCOME,20,21.486214244672436,21,20.580000000000013
90,WFAgent5,FEMALE_YOUNG,168,151.93092214866223,0,0.0
91,WFAgent6,OLD_HIGH_INCOME,92,92.52828711117678,94,92.12000000000026
91,WFAgent7,OLD_LOW_INCOME,315,258.3518797433864,0,0.0
91,WFAgent0,FEMALE_HIGH_INCOME,50,47.18538304257284,0,0.0
91,WFAgent1,MALE_YOUNG_HIGH_INCOME,39,35.29198412228506,0,0.0
91,WFAgent2,MALE_OLD_HIGH_INCOME,61,63.51845126805153,64,62.72000000000014
91,WFAgent3,FEMALE_OLD,211,218.71940748611,223,218.53999999999945
91,WFAgent4,YOUNG_HIGH_INCOME,59,53.10120905644596,0,0.0
91,WFAgent5,FEMALE_OLD_HIGH_INCOME,31,29.60008204828525,0,0.0
92,WFAgent6,FEMALE_YOUNG_LOW_INCOME,149,169.62549457507504,155,168.85553886634537
92,WFAgent7,FEMALE_LOW_INCOME,329,358.40949862598575,365,357.70000000000095
92,WFAgent0,MALE_OLD_LOW_INCOME,135,147.97981297572622,150,147.0000000000002
92,WFAgent1,OLD_HIGH_INCOME,92,107.35441448972584,109,106.82000000000032
92,WFAgent2,FEMALE_LOW_INCOME,329,285.3826607377768,0,0.0
92,WFAgent3,FEMALE_YOUNG,168,184.1129758726912,187,183.25999999999982
92,WFAgent4,OLD_HIGH_INCOME,92,81.45184079007718,0,0.0
92,WFAgent5,YOUNG_HIGH_INCOME,59,63.066012733004406,64,62.72000000000014
93,WFAgent6,OLD_LOW_INCOME,315,348.1534781059993,355,347.9000000000008
93,WFAgent7,OLD_LOW_INCOME,315,324.4545734064719,180,176.3999999999999
93,WFAgent0,MALE_OLD_HIGH_INCOME,61,59.30435301550757,0,0.0
93,WFAgent1,MALE_YOUNG_LOW_INCOME,138,153.54580042586878,156,152.88000000000014
93,WFAgent2,FEMALE_LOW_INCOME,329,351.3697327945324,358,350.8400000000008
93,WFAgent3,OLD_LOW_INCOME,315,316.78010083953666,0,0.0
93,WFAgent4,MALE_LOW_INCOME,273,288.13403651952655,289,287.3754804317618
93,WFAgent5,MALE_OLD_LOW_INCOME,135,146.70427475071722,142,146.26206166260002
94,WFAgent6,MALE_HIGH_INCOME,100,116.26246848964136,87,85.26000000000023
94,WFAgent7,MALE_YOUNG_LOW_INCOME,138,134.10211771738577,0,0.0
94,WFAgent0,OLD_LOW_INCOME,315,283.87484286205597,0,0.0
94,WFAgent1,FEMALE_YOUNG_HIGH_INCOME,20,19.16164963461905,0,0.0
94,WFAgent2,YOUNG_HIGH_INCOME,59,57.37534093743138,0,0.0
94,WFAgent3,MALE_OLD_HIGH_INCOME,61,73.76292573839288,68,73.69489316468876
94,WFAgent4,FEMALE_LOW_INCOME,329,348.0505753832903,355,347.9000000000008
94,WFAgent5,MALE_HIGH_INCOME,100,108.37484288924816,90,88.20000000000024
95,WFAgent6,MALE_LOW_INCOME,273,264.13805111927553,0,0.0
95,WFAgent7,OLD_LOW_INCOME,315,372.14503018453814,374,366.5200000000011
95,WFAgent0,MALE_HIGH_INCOME,100,110.6373965317929,112,109.76000000000033
95,WFAgent1,FEMALE_HIGH_INCOME,50,50.00651720554208,51,49.98000000000009
95,WFAgent2,MALE_YOUNG_HIGH_INCOME,39,41.41258059525416,42,41.16000000000005
95,WFAgent3,FEMALE_YOUNG_LOW_INCOME,149,161.96085813701092,165,161.70000000000005
95,WFAgent4,OLD_HIGH_INCOME,92,73.12190993356603,0,0.0
95,WFAgent5,MALE_YOUNG_HIGH_INCOME,39,37.704637291968595,0,0.0
96,WFAgent6,FEMALE_YOUNG_HIGH_INCOME,20,23.108427805991152,23,22.540000000000013
96,WFAgent7,MALE_OLD,196,157.49619722789154,0,0.0
96,WFAgent0,FEMALE_HIGH_INCOME,50,55.63993848867807,56,54.88000000000011
96,WFAgent1,OLD_LOW_INCOME,315,342.9006040835841,181,177.37999999999988
96,WFAgent2,YOUNG_LOW_INCOME,287,277.4666648115972,0,0.0
96,WFAgent3,FEMALE_YOUNG_LOW_INCOME,149,151.4388244459419,154,150.92000000000016
96,WFAgent4,MALE_OLD,196,215.0128212525207,219,214.6199999999995
96,WFAgent5,YOUNG_LOW_INCOME,287,330.4710299446513,337,330.26000000000045
97,WFAgent6,FEMALE_OLD,211,191.46501873785073,0,0.0
97,WFAgent7,FEMALE_OLD,211,217.52940164196963,221,216.57999999999947
97,WFAgent0,MALE_OLD_HIGH_INCOME,61,59.25553790725807,0,0.0
97,WFAgent1,MALE_YOUNG_HIGH_INCOME,39,39.83151246058702,40,39.200000000000045
97,WFAgent2,FEMALE_LOW_INCOME,329,343.6351990789903,350,343.0000000000007
97,WFAgent3,MALE_YOUNG,177,179.38843258511386,183,179.33999999999986
97,WFAgent4,MALE_YOUNG_HIGH_INCOME,39,40.74945610951174,40,40.539758776296914
97,WFAgent5,MALE_LOW_INCOME,273,213.61550280321575,0,0.0
98,WFAgent6,YOUNG_HIGH_INCOME,59,46.45954185382416,0,0.0
98,WFAgent7,MALE_OLD_LOW_INCOME,135,145.35482760335097,148,145.04000000000022
98,WFAgent0,MALE_YOUNG_HIGH_INCOME,39,37.38499182555792,0,0.0
98,WFAgent1,MALE_YOUNG,177,163.67824056042227,0,0.0
98,WFAgent2,YOUNG_LOW_INCOME,287,254.04802322636357,0,0.0
98,WFAgent3,MALE_OLD_LOW_INCOME,135,139.38329726091877,142,139.16000000000028
98,WFAgent4,MALE_LOW_INCOME,273,294.1068119462475,300,293.9999999999998
98,WFAgent5,FEMALE_LOW_INCOME,329,335.6446494639111,342,335.16000000000054
99,WFAgent6,MALE_OLD,196,226.4412270346631,226,226.05107843328767
99,WFAgent7,MALE_OLD_LOW_INCOME,135,136.38672575161522,48,47.04000000000008
99,WFAgent0,YOUNG_HIGH_INCOME,59,63.8929719251154,65,63.700000000000145
99,WFAgent1,FEMALE_HIGH_INCOME,50,46.88304904788308,0,0.0
99,WFAgent2,MALE_OLD_LOW_INCOME,135,144.61191569270346,147,144.06000000000023
99,WFAgent3,MALE_YOUNG_HIGH_INCOME,39,40.64740638799509,41,40.18000000000005
99,WFAgent4,MALE_HIGH_INCOME,100,89.11265934461044,0,0.0
99,WFAgent5,MALE_YOUNG_LOW_INCOME,138,112.29221263526415,0,0.0

