0,WEAgent1,FEMALE_OLD_LOW_INCOME,301,300.0490602428324,697,299.7100000000037
0,WEAgent2,FEMALE_OLD,351,309.80588406978444,380,163.40000000000154
0,WEAgent0,MALE_LOW_INCOME,454,423.0181383816007,453,422.08638036754775
0,WEAgent3,YOUNG_LOW_INCOME,477,564.0584535021153,792,563.842316255092
0,WFAgent0,YOUNG_LOW_INCOME,477,455.6142730374059,1059,455.37000000000614
0,WFAgent1,MALE_OLD,326,288.7430331892618,532,228.76000000000258
0,WFAgent2,OLD_LOW_INCOME,525,569.3840361736789,1324,569.3200000000004
0,WFAgent3,FEMALE_YOUNG_LOW_INCOME,248,282.5692168600634,657,282.5100000000034
1,WEAgent1,FEMALE_OLD_LOW_INCOME,301,289.88947917736857,300,288.9263912066819
1,WEAgent2,MALE_OLD_LOW_INCOME,225,226.98757393755818,527,226.61000000000254
1,WEAgent0,FEMALE_YOUNG,280,229.75653578200664,266,229.258681632243
1,WEAgent3,YOUNG_LOW_INCOME,477,449.7400497258012,1045,449.35000000000605
1,WFAgent0,MALE_OLD,326,321.11355810875864,746,320.780000000004
1,WFAgent1,FEMALE_HIGH_INCOME,83,62.762759419900334,145,62.34999999999997
1,WFAgent2,FEMALE_YOUNG_LOW_INCOME,248,285.050337861191,662,284.66000000000344
1,WFAgent3,OLD_LOW_INCOME,525,524.3297408336143,851,524.2571272946172
2,WEAgent1,MALE_OLD_HIGH_INCOME,101,101.94289827321909,237,101.91000000000058
2,WEAgent2,MALE_YOUNG_HIGH_INCOME,65,62.63657991515779,70,61.8389029003575
2,WEAgent0,MALE_OLD_LOW_INCOME,225,226.35298441150735,526,226.18000000000254
2,WEAgent3,YOUNG_HIGH_INCOME,97,85.69105116192388,119,85.62938029181701
2,WFAgent0,MALE_YOUNG,295,311.5308856289853,724,311.32000000000386
2,WFAgent1,FEMALE_OLD,351,357.86454871397564,389,167.2700000000016
2,WFAgent2,YOUNG_LOW_INCOME,477,444.57306128030325,1033,444.19000000000597
2,WFAgent3,FEMALE_OLD_LOW_INCOME,301,234.43288744527743,545,234.35000000000267
3,WEAgent1,MALE_YOUNG_HIGH_INCOME,65,63.79305670273699,148,63.63999999999997
3,WEAgent2,FEMALE_OLD_HIGH_INCOME,51,56.65445495929003,131,56.32999999999998
3,WEAgent0,FEMALE_OLD_LOW_INCOME,301,278.94566556002786,648,278.64000000000334
3,WEAgent3,MALE_LOW_INCOME,454,438.11708652634667,1018,437.74000000000586
3,WFAgent0,FEMALE_LOW_INCOME,548,561.9536502348418,1306,561.5800000000013
3,WFAgent1,FEMALE_YOUNG_HIGH_INCOME,32,30.891158944431762,71,30.529999999999994
3,WFAgent2,FEMALE_YOUNG_HIGH_INCOME,32,32.148230170981435,74,31.819999999999993
3,WFAgent3,FEMALE_OLD,351,364.5897719624801,262,112.66000000000075
4,WEAgent1,FEMALE_YOUNG_LOW_INCOME,248,221.92477653391467,248,221.92477653391427
4,WEAgent2,FEMALE_YOUNG,280,204.20327547792175,241,203.57446352738555
4,WEAgent0,FEMALE_LOW_INCOME,548,610.6419710882799,1169,610.5170490155906
4,WEAgent3,FEMALE_OLD_HIGH_INCOME,51,47.77024373526237,0,0.0
4,WFAgent0,FEMALE_YOUNG_LOW_INCOME,248,281.0002209218318,314,280.98540254697207
4,WFAgent1,OLD_HIGH_INCOME,152,133.45641694160147,310,133.30000000000106
4,WFAgent2,OLD_HIGH_INCOME,152,138.05467786325477,321,138.03000000000114
4,WFAgent3,FEMALE_HIGH_INCOME,83,73.60651459386807,103,73.51893934627334
5,WEAgent1,MALE_YOUNG_HIGH_INCOME,65,63.66941269789835,74,63.30747412366459
5,WEAgent2,MALE_YOUNG_HIGH_INCOME,65,70.30259042038342,82,70.15152538027696
5,WEAgent0,FEMALE_OLD_LOW_INCOME,301,274.81992434284825,639,274.7700000000033
5,WEAgent3,FEMALE_HIGH_INCOME,83,84.42222512741597,196,84.2800000000003
5,WFAgent0,OLD_LOW_INCOME,525,515.627122923767,1199,515.5700000000066
5,WFAgent1,MALE_YOUNG_HIGH_INCOME,65,55.60791645997573,129,55.46999999999998
5,WFAgent2,MALE_OLD_LOW_INCOME,225,235.79320852151687,276,235.08278461172102
5,WFAgent3,MALE_LOW_INCOME,454,386.6941457018908,899,386.57000000000505
6,WEAgent1,FEMALE_OLD,351,297.64529328429,692,297.56000000000364
6,WEAgent2,FEMALE_YOUNG_HIGH_INCOME,32,33.586605001520304,0,0.0
6,WEAgent0,FEMALE_YOUNG_HIGH_INCOME,32,31.97511337272019,0,0.0
6,WEAgent3,FEMALE_LOW_INCOME,548,515.9382705289105,1199,515.5700000000066
6,WFAgent0,FEMALE_OLD,351,397.9043888239116,469,397.7083833342774
6,WFAgent1,FEMALE_YOUNG,280,283.7586188132113,334,283.2294243787819
6,WFAgent2,MALE_OLD,326,284.8298372595907,662,284.66000000000344
6,WFAgent3,FEMALE_HIGH_INCOME,83,84.02601489796187,99,83.9512365673638
7,WEAgent1,OLD_HIGH_INCOME,152,150.62409409897847,350,150.50000000000134
7,WEAgent2,FEMALE_OLD_HIGH_INCOME,51,48.1173211053669,0,0.0
7,WEAgent0,MALE_LOW_INCOME,454,416.02421606872707,453,415.10786316989936
7,WEAgent3,FEMALE_LOW_INCOME,548,508.3949987929246,1182,508.260000000007
7,WFAgent0,FEMALE_OLD,351,332.6021686359542,773,332.3900000000042
7,WFAgent1,MALE_OLD_LOW_INCOME,225,217.9571840547414,506,217.5800000000024
7,WFAgent2,OLD_HIGH_INCOME,152,150.4354484954166,349,150.07000000000133
7,WFAgent3,MALE_YOUNG_LOW_INCOME,230,234.79760946999346,546,234.78000000000267
8,WEAgent1,MALE_OLD,326,311.43073981094784,369,310.89226407054343
8,WEAgent2,FEMALE_OLD,351,354.4430378034118,824,354.32000000000454
8,WEAgent0,YOUNG_LOW_INCOME,477,488.97551464201564,802,488.87562797352194
8,WEAgent3,MALE_OLD,326,339.93309623078994,404,339.5556372801043
8,WFAgent0,FEMALE_OLD,351,397.37891315882837,410,253.99443608449525
8,WFAgent1,MALE_YOUNG_LOW_INCOME,230,237.39077876966172,231,236.79946306563087
8,WFAgent2,FEMALE_YOUNG_HIGH_INCOME,32,37.526480695990415,87,37.40999999999999
8,WFAgent3,MALE_OLD_HIGH_INCOME,101,85.09517255047342,39,16.770000000000003
9,WEAgent1,FEMALE_YOUNG_LOW_INCOME,248,290.79070470888746,676,290.68000000000353
9,WEAgent2,FEMALE_OLD_HIGH_INCOME,51,54.189977460661275,53,54.019387756006296
9,WEAgent0,OLD_HIGH_INCOME,152,154.92352714930118,299,154.49628417479911
9,WEAgent3,FEMALE_YOUNG_HIGH_INCOME,32,32.06769388299703,0,0.0
9,WFAgent0,FEMALE_HIGH_INCOME,83,88.09771140923996,204,87.72000000000035
9,WFAgent1,MALE_HIGH_INCOME,166,145.51178474188978,338,145.34000000000125
9,WFAgent2,FEMALE_OLD_HIGH_INCOME,51,56.793397545483,55,56.057855218497096
9,WFAgent3,FEMALE_YOUNG,280,304.7311342062224,708,304.44000000000375
10,WEAgent1,FEMALE_YOUNG_LOW_INCOME,248,223.14382524407475,518,222.74000000000248
10,WEAgent2,FEMALE_OLD,351,358.1355293124881,402,172.8600000000017
10,WEAgent0,MALE_YOUNG_HIGH_INCOME,65,66.26704490677622,0,0.0
10,WEAgent3,MALE_YOUNG,295,306.8367269991493,295,306.8367269991478
10,WFAgent0,FEMALE_HIGH_INCOME,83,100.79760947997092,234,100.62000000000056
10,WFAgent1,MALE_LOW_INCOME,454,478.7594682385974,1113,478.5900000000065
10,WFAgent2,MALE_YOUNG,295,307.5013301608351,310,307.18548201612606
10,WFAgent3,MALE_YOUNG,295,359.7955529871834,505,217.1500000000024
11,WEAgent1,YOUNG_HIGH_INCOME,97,82.76096084066016,97,82.7609608406601
11,WEAgent2,MALE_YOUNG_LOW_INCOME,230,208.42759251791637,484,208.12000000000225
11,WEAgent0,MALE_HIGH_INCOME,166,174.35977224342915,192,173.99172940626016
11,WEAgent3,MALE_OLD,326,387.2732198517603,640,348.05965937061694
11,WFAgent0,MALE_HIGH_INCOME,166,191.64756714006583,445,191.35000000000198
11,WFAgent1,MALE_LOW_INCOME,454,424.9333603235358,988,424.84000000000566
11,WFAgent2,FEMALE_HIGH_INCOME,83,91.77138029351865,109,91.72981287742236
11,WFAgent3,FEMALE_OLD,351,322.96168615691863,415,178.45000000000178
12,WEAgent1,YOUNG_LOW_INCOME,477,506.1059613075965,831,505.7522767132708
12,WEAgent2,FEMALE_OLD,351,321.62498660328026,407,175.01000000000172
12,WEAgent0,FEMALE_OLD_LOW_INCOME,301,282.6844731621755,308,282.22363496812034
12,WEAgent3,FEMALE_YOUNG,280,288.5084039292195,344,288.34646382635776
12,WFAgent0,YOUNG_LOW_INCOME,477,493.49501055200653,1147,493.21000000000674
12,WFAgent1,FEMALE_OLD_LOW_INCOME,301,279.8512299349954,650,279.50000000000335
12,WFAgent2,FEMALE_LOW_INCOME,548,543.8717204107143,925,397.75000000000523
12,WFAgent3,FEMALE_OLD_LOW_INCOME,301,297.2689107227522,319,296.5865194327689
13,WEAgent1,FEMALE_LOW_INCOME,548,546.4187397882908,1270,546.1000000000031
13,WEAgent2,MALE_LOW_INCOME,454,482.55986724704496,1122,482.4600000000066
13,WEAgent0,FEMALE_YOUNG_HIGH_INCOME,32,33.81485956314137,0,0.0
13,WEAgent3,MALE_YOUNG_HIGH_INCOME,65,53.51382817254045,65,53.5138281725404
13,WFAgent0,MALE_OLD_LOW_INCOME,225,220.41434994362066,512,220.16000000000244
13,WFAgent1,FEMALE_YOUNG,280,260.26505262886303,605,260.15000000000305
13,WFAgent2,OLD_HIGH_INCOME,152,165.5219510087952,384,165.12000000000157
13,WFAgent3,MALE_YOUNG,295,356.11454939024753,488,235.01053850835018
14,WEAgent1,FEMALE_HIGH_INCOME,83,87.07803031720242,105,86.4621669959484
14,WEAgent2,YOUNG_HIGH_INCOME,97,96.14871659975908,116,95.5201083002858
14,WEAgent0,YOUNG_HIGH_INCOME,97,96.92809204003943,123,96.56286225285979
14,WEAgent3,OLD_HIGH_INCOME,152,138.40475233915262,224,138.0256162054344
14,WFAgent0,FEMALE_OLD_LOW_INCOME,301,280.6378299133843,652,280.36000000000337
14,WFAgent1,OLD_LOW_INCOME,525,517.939180646523,1204,517.7200000000064
14,WFAgent2,MALE_HIGH_INCOME,166,156.13082809957407,233,100.19000000000055
14,WFAgent3,FEMALE_YOUNG,280,230.56577865586257,536,230.4800000000026
15,WEAgent1,FEMALE_YOUNG,280,284.91360239931066,662,284.66000000000344
15,WEAgent2,OLD_HIGH_INCOME,152,142.9820935072309,281,120.83000000000088
15,WEAgent0,MALE_YOUNG,295,287.2961176807548,513,220.59000000000245
15,WEAgent3,MALE_OLD_HIGH_INCOME,101,73.9644964569137,172,73.96000000000014
15,WFAgent0,FEMALE_HIGH_INCOME,83,85.11400750062379,116,84.94932266338596
15,WFAgent1,FEMALE_OLD_LOW_INCOME,301,276.3578758127794,642,276.0600000000033
15,WFAgent2,MALE_OLD,326,368.3749072581813,856,368.08000000000476
15,WFAgent3,MALE_YOUNG_LOW_INCOME,230,210.2573895625097,488,209.84000000000228
16,WEAgent1,MALE_OLD_HIGH_INCOME,101,94.25618085994842,219,94.17000000000046
16,WEAgent2,FEMALE_LOW_INCOME,548,568.4983074850206,1322,568.4600000000005
16,WEAgent0,FEMALE_OLD_LOW_INCOME,301,320.2192822986834,338,320.1308717211094
16,WEAgent3,FEMALE_HIGH_INCOME,83,85.53388341196604,198,85.14000000000031
16,WFAgent0,MALE_OLD_LOW_INCOME,225,208.5753787077297,485,208.55000000000226
16,WFAgent1,FEMALE_OLD_LOW_INCOME,301,306.27370341833233,712,306.1600000000038
16,WFAgent2,FEMALE_LOW_INCOME,548,519.0287506010915,713,306.5900000000038
16,WFAgent3,FEMALE_OLD_HIGH_INCOME,51,60.01006152584391,139,59.769999999999975
17,WEAgent1,FEMALE_HIGH_INCOME,83,95.41096538426731,221,95.03000000000047
17,WEAgent2,FEMALE_YOUNG_LOW_INCOME,248,278.5551496838205,312,278.3468997348166
17,WEAgent0,MALE_YOUNG_LOW_INCOME,230,235.8025521285153,548,235.6400000000027
17,WEAgent3,FEMALE_YOUNG,280,300.84155047907797,299,300.4851496838188
17,WFAgent0,MALE_OLD_HIGH_INCOME,101,93.58057069444861,217,93.31000000000044
17,WFAgent1,FEMALE_HIGH_INCOME,83,83.83078686531245,194,83.42000000000029
17,WFAgent2,MALE_YOUNG_HIGH_INCOME,65,71.64319068275339,166,71.3800000000001
17,WFAgent3,FEMALE_OLD_HIGH_INCOME,51,48.13669787293905,111,47.72999999999998
18,WEAgent1,FEMALE_OLD_HIGH_INCOME,51,47.28561735779688,51,47.28561735779686
18,WEAgent2,FEMALE_HIGH_INCOME,83,93.69737048739901,148,93.47013806799674
18,WEAgent0,MALE_YOUNG_LOW_INCOME,230,199.22307594572683,463,199.0900000000021
18,WEAgent3,YOUNG_HIGH_INCOME,97,87.00828299219302,202,86.86000000000034
18,WFAgent0,MALE_HIGH_INCOME,166,169.11195591409478,393,168.99000000000163
18,WFAgent1,FEMALE_YOUNG,280,268.14455442697727,623,267.89000000000317
18,WFAgent2,MALE_OLD_LOW_INCOME,225,238.5907139700535,554,238.22000000000273
18,WFAgent3,MALE_OLD_LOW_INCOME,225,258.4998236022687,601,258.430000000003
19,WEAgent1,MALE_LOW_INCOME,454,375.2643772996761,872,374.96000000000487
19,WEAgent2,FEMALE_LOW_INCOME,548,633.0585526951369,1472,632.959999999993
19,WEAgent0,MALE_HIGH_INCOME,166,185.00871684817298,430,184.90000000000188
19,WEAgent3,FEMALE_HIGH_INCOME,83,76.13023526261851,0,0.0
19,WFAgent0,FEMALE_OLD_HIGH_INCOME,51,49.939957155292554,116,49.87999999999998
19,WFAgent1,MALE_YOUNG,295,312.362116524384,69,29.669999999999995
19,WFAgent2,FEMALE_OLD,351,371.79470033062887,864,371.5200000000048
19,WFAgent3,FEMALE_YOUNG,280,285.56873872467025,506,217.5800000000024
20,WEAgent1,YOUNG_HIGH_INCOME,97,100.22656632449021,174,99.55380638457875
20,WEAgent2,FEMALE_OLD,351,338.95345753256584,405,174.1500000000017
20,WEAgent0,YOUNG_HIGH_INCOME,97,103.6879375989602,158,103.53255065097929
20,WEAgent3,FEMALE_LOW_INCOME,548,567.1431421648368,1318,566.7400000000007
20,WFAgent0,FEMALE_OLD,351,337.2332977282489,784,337.12000000000427
20,WFAgent1,FEMALE_LOW_INCOME,548,616.4565436111187,641,615.8590992701102
20,WFAgent2,YOUNG_LOW_INCOME,477,484.6400835257381,21,9.030000000000006
20,WFAgent3,YOUNG_HIGH_INCOME,97,106.67650305453746,103,106.42614774662384
21,WEAgent1,FEMALE_YOUNG_LOW_INCOME,248,250.8917324268223,306,250.5241606145477
21,WEAgent2,OLD_HIGH_INCOME,152,144.72171640936853,336,144.48000000000124
21,WEAgent0,MALE_YOUNG,295,331.1025392087594,557,239.51000000000275
21,WEAgent3,FEMALE_YOUNG_LOW_INCOME,248,228.03157132678075,248,228.03157132678075
21,WFAgent0,FEMALE_YOUNG_LOW_INCOME,248,273.78258416837434,297,273.0861963066684
21,WFAgent1,MALE_YOUNG_LOW_INCOME,230,233.89851134539057,543,233.49000000000265
21,WFAgent2,FEMALE_HIGH_INCOME,83,90.30005203831762,210,90.3000000000004
21,WFAgent3,FEMALE_OLD_HIGH_INCOME,51,41.78103559984068,86,36.97999999999999
22,WEAgent1,YOUNG_LOW_INCOME,477,446.56852406898366,1038,446.340000000006
22,WEAgent2,OLD_HIGH_INCOME,152,159.09357723057238,177,158.2892887672256
22,WEAgent0,MALE_HIGH_INCOME,166,200.41014801742827,285,200.08639109676167
22,WEAgent3,FEMALE_YOUNG_LOW_INCOME,248,211.08732663087778,490,210.7000000000023
22,WFAgent0,MALE_OLD,326,291.5384640571493,677,291.11000000000354
22,WFAgent1,FEMALE_YOUNG_HIGH_INCOME,32,30.57810043938304,71,30.529999999999994
22,WFAgent2,FEMALE_YOUNG_HIGH_INCOME,32,35.904162072856195,83,35.68999999999999
22,WFAgent3,YOUNG_LOW_INCOME,477,422.0949526293999,746,320.780000000004
23,WEAgent1,FEMALE_OLD_LOW_INCOME,301,322.6860277153084,301,322.6860277153081
23,WEAgent2,MALE_HIGH_INCOME,166,145.46155968925916,273,145.09584867790213
23,WEAgent0,MALE_YOUNG_HIGH_INCOME,65,55.23606309187197,64,54.386277505843246
23,WEAgent3,OLD_LOW_INCOME,525,541.099266968759,1258,540.9400000000037
23,WFAgent0,FEMALE_YOUNG_LOW_INCOME,248,246.90238449793813,574,246.82000000000286
23,WFAgent1,FEMALE_OLD_HIGH_INCOME,51,50.89084485964547,118,50.73999999999998
23,WFAgent2,FEMALE_OLD_LOW_INCOME,301,325.513378222105,312,325.48988790419213
23,WFAgent3,MALE_LOW_INCOME,454,469.934194413998,1092,469.56000000000637
24,WEAgent1,FEMALE_OLD_HIGH_INCOME,51,45.745070702214356,0,0.0
24,WEAgent2,MALE_YOUNG_LOW_INCOME,230,248.59507853404244,253,247.77978122258293
24,WEAgent0,MALE_OLD_LOW_INCOME,225,269.3615096500008,626,269.1800000000032
24,WEAgent3,YOUNG_LOW_INCOME,477,542.9588520115927,903,542.6620495001807
24,WFAgent0,FEMALE_HIGH_INCOME,83,69.705210706027,162,69.66000000000007
24,WFAgent1,OLD_LOW_INCOME,525,512.5385727336269,1166,501.3800000000069
24,WFAgent2,MALE_YOUNG_LOW_INCOME,230,225.25434656598327,523,224.89000000000252
24,WFAgent3,FEMALE_OLD,351,294.04910778044723,393,168.99000000000163
25,WEAgent1,OLD_HIGH_INCOME,152,164.37539023330783,334,163.74703210321493
25,WEAgent2,MALE_HIGH_INCOME,166,189.59974380386245,440,189.20000000000195
25,WEAgent0,FEMALE_OLD,351,323.237030932392,333,168.71696754554122
25,WEAgent3,FEMALE_OLD_HIGH_INCOME,51,51.89185029311477,0,0.0
25,WFAgent0,FEMALE_LOW_INCOME,548,641.0896195379048,1490,640.6999999999921
25,WFAgent1,MALE_YOUNG_LOW_INCOME,230,219.01122954071587,509,218.87000000000242
25,WFAgent2,YOUNG_HIGH_INCOME,97,87.88941802592001,63,27.089999999999996
25,WFAgent3,FEMALE_OLD_HIGH_INCOME,51,55.37480027993662,60,55.254193321776455
26,WEAgent1,MALE_OLD_LOW_INCOME,225,234.2247504530353,412,234.13723872212304
26,WEAgent2,MALE_OLD_LOW_INCOME,225,195.34098132993768,300,195.25260316525814
26,WEAgent0,OLD_HIGH_INCOME,152,165.00439795775702,383,164.69000000000156
26,WEAgent3,MALE_YOUNG_LOW_INCOME,230,149.69366242669776,229,149.04282041614704
26,WFAgent0,MALE_LOW_INCOME,454,453.7711337364605,697,453.63688135394113
26,WFAgent1,MALE_YOUNG_LOW_INCOME,230,217.26479107117552,394,216.9010322684362
26,WFAgent2,MALE_YOUNG_HIGH_INCOME,65,66.8017908612888,155,66.65000000000002
26,WFAgent3,FEMALE_OLD,351,343.2758006877801,302,129.860000000001
27,WEAgent1,FEMALE_YOUNG_HIGH_INCOME,32,37.16570013134831,86,36.97999999999999
27,WEAgent2,MALE_OLD_HIGH_INCOME,101,86.95848907661474,110,86.79907459452994
27,WEAgent0,MALE_OLD,326,257.24089379833384,492,257.16347703186887
27,WEAgent3,FEMALE_HIGH_INCOME,83,107.30043961022915,249,107.07000000000066
27,WFAgent0,OLD_LOW_INCOME,525,434.2578132362345,1009,433.8700000000058
27,WFAgent1,OLD_HIGH_INCOME,152,178.58708669724155,226,178.33264416694345
27,WFAgent2,MALE_OLD,326,318.90300812758926,741,318.630000000004
27,WFAgent3,FEMALE_HIGH_INCOME,83,93.47141148248555,143,61.489999999999974
28,WEAgent1,MALE_HIGH_INCOME,166,177.7758661938823,413,177.59000000000177
28,WEAgent2,MALE_LOW_INCOME,454,472.1272764202644,1097,471.7100000000064
28,WEAgent0,MALE_YOUNG_HIGH_INCOME,65,67.66823200074484,77,67.30720799556649
28,WEAgent3,FEMALE_YOUNG,280,284.80667848040946,662,284.66000000000344
28,WFAgent0,MALE_OLD_LOW_INCOME,225,239.9493950148894,230,239.18342197502486
28,WFAgent1,YOUNG_HIGH_INCOME,97,84.78959968272657,197,84.7100000000003
28,WFAgent2,YOUNG_HIGH_INCOME,97,97.0256404869068,140,96.61780591735695
28,WFAgent3,MALE_OLD,326,342.09587234151667,413,177.59000000000177
29,WEAgent1,FEMALE_OLD_HIGH_INCOME,51,57.09829282643642,132,56.75999999999998
29,WEAgent2,FEMALE_YOUNG_LOW_INCOME,248,300.61321344282555,699,300.5700000000037
29,WEAgent0,FEMALE_YOUNG_HIGH_INCOME,32,33.40417888475631,34,32.93917514356829
29,WEAgent3,YOUNG_HIGH_INCOME,97,93.97352908606256,178,93.78157660571179
29,WFAgent0,YOUNG_HIGH_INCOME,97,106.82887916897383,248,106.64000000000065
29,WFAgent1,FEMALE_OLD_HIGH_INCOME,51,54.30196469521788,126,54.17999999999998
29,WFAgent2,MALE_YOUNG_LOW_INCOME,230,216.21037494043418,502,215.86000000000237
29,WFAgent3,OLD_LOW_INCOME,525,525.919671017192,1223,525.8900000000054
30,WEAgent1,MALE_LOW_INCOME,454,449.2748722069356,1044,448.92000000000604
30,WEAgent2,FEMALE_YOUNG,280,243.68435303067344,566,243.3800000000028
30,WEAgent0,MALE_YOUNG,295,282.76531099426245,500,282.65138917717377
30,WEAgent3,FEMALE_YOUNG_HIGH_INCOME,32,30.80329421745466,0,0.0
30,WFAgent0,MALE_OLD,326,322.0282336872209,727,312.6100000000039
30,WFAgent1,FEMALE_OLD_LOW_INCOME,301,296.69019577969954,689,296.2700000000036
30,WFAgent2,MALE_YOUNG,295,347.8399341427256,408,175.44000000000173
30,WFAgent3,FEMALE_HIGH_INCOME,83,88.7420955868352,206,88.58000000000037
31,WEAgent1,FEMALE_YOUNG_LOW_INCOME,248,232.05816669625918,539,231.77000000000263
31,WEAgent2,MALE_OLD_HIGH_INCOME,101,74.26702147112357,100,73.53170442685503
31,WEAgent0,MALE_OLD_HIGH_INCOME,101,121.26806519529384,208,120.88765555966141
31,WEAgent3,FEMALE_YOUNG_HIGH_INCOME,32,34.80032908628057,80,34.39999999999999
31,WFAgent0,MALE_YOUNG,295,300.27560206015926,698,300.1400000000037
31,WFAgent1,FEMALE_OLD_LOW_INCOME,301,293.09099172858384,681,292.83000000000357
31,WFAgent2,MALE_LOW_INCOME,454,491.1546229253068,1142,491.0600000000067
31,WFAgent3,YOUNG_HIGH_INCOME,97,89.28950943279354,207,89.01000000000037
32,WEAgent1,FEMALE_YOUNG_HIGH_INCOME,32,32.395421732822506,0,0.0
32,WEAgent2,YOUNG_HIGH_INCOME,97,96.82224725996369,225,96.7500000000005
32,WEAgent0,OLD_LOW_INCOME,525,477.90289763340326,1111,477.7300000000065
32,WEAgent3,FEMALE_HIGH_INCOME,83,74.30756262213744,172,73.96000000000014
32,WFAgent0,FEMALE_YOUNG,280,300.4010830742134,698,300.1400000000037
32,WFAgent1,FEMALE_LOW_INCOME,548,600.2221715495133,1395,599.8499999999968
32,WFAgent2,YOUNG_LOW_INCOME,477,541.8855295774937,1260,541.8000000000036
32,WFAgent3,FEMALE_YOUNG_LOW_INCOME,248,313.934490735137,730,313.9000000000039
33,WEAgent1,YOUNG_LOW_INCOME,477,497.7417806246195,515,497.59053328713134
33,WEAgent2,MALE_YOUNG_LOW_INCOME,230,222.58863130533493,517,222.31000000000247
33,WEAgent0,FEMALE_LOW_INCOME,548,529.4749752259128,847,528.8219295517474
33,WEAgent3,FEMALE_LOW_INCOME,548,687.9937469917733,974,687.9899955536497
33,WFAgent0,FEMALE_OLD_HIGH_INCOME,51,44.57225907228567,103,44.289999999999985
33,WFAgent1,FEMALE_LOW_INCOME,548,575.6181824679344,595,574.8861501084335
33,WFAgent2,OLD_LOW_INCOME,525,527.1358678252102,1225,526.7500000000053
33,WFAgent3,MALE_OLD,326,293.1002560917796,503,216.29000000000238
34,WEAgent1,MALE_OLD_LOW_INCOME,225,210.25269184466612,488,209.84000000000228
34,WEAgent2,FEMALE_YOUNG_LOW_INCOME,248,291.98198160449925,435,291.7128646172757
34,WEAgent0,FEMALE_YOUNG_LOW_INCOME,248,212.1537822157893,248,212.15378221578888
34,WEAgent3,FEMALE_OLD,351,361.7285152485421,841,361.63000000000466
34,WFAgent0,FEMALE_YOUNG_LOW_INCOME,248,268.00916744922694,313,267.7586041675077
34,WFAgent1,FEMALE_OLD,351,438.7263982894958,388,251.51974544172367
34,WFAgent2,FEMALE_YOUNG_LOW_INCOME,248,224.11706282305943,261,223.27474660613257
34,WFAgent3,MALE_HIGH_INCOME,166,169.12146869122157,393,168.99000000000163
35,WEAgent1,MALE_YOUNG_LOW_INCOME,230,207.98382864227278,483,207.69000000000224
35,WEAgent2,MALE_OLD_HIGH_INCOME,101,90.15329663221824,101,90.15329663221823
35,WEAgent0,MALE_OLD_HIGH_INCOME,101,98.16983575526379,135,97.83419317198808
35,WEAgent3,YOUNG_HIGH_INCOME,97,113.46830794356083,263,113.09000000000076
35,WFAgent0,FEMALE_YOUNG_HIGH_INCOME,32,33.463584306918044,77,33.10999999999999
35,WFAgent1,FEMALE_YOUNG,280,276.52873546983363,643,276.4900000000033
35,WFAgent2,MALE_YOUNG,295,270.31280821559596,240,103.2000000000006
35,WFAgent3,FEMALE_OLD,351,370.7630493209245,389,167.2700000000016
36,WEAgent1,FEMALE_OLD_HIGH_INCOME,51,52.30692839674519,121,52.02999999999998
36,WEAgent2,FEMALE_LOW_INCOME,548,629.7779505674731,1296,557.2800000000018
36,WEAgent0,MALE_YOUNG_HIGH_INCOME,65,66.31774320895254,154,66.22000000000001
36,WEAgent3,FEMALE_OLD_LOW_INCOME,301,322.8109801677816,750,322.50000000000404
36,WFAgent0,MALE_YOUNG,295,348.34304054098016,810,348.30000000000445
36,WFAgent1,FEMALE_LOW_INCOME,548,535.2962034763068,1244,534.9200000000044
36,WFAgent2,FEMALE_LOW_INCOME,548,580.9935721695883,594,580.21027817475
36,WFAgent3,YOUNG_LOW_INCOME,477,465.92643550396156,0,0.0
37,WEAgent1,YOUNG_HIGH_INCOME,97,94.41947665060934,219,94.17000000000046
37,WEAgent2,MALE_YOUNG_LOW_INCOME,230,213.2814866610332,496,213.28000000000233
37,WEAgent0,FEMALE_YOUNG_HIGH_INCOME,32,31.438001701683895,0,0.0
37,WEAgent3,YOUNG_LOW_INCOME,477,547.0820580710034,663,546.718735356159
37,WFAgent0,FEMALE_YOUNG,280,230.8917736044101,0,0.0
37,WFAgent1,FEMALE_YOUNG_HIGH_INCOME,32,32.246906403331884,74,31.819999999999993
37,WFAgent2,FEMALE_LOW_INCOME,548,620.9914666635427,1326,570.1800000000003
37,WFAgent3,FEMALE_OLD,351,316.1934481522472,428,184.04000000000187
38,WEAgent1,FEMALE_YOUNG,280,321.1404954779771,746,320.780000000004
38,WEAgent2,MALE_YOUNG_LOW_INCOME,230,219.71576950073808,231,219.2045205169025
38,WEAgent0,YOUNG_HIGH_INCOME,97,92.4902883621933,215,92.45000000000043
38,WEAgent3,YOUNG_LOW_INCOME,477,452.6431008076281,789,452.3983353795915
38,WFAgent0,OLD_LOW_INCOME,525,490.21233494825435,1140,490.2000000000067
38,WFAgent1,OLD_HIGH_INCOME,152,137.82868904231296,320,137.60000000000113
38,WFAgent2,MALE_OLD,326,343.63417858375334,799,343.57000000000437
38,WFAgent3,MALE_YOUNG_LOW_INCOME,230,264.90957881160654,279,264.7535117931421
39,WEAgent1,OLD_LOW_INCOME,525,460.77590545591653,571,460.4134592287982
39,WEAgent2,OLD_LOW_INCOME,525,438.2053975425918,524,437.3707205948966
39,WEAgent0,MALE_OLD,326,322.6666729036187,531,322.61972881414425
39,WEAgent3,MALE_HIGH_INCOME,166,162.46443803811786,377,162.11000000000152
39,WFAgent0,MALE_OLD_HIGH_INCOME,101,90.6919481474032,210,90.3000000000004
39,WFAgent1,FEMALE_OLD_HIGH_INCOME,51,52.49949123712326,122,52.45999999999998
39,WFAgent2,OLD_LOW_INCOME,525,555.8104850095984,1292,555.560000000002
39,WFAgent3,OLD_HIGH_INCOME,152,145.12037493343414,293,125.99000000000096
40,WEAgent1,FEMALE_LOW_INCOME,548,490.93793353065297,1141,490.6300000000067
40,WEAgent2,YOUNG_LOW_INCOME,477,509.91453427735166,1185,509.550000000007
40,WEAgent0,MALE_OLD_LOW_INCOME,225,215.82264464198605,501,215.43000000000237
40,WEAgent3,FEMALE_YOUNG_HIGH_INCOME,32,31.72626011724461,73,31.389999999999993
40,WFAgent0,FEMALE_HIGH_INCOME,83,73.96049335901371,172,73.96000000000014
40,WFAgent1,MALE_OLD_HIGH_INCOME,101,86.1807618593202,200,86.00000000000033
40,WFAgent2,MALE_YOUNG_HIGH_INCOME,65,62.64757799668231,145,62.34999999999997
40,WFAgent3,MALE_YOUNG_HIGH_INCOME,65,72.68711629956506,169,72.67000000000012
41,WEAgent1,MALE_HIGH_INCOME,166,154.87610388309633,360,154.8000000000014
41,WEAgent2,MALE_OLD_LOW_INCOME,225,202.3531413835893,231,201.5863230230051
41,WEAgent0,YOUNG_LOW_INCOME,477,429.91081446734864,999,429.57000000000573
41,WEAgent3,FEMALE_OLD_HIGH_INCOME,51,40.581412830942845,50,39.78569885386559
41,WFAgent0,OLD_HIGH_INCOME,152,145.63948997263196,290,145.54569669340805
41,WFAgent1,MALE_OLD,326,284.4897892012985,661,284.23000000000343
41,WFAgent2,FEMALE_HIGH_INCOME,83,85.9614290208444,199,85.57000000000032
41,WFAgent3,MALE_OLD,326,288.00104382899275,669,287.6700000000035
42,WEAgent1,MALE_LOW_INCOME,454,424.1432551724928,986,423.98000000000565
42,WEAgent2,FEMALE_YOUNG_HIGH_INCOME,32,30.49466870708479,0,0.0
42,WEAgent0,MALE_OLD,326,327.6726458623078,762,327.6600000000041
42,WEAgent3,MALE_YOUNG,295,271.1548096078039,556,270.38680615220403
42,WFAgent0,OLD_HIGH_INCOME,152,171.8890944558356,399,171.57000000000167
42,WFAgent1,FEMALE_YOUNG,280,265.8722472805576,618,265.74000000000314
42,WFAgent2,MALE_YOUNG,295,334.48151562354957,407,205.82763730607567
42,WFAgent3,OLD_LOW_INCOME,525,472.4484304403262,749,322.07000000000403
43,WEAgent1,MALE_OLD_LOW_INCOME,225,237.05930348626666,551,236.9300000000027
43,WEAgent2,YOUNG_LOW_INCOME,477,456.4140517895909,768,456.0664834002834
43,WEAgent0,FEMALE_YOUNG,280,234.32602590256369,255,233.38807703678984
43,WEAgent3,MALE_OLD,326,342.405245870156,796,342.28000000000435
43,WFAgent0,FEMALE_LOW_INCOME,548,521.7516717981471,948,407.6400000000054
43,WFAgent1,MALE_HIGH_INCOME,166,128.8657490727775,299,128.570000000001
43,WFAgent2,FEMALE_YOUNG_HIGH_INCOME,32,30.721546345900123,37,30.564831037890823
43,WFAgent3,OLD_LOW_INCOME,525,600.8764647661188,1397,600.7099999999967
44,WEAgent1,MALE_OLD,326,310.91863895315714,406,223.32172228192968
44,WEAgent2,OLD_HIGH_INCOME,152,115.75960399219787,152,115.75960399219755
44,WEAgent0,FEMALE_OLD,351,343.68334833033146,413,177.59000000000177
44,WEAgent3,MALE_OLD_HIGH_INCOME,101,84.36218811870299,110,83.77339762593257
44,WFAgent0,FEMALE_OLD,351,313.04905207912236,728,313.0400000000039
44,WFAgent1,MALE_OLD_HIGH_INCOME,101,92.39905881650458,121,92.15073738852578
44,WFAgent2,MALE_OLD_LOW_INCOME,225,208.4178311009371,484,208.12000000000225
44,WFAgent3,FEMALE_HIGH_INCOME,83,77.26942824783696,179,76.97000000000018
45,WEAgent1,FEMALE_OLD_LOW_INCOME,301,317.5058899886654,738,317.34000000000395
45,WEAgent2,MALE_HIGH_INCOME,166,189.1069555151036,439,188.77000000000194
45,WEAgent0,YOUNG_LOW_INCOME,477,455.6335350503679,1059,455.37000000000614
45,WEAgent3,MALE_OLD_HIGH_INCOME,101,70.79186501886983,164,70.52000000000008
45,WFAgent0,MALE_OLD_HIGH_INCOME,101,113.73708702689973,162,113.54734785204884
45,WFAgent1,OLD_HIGH_INCOME,152,121.47001011137874,282,121.26000000000089
45,WFAgent2,FEMALE_HIGH_INCOME,83,86.88516425798753,202,86.86000000000034
45,WFAgent3,MALE_YOUNG_HIGH_INCOME,65,60.70073592981949,58,24.939999999999998
46,WEAgent1,FEMALE_OLD,351,344.5185688076975,350,343.53703442363036
46,WEAgent2,MALE_HIGH_INCOME,166,189.3032595060292,440,189.20000000000195
46,WEAgent0,FEMALE_OLD_LOW_INCOME,301,363.73925387333236,845,363.3500000000047
46,WEAgent3,MALE_LOW_INCOME,454,488.85056918477244,1136,488.48000000000667
46,WFAgent0,FEMALE_OLD_HIGH_INCOME,51,54.709168605604226,48,20.64
46,WFAgent1,MALE_YOUNG_HIGH_INCOME,65,57.64530535870129,83,35.68999999999999
46,WFAgent2,MALE_YOUNG,295,264.8799273139944,615,264.4500000000031
46,WFAgent3,MALE_OLD,326,286.726667854386,666,286.38000000000346
47,WEAgent1,MALE_OLD_HIGH_INCOME,101,95.37319241737843,103,94.50023775828332
47,WEAgent2,OLD_HIGH_INCOME,152,162.4140955509672,377,162.11000000000152
47,WEAgent0,YOUNG_HIGH_INCOME,97,99.03845748959803,230,98.90000000000053
47,WEAgent3,MALE_OLD,326,299.6959133759044,555,299.58475456102644
47,WFAgent0,FEMALE_YOUNG_LOW_INCOME,248,259.47100803420904,603,259.29000000000303
47,WFAgent1,OLD_LOW_INCOME,525,481.67596915629827,1120,481.60000000000656
47,WFAgent2,FEMALE_HIGH_INCOME,83,76.87409475478744,30,12.900000000000004
47,WFAgent3,MALE_YOUNG_HIGH_INCOME,65,71.363200229793,165,70.95000000000009
48,WEAgent1,OLD_LOW_INCOME,525,521.3091495039417,539,521.265252299919
48,WEAgent2,OLD_LOW_INCOME,525,540.0520075633957,633,539.6642776351729
48,WEAgent0,FEMALE_OLD,351,334.9217650523928,385,165.55000000000157
48,WEAgent3,MALE_OLD_LOW_INCOME,225,217.59681218456862,225,217.59681218456754
48,WFAgent0,MALE_YOUNG_HIGH_INCOME,65,61.482445424885555,142,61.059999999999974
48,WFAgent1,FEMALE_YOUNG_LOW_INCOME,248,267.8578540811786,622,267.46000000000316
48,WFAgent2,MALE_HIGH_INCOME,166,126.11568066147976,293,125.99000000000096
48,WFAgent3,MALE_HIGH_INCOME,166,183.54905964588667,426,183.18000000000185
49,WEAgent1,MALE_OLD_HIGH_INCOME,101,107.49089817457939,249,107.07000000000066
49,WEAgent2,MALE_LOW_INCOME,454,396.74290389638105,578,396.35305506056295
49,WEAgent0,FEMALE_OLD,351,311.0674244235578,723,310.89000000000385
49,WEAgent3,FEMALE_YOUNG_LOW_INCOME,248,285.27921548716506,663,285.09000000000344
49,WFAgent0,FEMALE_OLD,351,316.7648283997812,403,222.1068216903744
49,WFAgent1,YOUNG_HIGH_INCOME,97,83.50449582787377,194,83.42000000000029
49,WFAgent2,FEMALE_YOUNG_HIGH_INCOME,32,30.693158370433764,71,30.529999999999994
49,WFAgent3,MALE_OLD_LOW_INCOME,225,249.1439335465463,285,249.0566687455254
50,WEAgent1,FEMALE_OLD_LOW_INCOME,301,320.3939956781222,745,320.350000000004
50,WEAgent2,FEMALE_OLD_HIGH_INCOME,51,44.90051483713312,64,44.74552845529777
50,WEAgent0,FEMALE_OLD_HIGH_INCOME,51,43.356876859028986,51,43.35687685902894
50,WEAgent3,MALE_YOUNG_LOW_INCOME,230,212.9973165275185,495,212.85000000000232
50,WFAgent0,FEMALE_YOUNG_LOW_INCOME,248,241.6879250530836,562,241.66000000000278
50,WFAgent1,MALE_YOUNG,295,316.7323643883019,515,221.45000000000246
50,WFAgent2,MALE_OLD_HIGH_INCOME,101,97.72880467539716,227,97.61000000000051
50,WFAgent3,FEMALE_YOUNG_LOW_INCOME,248,242.4979535283158,563,242.0900000000028
51,WEAgent1,YOUNG_LOW_INCOME,477,416.3400168498059,968,416.2400000000055
51,WEAgent2,OLD_HIGH_INCOME,152,151.17577961946378,351,150.93000000000134
51,WEAgent0,OLD_LOW_INCOME,525,566.0902768331109,1316,565.8800000000008
51,WEAgent3,MALE_YOUNG_HIGH_INCOME,65,65.25319004609584,151,64.92999999999999
51,WFAgent0,FEMALE_OLD,351,395.13894828127457,409,383.3613084607056
51,WFAgent1,YOUNG_HIGH_INCOME,97,85.7312025933987,199,85.57000000000032
51,WFAgent2,MALE_OLD_LOW_INCOME,225,220.91368192462483,453,194.79000000000204
51,WFAgent3,MALE_OLD,326,352.31631938111127,358,351.49821390673543
52,WEAgent1,FEMALE_OLD_LOW_INCOME,301,312.51401161618503,300,311.4757590859011
52,WEAgent2,OLD_LOW_INCOME,525,507.124482227967,1179,506.97000000000696
52,WEAgent0,FEMALE_YOUNG_HIGH_INCOME,32,34.6440076939156,80,34.39999999999999
52,WEAgent3,MALE_YOUNG_LOW_INCOME,230,255.64819254058284,327,255.0107810622829
52,WFAgent0,MALE_HIGH_INCOME,166,157.7001814018999,366,157.38000000000144
52,WFAgent1,MALE_LOW_INCOME,454,354.05166545038634,671,288.5300000000035
52,WFAgent2,MALE_LOW_INCOME,454,473.8453827580912,839,473.7713831288028
52,WFAgent3,OLD_LOW_INCOME,525,579.357007973623,935,579.0514863133195
53,WEAgent1,FEMALE_HIGH_INCOME,83,94.83730274070842,0,0.0
53,WEAgent2,MALE_HIGH_INCOME,166,169.28101068374988,393,168.99000000000163
53,WEAgent0,FEMALE_LOW_INCOME,548,530.0541042495026,876,529.7968242903454
53,WEAgent3,FEMALE_YOUNG,280,264.1050268964451,314,263.96048361292156
53,WFAgent0,FEMALE_OLD,351,353.4431466139027,428,184.04000000000187
53,WFAgent1,MALE_YOUNG,295,331.57447043333053,771,331.5300000000042
53,WFAgent2,OLD_LOW_INCOME,525,547.3467221063413,1272,546.960000000003
53,WFAgent3,FEMALE_YOUNG_LOW_INCOME,248,267.1391911861015,276,266.96155615485935
54,WEAgent1,FEMALE_OLD,351,394.04065414589286,368,187.868775074426
54,WEAgent2,FEMALE_HIGH_INCOME,83,85.11361941379386,197,84.7100000000003
54,WEAgent0,MALE_OLD,326,291.1015730353471,542,290.9287013172369
54,WEAgent3,OLD_HIGH_INCOME,152,165.23285839237562,185,165.19567794950623
54,WFAgent0,MALE_LOW_INCOME,454,495.9314579558565,1153,495.7900000000068
54,WFAgent1,OLD_HIGH_INCOME,152,140.69932532334647,0,0.0
54,WFAgent2,YOUNG_LOW_INCOME,477,527.8768458552747,1227,527.6100000000052
54,WFAgent3,MALE_YOUNG,295,326.0138994037107,503,216.29000000000238
55,WEAgent1,MALE_OLD_LOW_INCOME,225,206.46082003084788,480,206.40000000000222
55,WEAgent2,MALE_OLD_HIGH_INCOME,101,103.47421842613032,240,103.2000000000006
55,WEAgent0,MALE_YOUNG_HIGH_INCOME,65,78.46285843656989,182,78.2600000000002
55,WEAgent3,FEMALE_OLD,351,315.2724076279858,733,315.1900000000039
55,WFAgent0,FEMALE_OLD,351,330.63650610218235,403,260.84564167075183
55,WFAgent1,FEMALE_LOW_INCOME,548,569.9367462375667,1321,568.0300000000005
55,WFAgent2,FEMALE_OLD_LOW_INCOME,301,329.1840622387752,366,328.7455874411496
55,WFAgent3,FEMALE_YOUNG_LOW_INCOME,248,266.36963247315884,619,266.17000000000314
56,WEAgent1,MALE_OLD_HIGH_INCOME,101,111.5039699000236,143,111.2786336986663
56,WEAgent2,YOUNG_LOW_INCOME,477,475.9164480828743,1106,475.58000000000646
56,WEAgent0,FEMALE_OLD_HIGH_INCOME,51,50.20453745912002,53,49.444521071002995
56,WEAgent3,OLD_HIGH_INCOME,152,164.72459764012382,324,162.4541126276645
56,WFAgent0,FEMALE_HIGH_INCOME,83,84.7348414792834,197,84.7100000000003
56,WFAgent1,MALE_OLD_HIGH_INCOME,101,97.84253347434293,104,97.02321115819458
56,WFAgent2,FEMALE_LOW_INCOME,548,538.1871917426718,904,388.7200000000051
56,WFAgent3,MALE_OLD_HIGH_INCOME,101,94.22446468247733,219,94.17000000000046
57,WEAgent1,FEMALE_HIGH_INCOME,83,71.64713030782076,166,71.3800000000001
57,WEAgent2,MALE_OLD,326,338.867788700336,747,321.210000000004
57,WEAgent0,MALE_YOUNG_HIGH_INCOME,65,60.58298669350063,140,60.199999999999974
57,WEAgent3,MALE_OLD_LOW_INCOME,225,221.9512345142915,516,221.88000000000247
57,WFAgent0,MALE_OLD_HIGH_INCOME,101,107.83178125974877,109,107.52304249803464
57,WFAgent1,YOUNG_HIGH_INCOME,97,109.47550566209337,254,109.2200000000007
57,WFAgent2,FEMALE_YOUNG,280,246.48964278147767,573,246.39000000000286
57,WFAgent3,YOUNG_LOW_INCOME,477,492.6663221659656,1145,492.35000000000673
58,WEAgent1,OLD_LOW_INCOME,525,564.4718779387445,687,413.12718127984203
58,WEAgent2,MALE_OLD_LOW_INCOME,225,226.58512641158603,224,225.57808140531333
58,WEAgent0,MALE_HIGH_INCOME,166,198.323194672367,461,198.2300000000021
58,WEAgent3,YOUNG_LOW_INCOME,477,475.73609631361165,1106,475.58000000000646
58,WFAgent0,FEMALE_HIGH_INCOME,83,85.75813277085213,199,85.57000000000032
58,WFAgent1,MALE_OLD_LOW_INCOME,225,241.17466353009667,239,240.68375649941925
58,WFAgent2,MALE_YOUNG,295,324.485103515206,24,10.320000000000006
58,WFAgent3,OLD_LOW_INCOME,525,568.4262760972491,564,567.9733835383752
59,WEAgent1,FEMALE_OLD_HIGH_INCOME,51,58.61474479820808,136,58.479999999999976
59,WEAgent2,MALE_OLD,326,304.48728875481663,708,304.44000000000375
59,WEAgent0,FEMALE_YOUNG,280,272.45893890917785,633,272.19000000000324
59,WEAgent3,MALE_OLD_LOW_INCOME,225,213.67934142094168,496,213.28000000000233
59,WFAgent0,YOUNG_LOW_INCOME,477,515.3425221859092,700,515.0384650656426
59,WFAgent1,OLD_HIGH_INCOME,152,115.11745221226255,267,114.81000000000078
59,WFAgent2,MALE_YOUNG_LOW_INCOME,230,234.25745320891232,544,233.92000000000266
59,WFAgent3,FEMALE_YOUNG,280,206.01538602625817,479,205.97000000000222
60,WEAgent1,FEMALE_YOUNG_LOW_INCOME,248,235.04934194374954,546,234.78000000000267
60,WEAgent2,MALE_YOUNG_HIGH_INCOME,65,61.094748177369375,65,61.094748177369375
60,WEAgent0,MALE_YOUNG_HIGH_INCOME,65,73.49761704156666,106,73.11563694735315
60,WEAgent3,FEMALE_OLD,351,309.4220479171287,428,184.04000000000187
60,WFAgent0,FEMALE_OLD_LOW_INCOME,301,291.56040041507754,678,291.54000000000354
60,WFAgent1,MALE_OLD_LOW_INCOME,225,243.82527270927343,567,243.81000000000282
60,WFAgent2,YOUNG_LOW_INCOME,477,413.36013796771573,961,413.2300000000055
60,WFAgent3,FEMALE_YOUNG_HIGH_INCOME,32,31.174218589956435,72,30.959999999999994
61,WEAgent1,FEMALE_HIGH_INCOME,83,79.24037445585434,89,78.9336646229797
61,WEAgent2,MALE_OLD_HIGH_INCOME,101,98.71312776023353,229,98.47000000000052
61,WEAgent0,OLD_HIGH_INCOME,152,134.8080564347516,122,90.38229397423976
61,WEAgent3,FEMALE_YOUNG_HIGH_INCOME,32,28.562580317393525,66,28.379999999999995
61,WFAgent0,OLD_HIGH_INCOME,152,153.0604793375432,172,152.54595859721894
61,WFAgent1,MALE_LOW_INCOME,454,489.67541695784854,1138,489.3400000000067
61,WFAgent2,FEMALE_LOW_INCOME,548,524.1089569236531,1218,523.7400000000057
61,WFAgent3,MALE_YOUNG_HIGH_INCOME,65,61.73939776975903,143,61.489999999999974
62,WEAgent1,FEMALE_YOUNG,280,294.0245440602745,646,293.9022790913144
62,WEAgent2,FEMALE_OLD_LOW_INCOME,301,280.65604804709426,652,280.36000000000337
62,WEAgent0,MALE_YOUNG,295,303.950365186103,564,242.5200000000028
62,WEAgent3,MALE_OLD_HIGH_INCOME,101,106.41247372788692,247,106.21000000000065
62,WFAgent0,FEMALE_YOUNG_HIGH_INCOME,32,34.21629354096261,32,33.60280503545994
62,WFAgent1,MALE_YOUNG_LOW_INCOME,230,225.80171800885554,525,225.75000000000253
62,WFAgent2,OLD_HIGH_INCOME,152,143.0206493255485,332,142.7600000000012
62,WFAgent3,MALE_OLD,326,306.33051435518195,712,306.1600000000038
63,WEAgent1,OLD_LOW_INCOME,525,563.0771708738577,910,562.9390135089982
63,WEAgent2,MALE_YOUNG_LOW_INCOME,230,228.03869800409603,530,227.90000000000256
63,WEAgent0,FEMALE_YOUNG_LOW_INCOME,248,259.7405058103444,604,259.72000000000304
63,WEAgent3,OLD_LOW_INCOME,525,405.9709641844485,524,405.1976861574347
63,WFAgent0,MALE_YOUNG_HIGH_INCOME,65,69.82457346002268,162,69.66000000000007
63,WFAgent1,MALE_OLD_LOW_INCOME,225,215.75906618786055,279,215.74456953802058
63,WFAgent2,FEMALE_OLD_LOW_INCOME,301,274.1247020535847,637,273.91000000000327
63,WFAgent3,FEMALE_HIGH_INCOME,83,90.28012511163803,209,89.87000000000039
64,WEAgent1,FEMALE_YOUNG_LOW_INCOME,248,290.43832163901004,675,290.2500000000035
64,WEAgent2,MALE_YOUNG_LOW_INCOME,230,214.53962293192998,230,214.53962293192976
64,WEAgent0,MALE_YOUNG_LOW_INCOME,230,261.2702444984276,342,261.19128002412276
64,WEAgent3,YOUNG_HIGH_INCOME,97,100.97483360425743,234,100.62000000000056
64,WFAgent0,MALE_OLD,326,340.3159179023955,789,339.2700000000043
64,WFAgent1,MALE_YOUNG,295,331.3867686433575,355,331.1372440905895
64,WFAgent2,MALE_LOW_INCOME,454,439.7963672604131,1022,439.4600000000059
64,WFAgent3,OLD_LOW_INCOME,525,620.367808372482,1442,620.0599999999945
65,WEAgent1,MALE_YOUNG,295,327.0035834772578,416,234.92812721951088
65,WEAgent2,YOUNG_HIGH_INCOME,97,107.60566846012208,106,107.46647380487423
65,WEAgent0,FEMALE_HIGH_INCOME,83,84.14827665853352,195,83.85000000000029
65,WEAgent3,MALE_LOW_INCOME,454,482.8237265231762,1122,482.4600000000066
65,WFAgent0,MALE_LOW_INCOME,454,391.9609442325463,911,391.73000000000513
65,WFAgent1,FEMALE_OLD_LOW_INCOME,301,302.32698590494965,703,302.2900000000037
65,WFAgent2,FEMALE_YOUNG_LOW_INCOME,248,272.00251371100444,632,271.76000000000323
65,WFAgent3,MALE_LOW_INCOME,454,515.971421566147,597,515.4200081648213
66,WEAgent1,YOUNG_LOW_INCOME,477,432.3660848506927,1005,432.1500000000058
66,WEAgent2,MALE_HIGH_INCOME,166,192.52635537773114,227,192.21630968592336
66,WEAgent0,FEMALE_YOUNG_HIGH_INCOME,32,37.63073668614058,0,0.0
66,WEAgent3,MALE_OLD,326,276.0463302097403,447,275.98034469987215
66,WFAgent0,FEMALE_YOUNG,280,297.79550982292704,692,297.56000000000364
66,WFAgent1,FEMALE_HIGH_INCOME,83,88.22493069234233,205,88.15000000000036
66,WFAgent2,MALE_HIGH_INCOME,166,174.1541695950029,405,174.1500000000017
66,WFAgent3,FEMALE_HIGH_INCOME,83,88.96168196632374,206,88.58000000000037
67,WEAgent1,FEMALE_OLD_LOW_INCOME,301,295.6102566980882,687,295.4100000000036
67,WEAgent2,MALE_OLD_HIGH_INCOME,101,104.09967036740396,242,104.06000000000061
67,WEAgent0,MALE_YOUNG_HIGH_INCOME,65,62.17655638175191,64,61.21999397587886
67,WEAgent3,MALE_YOUNG_HIGH_INCOME,65,79.64551640793752,109,79.51686916413288
67,WFAgent0,OLD_HIGH_INCOME,152,132.32514140368133,307,132.01000000000104
67,WFAgent1,YOUNG_HIGH_INCOME,97,93.36597848470286,217,93.31000000000044
67,WFAgent2,OLD_LOW_INCOME,525,524.716392256474,1220,524.6000000000056
67,WFAgent3,YOUNG_HIGH_INCOME,97,75.7425191500115,176,75.68000000000016
68,WEAgent1,MALE_OLD,326,332.85761083444095,572,332.4278206271446
68,WEAgent2,FEMALE_OLD_HIGH_INCOME,51,50.031906365707826,116,49.87999999999998
68,WEAgent0,FEMALE_YOUNG_HIGH_INCOME,32,28.39060107735574,66,28.379999999999995
68,WEAgent3,MALE_HIGH_INCOME,166,172.9196507055088,181,172.11117791272713
68,WFAgent0,FEMALE_LOW_INCOME,548,618.2856363887695,1437,617.9099999999947
68,WFAgent1,OLD_LOW_INCOME,525,499.2175049954782,1160,498.80000000000683
68,WFAgent2,FEMALE_OLD_LOW_INCOME,301,341.67623074082275,794,341.42000000000434
68,WFAgent3,MALE_OLD_LOW_INCOME,225,214.26014086615953,498,214.14000000000235
69,WEAgent1,FEMALE_LOW_INCOME,548,528.8560234150636,912,528.6017627205141
69,WEAgent2,FEMALE_OLD_LOW_INCOME,301,298.37646977231924,693,297.99000000000365
69,WEAgent0,FEMALE_YOUNG_LOW_INCOME,248,255.82519275364965,265,255.7424200821005
69,WEAgent3,FEMALE_YOUNG_HIGH_INCOME,32,32.70670127030259,76,32.67999999999999
69,WFAgent0,OLD_HIGH_INCOME,152,142.71884493977876,331,142.3300000000012
69,WFAgent1,FEMALE_YOUNG_LOW_INCOME,248,304.2140738097566,315,303.99570689004366
69,WFAgent2,FEMALE_HIGH_INCOME,83,74.29452889021393,172,73.96000000000014
69,WFAgent3,FEMALE_OLD,351,352.2975878115297,402,172.8600000000017
70,WEAgent1,FEMALE_OLD_HIGH_INCOME,51,48.08048306582104,111,47.72999999999998
70,WEAgent2,MALE_LOW_INCOME,454,448.45304524332096,1042,448.060000000006
70,WEAgent0,FEMALE_YOUNG_LOW_INCOME,248,214.0821063330325,497,213.71000000000234
70,WEAgent3,FEMALE_OLD_LOW_INCOME,301,327.77811624044915,762,327.6600000000041
70,WFAgent0,FEMALE_OLD,351,344.7162814146559,801,344.4300000000044
70,WFAgent1,MALE_YOUNG,295,294.21725020293934,492,211.5600000000023
70,WFAgent2,FEMALE_YOUNG,280,305.59784341539654,398,305.0093986165629
70,WFAgent3,FEMALE_YOUNG,280,322.271332977263,373,321.98639379928113
71,WEAgent1,FEMALE_OLD,351,323.25907762668373,425,182.75000000000185
71,WEAgent2,FEMALE_YOUNG_HIGH_INCOME,32,33.01484580681435,0,0.0
71,WEAgent0,MALE_LOW_INCOME,454,543.433652041988,1263,543.0900000000034
71,WEAgent3,FEMALE_HIGH_INCOME,83,70.10272608505369,0,0.0
71,WFAgent0,YOUNG_LOW_INCOME,477,439.9250586667042,1023,439.8900000000059
71,WFAgent1,FEMALE_YOUNG,280,293.4096793363679,682,293.2600000000036
71,WFAgent2,MALE_HIGH_INCOME,166,153.76248076294462,106,45.579999999999984
71,WFAgent3,MALE_HIGH_INCOME,166,174.53692479563335,405,174.1500000000017
72,WEAgent1,FEMALE_OLD_LOW_INCOME,301,342.27334966170633,795,341.85000000000434
72,WEAgent2,FEMALE_LOW_INCOME,548,443.93863145110777,1032,443.76000000000596
72,WEAgent0,FEMALE_YOUNG_HIGH_INCOME,32,33.879147609114945,78,33.53999999999999
72,WEAgent3,MALE_LOW_INCOME,454,466.09246118837655,730,466.0420211520634
72,WFAgent0,MALE_OLD_LOW_INCOME,225,253.09384151625713,246,252.55230275845807
72,WFAgent1,MALE_LOW_INCOME,454,531.0750388535317,1235,531.0500000000048
72,WFAgent2,YOUNG_HIGH_INCOME,97,106.32963215414543,247,106.21000000000065
72,WFAgent3,FEMALE_OLD,351,355.5836749423278,388,166.8400000000016
73,WEAgent1,FEMALE_LOW_INCOME,548,527.8448012306955,1227,527.6100000000052
73,WEAgent2,MALE_YOUNG_LOW_INCOME,230,167.44383638253237,389,167.2700000000016
73,WEAgent0,MALE_OLD_HIGH_INCOME,101,104.63057208387258,105,103.71464668805744
73,WEAgent3,MALE_OLD_HIGH_INCOME,101,99.76361252851254,112,99.47378566953623
73,WFAgent0,MALE_OLD,326,324.15031521478323,332,323.58894165759045
73,WFAgent1,FEMALE_OLD_LOW_INCOME,301,333.7483017959467,776,333.6800000000042
73,WFAgent2,OLD_LOW_INCOME,525,511.69938063323553,279,119.97000000000087
73,WFAgent3,OLD_LOW_INCOME,525,514.659784497446,1196,514.2800000000068
74,WEAgent1,MALE_OLD_LOW_INCOME,225,220.9561695939657,513,220.59000000000245
74,WEAgent2,MALE_YOUNG_LOW_INCOME,230,222.67012071195836,517,222.31000000000247
74,WEAgent0,OLD_HIGH_INCOME,152,109.19690856739804,170,109.15008928240017
74,WEAgent3,FEMALE_HIGH_INCOME,83,90.85425568986227,126,90.51848999665907
74,WFAgent0,FEMALE_YOUNG,280,302.43923356277054,703,302.2900000000037
74,WFAgent1,MALE_YOUNG_HIGH_INCOME,65,71.25001591492487,165,70.95000000000009
74,WFAgent2,MALE_HIGH_INCOME,166,164.18155881269138,335,144.05000000000123
74,WFAgent3,YOUNG_LOW_INCOME,477,446.0483443846521,1037,445.910000000006
75,WEAgent1,MALE_HIGH_INCOME,166,146.80584225585514,166,146.80584225585503
75,WEAgent2,MALE_HIGH_INCOME,166,153.0247787904183,181,152.80146971214518
75,WEAgent0,FEMALE_OLD_HIGH_INCOME,51,50.977353754808036,118,50.73999999999998
75,WEAgent3,YOUNG_HIGH_INCOME,97,108.20808984253344,122,107.89345033261655
75,WFAgent0,OLD_HIGH_INCOME,152,154.21379251276002,358,153.9400000000014
75,WFAgent1,MALE_YOUNG_LOW_INCOME,230,218.8932694832472,509,218.87000000000242
75,WFAgent2,OLD_LOW_INCOME,525,447.6082784301667,1040,447.200000000006
75,WFAgent3,MALE_OLD_LOW_INCOME,225,246.91001528823932,574,246.82000000000286
76,WEAgent1,FEMALE_OLD_LOW_INCOME,301,321.23089561902594,747,321.210000000004
76,WEAgent2,MALE_LOW_INCOME,454,419.87337064820156,516,419.093470822301
76,WEAgent0,OLD_LOW_INCOME,525,426.4032406622217,532,426.35566747118156
76,WEAgent3,YOUNG_HIGH_INCOME,97,105.82374350131573,246,105.78000000000064
76,WFAgent0,MALE_YOUNG_LOW_INCOME,230,198.05146092895606,460,197.8000000000021
76,WFAgent1,FEMALE_OLD_HIGH_INCOME,51,51.15611413267099,118,50.73999999999998
76,WFAgent2,FEMALE_YOUNG_HIGH_INCOME,32,32.586263756313414,1,0.4300000000000002
76,WFAgent3,MALE_OLD_HIGH_INCOME,101,117.38360222517021,272,116.96000000000082
77,WEAgent1,MALE_YOUNG_LOW_INCOME,230,231.91988697973986,236,231.26060836491536
77,WEAgent2,OLD_LOW_INCOME,525,513.953757779736,1195,513.8500000000068
77,WEAgent0,MALE_HIGH_INCOME,166,167.66860968458107,389,167.2700000000016
77,WEAgent3,YOUNG_LOW_INCOME,477,527.8913105552515,942,527.6916765482067
77,WFAgent0,FEMALE_LOW_INCOME,548,536.9949719659921,1248,536.6400000000042
77,WFAgent1,MALE_YOUNG_HIGH_INCOME,65,72.90982090433135,80,72.5567946612846
77,WFAgent2,YOUNG_HIGH_INCOME,97,108.37728086101409,252,108.36000000000068
77,WFAgent3,MALE_HIGH_INCOME,166,150.5553489221655,48,20.64
78,WEAgent1,YOUNG_LOW_INCOME,477,441.3650589094776,477,441.36505890947336
78,WEAgent2,MALE_YOUNG,295,277.43284528081807,509,218.87000000000242
78,WEAgent0,MALE_LOW_INCOME,454,400.4820213736275,454,400.4820213736237
78,WEAgent3,FEMALE_LOW_INCOME,548,512.3344589263673,628,512.2385824040521
78,WFAgent0,FEMALE_YOUNG_LOW_INCOME,248,265.1161344804941,286,264.6339766207774
78,WFAgent1,MALE_LOW_INCOME,454,507.59676701935075,1180,507.40000000000697
78,WFAgent2,FEMALE_OLD_LOW_INCOME,301,283.1272985412385,658,282.9400000000034
78,WFAgent3,MALE_OLD_HIGH_INCOME,101,99.10901612256716,230,98.90000000000053
79,WEAgent1,MALE_YOUNG_HIGH_INCOME,65,56.622513558652095,64,55.75139796544214
79,WEAgent2,MALE_LOW_INCOME,454,381.1591438132402,886,380.98000000000496
79,WEAgent0,FEMALE_OLD_LOW_INCOME,301,349.46306428067777,812,349.16000000000446
79,WEAgent3,MALE_OLD,326,319.83416138576956,743,319.490000000004
79,WFAgent0,OLD_HIGH_INCOME,152,132.81771104172967,308,132.44000000000105
79,WFAgent1,FEMALE_YOUNG,280,275.00349452783536,639,274.7700000000033
79,WFAgent2,FEMALE_YOUNG_LOW_INCOME,248,287.9440688574944,669,287.6700000000035
79,WFAgent3,MALE_HIGH_INCOME,166,162.37104539534113,377,162.11000000000152
80,WEAgent1,FEMALE_LOW_INCOME,548,486.59967904297343,814,486.4907743700887
80,WEAgent2,FEMALE_YOUNG,280,309.44910948319387,389,309.23624179438315
80,WEAgent0,OLD_HIGH_INCOME,152,161.1303162899372,181,160.7199669831725
80,WEAgent3,MALE_OLD,326,311.3899484663805,546,311.25858832149316
80,WFAgent0,MALE_YOUNG_HIGH_INCOME,65,62.62899643901934,138,59.339999999999975
80,WFAgent1,OLD_HIGH_INCOME,152,153.8875250818739,357,153.51000000000138
80,WFAgent2,FEMALE_HIGH_INCOME,83,75.47807026756361,44,18.92
80,WFAgent3,MALE_HIGH_INCOME,166,168.59660325469488,392,168.56000000000162
81,WEAgent1,FEMALE_OLD_LOW_INCOME,301,351.01141614187964,374,350.48426524478873
81,WEAgent2,FEMALE_OLD_HIGH_INCOME,51,52.80522394407205,122,52.45999999999998
81,WEAgent0,YOUNG_LOW_INCOME,477,546.7679652843906,1017,546.4865678752118
81,WEAgent3,MALE_YOUNG_LOW_INCOME,230,200.1524621423335,230,200.15246214233306
81,WFAgent0,OLD_LOW_INCOME,525,491.9899445281149,1144,491.9200000000067
81,WFAgent1,FEMALE_OLD_HIGH_INCOME,51,52.33531690664476,121,52.02999999999998
81,WFAgent2,FEMALE_OLD_LOW_INCOME,301,282.28409020860386,656,282.0800000000034
81,WFAgent3,YOUNG_HIGH_INCOME,97,96.29833007744699,223,95.89000000000048
82,WEAgent1,FEMALE_OLD_LOW_INCOME,301,301.96560537182387,702,301.8600000000037
82,WEAgent2,MALE_YOUNG_LOW_INCOME,230,231.56421395270945,538,231.34000000000262
82,WEAgent0,FEMALE_OLD,351,382.6294741606906,416,178.8800000000018
82,WEAgent3,FEMALE_YOUNG_HIGH_INCOME,32,29.83745117346804,32,29.83745117346803
82,WFAgent0,MALE_YOUNG,295,317.1512380312171,512,220.16000000000244
82,WFAgent1,MALE_OLD_HIGH_INCOME,101,96.03231380895322,223,95.89000000000048
82,WFAgent2,FEMALE_YOUNG_HIGH_INCOME,32,36.12911350072676,54,35.780508729271894
82,WFAgent3,YOUNG_LOW_INCOME,477,475.5819633868793,1106,475.58000000000646
83,WEAgent1,MALE_YOUNG,295,295.4444704946601,538,231.34000000000262
83,WEAgent2,FEMALE_YOUNG,280,283.95606920849036,360,283.5806785189739
83,WEAgent0,YOUNG_LOW_INCOME,477,437.7932714149607,476,436.8754658145137
83,WEAgent3,FEMALE_LOW_INCOME,548,512.7250139098635,676,512.6315482050512
83,WFAgent0,FEMALE_LOW_INCOME,548,570.518753930273,1326,570.1800000000003
83,WFAgent1,FEMALE_HIGH_INCOME,83,91.86781130362345,213,91.59000000000042
83,WFAgent2,FEMALE_OLD_HIGH_INCOME,51,47.12052884544736,109,46.86999999999998
83,WFAgent3,MALE_OLD_HIGH_INCOME,101,97.22912791191953,226,97.1800000000005
84,WEAgent1,FEMALE_HIGH_INCOME,83,89.7914151199134,107,88.99535564006449
84,WEAgent2,FEMALE_HIGH_INCOME,83,95.30557233756134,116,95.27574941427376
84,WEAgent0,MALE_OLD_HIGH_INCOME,101,110.56973623132966,132,109.78866303260304
84,WEAgent3,MALE_YOUNG,295,299.69699161440667,479,205.97000000000222
84,WFAgent0,OLD_LOW_INCOME,525,506.5498400712426,1178,506.54000000000696
84,WFAgent1,OLD_HIGH_INCOME,152,126.42330894663353,294,126.42000000000097
84,WFAgent2,MALE_OLD_HIGH_INCOME,101,96.9748773731017,225,96.7500000000005
84,WFAgent3,FEMALE_LOW_INCOME,548,467.66117974441886,1087,467.41000000000633
85,WEAgent1,MALE_LOW_INCOME,454,415.5138730751836,454,415.5138730751799
85,WEAgent2,MALE_OLD_HIGH_INCOME,101,103.82989636049494,241,103.6300000000006
85,WEAgent0,YOUNG_LOW_INCOME,477,359.80135518253974,476,359.0470546475664
85,WEAgent3,MALE_YOUNG_HIGH_INCOME,65,70.05348045909473,162,69.66000000000007
85,WFAgent0,MALE_YOUNG_LOW_INCOME,230,234.30239277211467,544,233.92000000000266
85,WFAgent1,FEMALE_YOUNG_LOW_INCOME,248,259.62176934808286,603,259.29000000000303
85,WFAgent2,FEMALE_OLD_HIGH_INCOME,51,60.512191265002556,140,60.199999999999974
85,WFAgent3,MALE_OLD,326,360.15616597900475,837,359.91000000000463
86,WEAgent1,MALE_YOUNG_HIGH_INCOME,65,70.5457768186046,164,70.52000000000008
86,WEAgent2,FEMALE_YOUNG_HIGH_INCOME,32,35.004279700570606,81,34.82999999999999
86,WEAgent0,OLD_LOW_INCOME,525,488.1249343075761,1135,488.05000000000666
86,WEAgent3,FEMALE_LOW_INCOME,548,641.1170862762044,1490,640.6999999999921
86,WFAgent0,FEMALE_YOUNG_HIGH_INCOME,32,34.48647214151916,80,34.39999999999999
86,WFAgent1,MALE_OLD_LOW_INCOME,225,188.47323816486295,438,188.34000000000194
86,WFAgent2,MALE_YOUNG_LOW_INCOME,230,243.29604993297903,565,242.9500000000028
86,WFAgent3,MALE_HIGH_INCOME,166,135.78588678887,315,135.4500000000011
87,WEAgent1,MALE_YOUNG_LOW_INCOME,230,210.9039290030903,490,210.7000000000023
87,WEAgent2,MALE_OLD,326,304.6637209761479,708,304.44000000000375
87,WEAgent0,FEMALE_YOUNG_LOW_INCOME,248,232.39630047100115,248,232.3963004710005
87,WEAgent3,FEMALE_OLD_LOW_INCOME,301,245.80853747631716,301,245.8085374763165
87,WFAgent0,MALE_YOUNG,295,273.0516202202243,540,232.20000000000263
87,WFAgent1,FEMALE_OLD_LOW_INCOME,301,281.9719657188748,363,281.7478893016708
87,WFAgent2,FEMALE_YOUNG_LOW_INCOME,248,282.37259941324197,339,282.17501946249695
87,WFAgent3,MALE_LOW_INCOME,454,450.299947725316,491,450.23403974137887
88,WEAgent1,MALE_OLD_HIGH_INCOME,101,99.96154899148465,232,99.76000000000055
88,WEAgent2,FEMALE_OLD_HIGH_INCOME,51,43.08360179911497,100,42.999999999999986
88,WEAgent0,MALE_YOUNG_HIGH_INCOME,65,74.62522034782006,104,74.19582984145246
88,WEAgent3,MALE_YOUNG_HIGH_INCOME,65,62.16301678025713,64,61.206662675945516
88,WFAgent0,FEMALE_YOUNG_LOW_INCOME,248,271.0736311528833,630,270.9000000000032
88,WFAgent1,MALE_YOUNG,295,287.2924348680219,668,287.2400000000035
88,WFAgent2,MALE_LOW_INCOME,454,375.9375541492333,874,375.8200000000049
88,WFAgent3,MALE_OLD_HIGH_INCOME,101,78.49439092108364,182,78.2600000000002
89,WEAgent1,FEMALE_HIGH_INCOME,83,66.40213884220566,154,66.22000000000001
89,WEAgent2,MALE_YOUNG_LOW_INCOME,230,222.81122493418454,518,222.74000000000248
89,WEAgent0,MALE_YOUNG_HIGH_INCOME,65,62.980960741556615,146,62.77999999999997
89,WEAgent3,MALE_OLD_HIGH_INCOME,101,97.55685350311218,226,97.1800000000005
89,WFAgent0,FEMALE_LOW_INCOME,548,545.9771868127164,1269,545.6700000000031
89,WFAgent1,MALE_YOUNG,295,299.98030229752254,416,299.86868885301885
89,WFAgent2,MALE_YOUNG_LOW_INCOME,230,165.7927847023908,385,165.55000000000157
89,WFAgent3,OLD_HIGH_INCOME,152,130.19226366505893,302,129.860000000001
90,WEAgent1,FEMALE_LOW_INCOME,548,505.4132079864149,1175,505.25000000000693
90,WEAgent2,FEMALE_OLD,351,397.770283951461,408,175.44000000000173
90,WEAgent0,MALE_YOUNG_LOW_INCOME,230,195.01775323125966,453,194.79000000000204
90,WEAgent3,MALE_YOUNG,295,355.9891816275805,525,225.75000000000253
90,WFAgent0,FEMALE_OLD,351,368.26781631557617,856,368.08000000000476
90,WFAgent1,YOUNG_HIGH_INCOME,97,85.93108162690397,0,0.0
90,WFAgent2,FEMALE_HIGH_INCOME,83,90.77576884381119,211,90.7300000000004
90,WFAgent3,FEMALE_HIGH_INCOME,83,79.8710409602182,0,0.0
91,WEAgent1,FEMALE_OLD_HIGH_INCOME,51,50.94812267751987,118,50.73999999999998
91,WEAgent2,MALE_YOUNG,295,280.67845511973724,491,211.1300000000023
91,WEAgent0,MALE_OLD_HIGH_INCOME,101,90.11588807141611,209,89.87000000000039
91,WEAgent3,FEMALE_YOUNG_HIGH_INCOME,32,34.99492586834341,81,34.82999999999999
91,WFAgent0,FEMALE_OLD,351,345.9553306760345,278,119.54000000000086
91,WFAgent1,MALE_YOUNG_LOW_INCOME,230,252.37600761819198,586,251.98000000000295
91,WFAgent2,MALE_YOUNG_LOW_INCOME,230,192.3545504605086,447,192.210000000002
91,WFAgent3,FEMALE_YOUNG_LOW_INCOME,248,237.6332470783765,552,237.3600000000027
92,WEAgent1,MALE_LOW_INCOME,454,491.64289668613213,522,491.38010341683275
92,WEAgent2,FEMALE_YOUNG,280,271.37149786685484,538,270.70042622957493
92,WEAgent0,MALE_YOUNG,295,304.0440022440276,484,208.12000000000225
92,WEAgent3,MALE_YOUNG_HIGH_INCOME,65,60.13136962441626,0,0.0
92,WFAgent0,MALE_LOW_INCOME,454,480.1671037250688,478,479.92238587794816
92,WFAgent1,MALE_YOUNG_HIGH_INCOME,65,70.29687464906243,72,69.78124230861975
92,WFAgent2,OLD_LOW_INCOME,525,527.1114070835155,770,331.1000000000042
92,WFAgent3,YOUNG_HIGH_INCOME,97,101.9662833009437,211,90.7300000000004
93,WEAgent1,YOUNG_HIGH_INCOME,97,96.05558618711078,223,95.89000000000048
93,WEAgent2,FEMALE_YOUNG,280,289.527729279858,673,289.3900000000035
93,WEAgent0,FEMALE_OLD_LOW_INCOME,301,257.42312029781283,598,257.140000000003
93,WEAgent3,FEMALE_OLD_HIGH_INCOME,51,53.066612754383904,123,52.88999999999998
93,WFAgent0,OLD_HIGH_INCOME,152,141.63087382005605,298,128.14000000000098
93,WFAgent1,YOUNG_LOW_INCOME,477,462.2554708216645,1075,462.25000000000625
93,WFAgent2,MALE_OLD_HIGH_INCOME,101,118.61759096479999,275,118.25000000000084
93,WFAgent3,MALE_HIGH_INCOME,166,150.22160803653776,289,124.27000000000093
94,WEAgent1,YOUNG_HIGH_INCOME,97,106.04101974687433,121,94.7689876723031
94,WEAgent2,YOUNG_HIGH_INCOME,97,75.97183309267281,91,71.27254444776526
94,WEAgent0,FEMALE_YOUNG_LOW_INCOME,248,213.47774032151662,496,213.28000000000233
94,WEAgent3,FEMALE_OLD_LOW_INCOME,301,246.3768909917921,300,245.55836311474425
94,WFAgent0,FEMALE_LOW_INCOME,548,558.3883572449946,1049,558.3036940655638
94,WFAgent1,MALE_YOUNG_HIGH_INCOME,65,68.19231477997528,158,67.94000000000004
94,WFAgent2,FEMALE_YOUNG_HIGH_INCOME,32,32.67680094185652,41,32.111805740201895
94,WFAgent3,YOUNG_LOW_INCOME,477,437.5231907523754,1017,437.31000000000586
95,WEAgent1,FEMALE_OLD_LOW_INCOME,301,319.51406401339176,743,319.490000000004
95,WEAgent2,OLD_HIGH_INCOME,152,166.1966253102336,293,165.71076256304517
95,WEAgent0,FEMALE_HIGH_INCOME,83,84.90221588939441,97,84.56661223907355
95,WEAgent3,FEMALE_YOUNG_LOW_INCOME,248,262.67277644464554,610,262.3000000000031
95,WFAgent0,YOUNG_LOW_INCOME,477,499.9242885429662,1162,499.66000000000685
95,WFAgent1,MALE_YOUNG_LOW_INCOME,230,242.06315252003742,562,241.66000000000278
95,WFAgent2,OLD_HIGH_INCOME,152,144.8015251260876,0,0.0
95,WFAgent3,FEMALE_HIGH_INCOME,83,91.46578442307879,96,91.45359481647623
96,WEAgent1,FEMALE_OLD_LOW_INCOME,301,364.6292680676192,847,364.2100000000047
96,WEAgent2,FEMALE_LOW_INCOME,548,541.5292981909535,741,541.4118489475703
96,WEAgent0,YOUNG_LOW_INCOME,477,440.213853867241,477,440.21385386723847
96,WEAgent3,OLD_HIGH_INCOME,152,131.98882925255924,306,131.58000000000104
96,WFAgent0,MALE_OLD,326,311.0662534212351,723,310.89000000000385
96,WFAgent1,FEMALE_OLD,351,299.8560380762469,697,299.7100000000037
96,WFAgent2,OLD_HIGH_INCOME,152,138.64383855455978,245,105.35000000000063
96,WFAgent3,OLD_HIGH_INCOME,152,139.13836935191043,160,138.93560973953586
97,WEAgent1,OLD_LOW_INCOME,525,650.9428523977666,1513,650.5899999999909
97,WEAgent2,MALE_HIGH_INCOME,166,182.82529470380118,425,182.75000000000185
97,WEAgent0,YOUNG_LOW_INCOME,477,522.3929617111123,1214,522.0200000000059
97,WEAgent3,FEMALE_OLD_HIGH_INCOME,51,50.7384108040704,117,50.30999999999998
97,WFAgent0,FEMALE_YOUNG_LOW_INCOME,248,253.09522574103872,588,252.84000000000296
97,WFAgent1,FEMALE_YOUNG_HIGH_INCOME,32,26.37704913417669,61,26.229999999999997
97,WFAgent2,FEMALE_OLD,351,387.5033209053904,901,387.43000000000507
97,WFAgent3,MALE_YOUNG,295,283.0016558894942,587,252.41000000000295
98,WEAgent1,OLD_LOW_INCOME,525,573.5442621914577,1333,573.1899999999999
98,WEAgent2,FEMALE_YOUNG,280,263.4855260761983,341,263.1370421547077
98,WEAgent0,OLD_HIGH_INCOME,152,107.71141388517805,144,102.04239210174799
98,WEAgent3,FEMALE_YOUNG_LOW_INCOME,248,238.57491531674566,247,237.61291969046854
98,WFAgent0,MALE_HIGH_INCOME,166,174.82213066116552,406,174.58000000000172
98,WFAgent1,OLD_LOW_INCOME,525,515.1770671416027,473,203.39000000000217
98,WFAgent2,FEMALE_OLD_HIGH_INCOME,51,63.81938704014172,90,63.776495063592265
98,WFAgent3,OLD_HIGH_INCOME,152,151.7664683258662,158,111.96318022275133
99,WEAgent1,FEMALE_OLD_HIGH_INCOME,51,51.24362733376787,0,0.0
99,WEAgent2,FEMALE_OLD,351,375.173936395181,366,189.5892884124859
99,WEAgent0,FEMALE_OLD,351,322.2248520118467,692,321.9609760700673
99,WEAgent3,FEMALE_HIGH_INCOME,83,82.80380816925724,0,0.0
99,WFAgent0,FEMALE_YOUNG,280,325.99712900217355,758,325.9400000000041
99,WFAgent1,MALE_YOUNG_LOW_INCOME,230,229.0063213070567,532,228.76000000000258
99,WFAgent2,MALE_YOUNG_HIGH_INCOME,65,58.75125831832344,136,58.479999999999976
99,WFAgent3,YOUNG_LOW_INCOME,477,417.512271477932,970,417.10000000000554

